2026-05-26 14:17:48 [main] INFO  com.accounting.AccountingApplication - Starting AccountingApplication using Java 11 on MSI with PID 27964 (D:\Aijava\javaproject\260509\solocodeJava\v70\appsysjava70\backend\target\classes started by 20807 in D:\Aijava\javaproject\260509\solocodeJava\v70\appsysjava70\backend)
2026-05-26 14:17:48 [main] DEBUG com.accounting.AccountingApplication - Running with Spring Boot v2.7.18, Spring v5.3.31
2026-05-26 14:17:48 [main] INFO  com.accounting.AccountingApplication - No active profile set, falling back to 1 default profile: "default"
2026-05-26 14:17:49 [main] INFO  o.s.d.r.c.RepositoryConfigurationDelegate - Multiple Spring Data modules found, entering strict repository configuration mode
2026-05-26 14:17:49 [main] INFO  o.s.d.r.c.RepositoryConfigurationDelegate - Bootstrapping Spring Data JPA repositories in DEFAULT mode.
2026-05-26 14:17:49 [main] INFO  o.s.d.r.c.RepositoryConfigurationDelegate - Finished Spring Data repository scanning in 56 ms. Found 5 JPA repository interfaces.
2026-05-26 14:17:49 [main] INFO  o.s.d.r.c.RepositoryConfigurationDelegate - Multiple Spring Data modules found, entering strict repository configuration mode
2026-05-26 14:17:49 [main] INFO  o.s.d.r.c.RepositoryConfigurationDelegate - Bootstrapping Spring Data Redis repositories in DEFAULT mode.
2026-05-26 14:17:49 [main] INFO  o.s.d.r.c.RepositoryConfigurationExtensionSupport - Spring Data Redis - Could not safely identify store assignment for repository candidate interface com.accounting.repository.AccountRepository; If you want this repository to be a Redis repository, consider annotating your entities with one of these annotations: org.springframework.data.redis.core.RedisHash (preferred), or consider extending one of the following types with your repository: org.springframework.data.keyvalue.repository.KeyValueRepository
2026-05-26 14:17:49 [main] INFO  o.s.d.r.c.RepositoryConfigurationExtensionSupport - Spring Data Redis - Could not safely identify store assignment for repository candidate interface com.accounting.repository.BillRepository; If you want this repository to be a Redis repository, consider annotating your entities with one of these annotations: org.springframework.data.redis.core.RedisHash (preferred), or consider extending one of the following types with your repository: org.springframework.data.keyvalue.repository.KeyValueRepository
2026-05-26 14:17:49 [main] INFO  o.s.d.r.c.RepositoryConfigurationExtensionSupport - Spring Data Redis - Could not safely identify store assignment for repository candidate interface com.accounting.repository.BillTemplateRepository; If you want this repository to be a Redis repository, consider annotating your entities with one of these annotations: org.springframework.data.redis.core.RedisHash (preferred), or consider extending one of the following types with your repository: org.springframework.data.keyvalue.repository.KeyValueRepository
2026-05-26 14:17:49 [main] INFO  o.s.d.r.c.RepositoryConfigurationExtensionSupport - Spring Data Redis - Could not safely identify store assignment for repository candidate interface com.accounting.repository.BudgetRepository; If you want this repository to be a Redis repository, consider annotating your entities with one of these annotations: org.springframework.data.redis.core.RedisHash (preferred), or consider extending one of the following types with your repository: org.springframework.data.keyvalue.repository.KeyValueRepository
2026-05-26 14:17:49 [main] INFO  o.s.d.r.c.RepositoryConfigurationExtensionSupport - Spring Data Redis - Could not safely identify store assignment for repository candidate interface com.accounting.repository.CategoryRepository; If you want this repository to be a Redis repository, consider annotating your entities with one of these annotations: org.springframework.data.redis.core.RedisHash (preferred), or consider extending one of the following types with your repository: org.springframework.data.keyvalue.repository.KeyValueRepository
2026-05-26 14:17:49 [main] INFO  o.s.d.r.c.RepositoryConfigurationDelegate - Finished Spring Data repository scanning in 9 ms. Found 0 Redis repository interfaces.
2026-05-26 14:17:49 [main] INFO  o.s.b.w.e.tomcat.TomcatWebServer - Tomcat initialized with port(s): 8080 (http)
2026-05-26 14:17:49 [main] INFO  o.a.catalina.core.StandardService - Starting service [Tomcat]
2026-05-26 14:17:49 [main] INFO  o.a.catalina.core.StandardEngine - Starting Servlet engine: [Apache Tomcat/9.0.83]
2026-05-26 14:17:49 [main] INFO  o.a.c.c.C.[.[localhost].[/api] - Initializing Spring embedded WebApplicationContext
2026-05-26 14:17:49 [main] INFO  o.s.b.w.s.c.ServletWebServerApplicationContext - Root WebApplicationContext: initialization completed in 1134 ms
2026-05-26 14:17:49 [main] INFO  com.zaxxer.hikari.HikariDataSource - HikariPool-1 - Starting...
2026-05-26 14:17:50 [main] INFO  com.zaxxer.hikari.HikariDataSource - HikariPool-1 - Start completed.
2026-05-26 14:17:50 [main] INFO  o.s.b.a.h.H2ConsoleAutoConfiguration - H2 console available at '/h2-console'. Database available at 'jdbc:h2:mem:accountingdb'
2026-05-26 14:17:50 [main] INFO  o.h.jpa.internal.util.LogHelper - HHH000204: Processing PersistenceUnitInfo [name: default]
2026-05-26 14:17:50 [main] INFO  org.hibernate.Version - HHH000412: Hibernate ORM core version 5.6.15.Final
2026-05-26 14:17:50 [main] INFO  o.h.annotations.common.Version - HCANN000001: Hibernate Commons Annotations {5.1.2.Final}
2026-05-26 14:17:50 [main] INFO  org.hibernate.dialect.Dialect - HHH000400: Using dialect: org.hibernate.dialect.H2Dialect
2026-05-26 14:17:50 [main] INFO  o.h.e.t.j.p.i.JtaPlatformInitiator - HHH000490: Using JtaPlatform implementation: [org.hibernate.engine.transaction.jta.platform.internal.NoJtaPlatform]
2026-05-26 14:17:50 [main] INFO  o.s.o.j.LocalContainerEntityManagerFactoryBean - Initialized JPA EntityManagerFactory for persistence unit 'default'
2026-05-26 14:17:51 [main] WARN  o.s.b.a.o.j.JpaBaseConfiguration$JpaWebConfiguration - spring.jpa.open-in-view is enabled by default. Therefore, database queries may be performed during view rendering. Explicitly configure spring.jpa.open-in-view to disable this warning
2026-05-26 14:17:52 [main] INFO  o.s.b.w.e.tomcat.TomcatWebServer - Tomcat started on port(s): 8080 (http) with context path '/api'
2026-05-26 14:17:52 [main] INFO  com.accounting.AccountingApplication - Started AccountingApplication in 4.247 seconds (JVM running for 5.374)
2026-05-26 14:17:52 [main] INFO  c.accounting.config.DataInitializer - 初始化分类数据...
2026-05-26 14:17:52 [main] INFO  c.accounting.config.DataInitializer - 分类数据初始化完成，共13条
2026-05-26 14:17:52 [main] INFO  c.accounting.config.DataInitializer - 初始化账户数据...
2026-05-26 14:17:52 [main] INFO  c.accounting.config.DataInitializer - 账户数据初始化完成，共4条
2026-05-26 14:17:52 [main] INFO  c.accounting.config.DataInitializer - 初始化预算数据...
2026-05-26 14:17:52 [main] INFO  c.accounting.config.DataInitializer - 预算数据初始化完成
2026-05-26 14:18:44 [http-nio-8080-exec-6] INFO  o.a.c.c.C.[.[localhost].[/api] - Initializing Spring DispatcherServlet 'dispatcherServlet'
2026-05-26 14:18:44 [http-nio-8080-exec-6] INFO  o.s.web.servlet.DispatcherServlet - Initializing Servlet 'dispatcherServlet'
2026-05-26 14:18:44 [http-nio-8080-exec-6] INFO  o.s.web.servlet.DispatcherServlet - Completed initialization in 1 ms
2026-05-26 14:18:44 [http-nio-8080-exec-6] INFO  c.a.controller.DashboardController - API: 获取看板数据
2026-05-26 14:18:44 [http-nio-8080-exec-9] INFO  c.a.controller.AccountController - API: 获取全部账户
2026-05-26 14:18:44 [http-nio-8080-exec-4] INFO  c.a.controller.CategoryController - API: 获取全部分类
2026-05-26 14:18:44 [http-nio-8080-exec-2] INFO  c.a.controller.CategoryController - API: 按类型获取分类: EXPENSE
2026-05-26 14:18:44 [http-nio-8080-exec-10] INFO  c.a.controller.BillController - API: 获取最近30天的账单
2026-05-26 14:18:44 [http-nio-8080-exec-10] INFO  com.accounting.service.BillService - 获取最近30天的账单
2026-05-26 14:18:44 [http-nio-8080-exec-6] INFO  c.a.service.DashboardService - 获取看板数据
2026-05-26 14:18:44 [http-nio-8080-exec-4] INFO  c.accounting.service.CategoryService - 获取全部分类列表
2026-05-26 14:18:44 [http-nio-8080-exec-9] INFO  c.accounting.service.AccountService - 获取全部账户列表
2026-05-26 14:18:44 [http-nio-8080-exec-2] INFO  c.accounting.service.CategoryService - 获取支出分类列表
2026-05-26 14:18:44 [http-nio-8080-exec-6] INFO  c.accounting.service.AccountService - 计算总资产
2026-05-26 14:18:44 [http-nio-8080-exec-9] ERROR c.a.exception.GlobalExceptionHandler - 系统异常: 
org.springframework.data.redis.serializer.SerializationException: Cannot serialize; nested exception is org.springframework.core.serializer.support.SerializationFailedException: Failed to serialize object using DefaultSerializer; nested exception is java.io.NotSerializableException: com.accounting.entity.Account
	at org.springframework.data.redis.serializer.JdkSerializationRedisSerializer.serialize(JdkSerializationRedisSerializer.java:96)
	at org.springframework.data.redis.serializer.DefaultRedisElementWriter.write(DefaultRedisElementWriter.java:44)
	at org.springframework.data.redis.serializer.RedisSerializationContext$SerializationPair.write(RedisSerializationContext.java:290)
	at org.springframework.data.redis.cache.RedisCache.serializeCacheValue(RedisCache.java:285)
	at org.springframework.data.redis.cache.RedisCache.put(RedisCache.java:171)
	at org.springframework.cache.interceptor.AbstractCacheInvoker.doPut(AbstractCacheInvoker.java:87)
	at org.springframework.cache.interceptor.CacheAspectSupport$CachePutRequest.apply(CacheAspectSupport.java:837)
	at org.springframework.cache.interceptor.CacheAspectSupport.execute(CacheAspectSupport.java:429)
	at org.springframework.cache.interceptor.CacheAspectSupport.execute(CacheAspectSupport.java:345)
	at org.springframework.cache.interceptor.CacheInterceptor.invoke(CacheInterceptor.java:64)
	at org.springframework.aop.framework.ReflectiveMethodInvocation.proceed(ReflectiveMethodInvocation.java:186)
	at org.springframework.aop.framework.CglibAopProxy$CglibMethodInvocation.proceed(CglibAopProxy.java:762)
	at org.springframework.aop.framework.CglibAopProxy$DynamicAdvisedInterceptor.intercept(CglibAopProxy.java:707)
	at com.accounting.service.AccountService$$EnhancerBySpringCGLIB$$48b776ea.getAllAccounts(<generated>)
	at com.accounting.controller.AccountController.getAllAccounts(AccountController.java:29)
	at java.base/jdk.internal.reflect.NativeMethodAccessorImpl.invoke0(Native Method)
	at java.base/jdk.internal.reflect.NativeMethodAccessorImpl.invoke(NativeMethodAccessorImpl.java:62)
	at java.base/jdk.internal.reflect.DelegatingMethodAccessorImpl.invoke(DelegatingMethodAccessorImpl.java:43)
	at java.base/java.lang.reflect.Method.invoke(Method.java:566)
	at org.springframework.web.method.support.InvocableHandlerMethod.doInvoke(InvocableHandlerMethod.java:205)
	at org.springframework.web.method.support.InvocableHandlerMethod.invokeForRequest(InvocableHandlerMethod.java:150)
	at org.springframework.web.servlet.mvc.method.annotation.ServletInvocableHandlerMethod.invokeAndHandle(ServletInvocableHandlerMethod.java:117)
	at org.springframework.web.servlet.mvc.method.annotation.RequestMappingHandlerAdapter.invokeHandlerMethod(RequestMappingHandlerAdapter.java:895)
	at org.springframework.web.servlet.mvc.method.annotation.RequestMappingHandlerAdapter.handleInternal(RequestMappingHandlerAdapter.java:808)
	at org.springframework.web.servlet.mvc.method.AbstractHandlerMethodAdapter.handle(AbstractHandlerMethodAdapter.java:87)
	at org.springframework.web.servlet.DispatcherServlet.doDispatch(DispatcherServlet.java:1072)
	at org.springframework.web.servlet.DispatcherServlet.doService(DispatcherServlet.java:965)
	at org.springframework.web.servlet.FrameworkServlet.processRequest(FrameworkServlet.java:1006)
	at org.springframework.web.servlet.FrameworkServlet.doGet(FrameworkServlet.java:898)
	at javax.servlet.http.HttpServlet.service(HttpServlet.java:529)
	at org.springframework.web.servlet.FrameworkServlet.service(FrameworkServlet.java:883)
	at javax.servlet.http.HttpServlet.service(HttpServlet.java:623)
	at org.apache.catalina.core.ApplicationFilterChain.internalDoFilter(ApplicationFilterChain.java:209)
	at org.apache.catalina.core.ApplicationFilterChain.doFilter(ApplicationFilterChain.java:153)
	at org.apache.tomcat.websocket.server.WsFilter.doFilter(WsFilter.java:51)
	at org.apache.catalina.core.ApplicationFilterChain.internalDoFilter(ApplicationFilterChain.java:178)
	at org.apache.catalina.core.ApplicationFilterChain.doFilter(ApplicationFilterChain.java:153)
	at org.springframework.web.filter.CorsFilter.doFilterInternal(CorsFilter.java:91)
	at org.springframework.web.filter.OncePerRequestFilter.doFilter(OncePerRequestFilter.java:117)
	at org.apache.catalina.core.ApplicationFilterChain.internalDoFilter(ApplicationFilterChain.java:178)
	at org.apache.catalina.core.ApplicationFilterChain.doFilter(ApplicationFilterChain.java:153)
	at org.springframework.web.filter.RequestContextFilter.doFilterInternal(RequestContextFilter.java:100)
	at org.springframework.web.filter.OncePerRequestFilter.doFilter(OncePerRequestFilter.java:117)
	at org.apache.catalina.core.ApplicationFilterChain.internalDoFilter(ApplicationFilterChain.java:178)
	at org.apache.catalina.core.ApplicationFilterChain.doFilter(ApplicationFilterChain.java:153)
	at org.springframework.web.filter.FormContentFilter.doFilterInternal(FormContentFilter.java:93)
	at org.springframework.web.filter.OncePerRequestFilter.doFilter(OncePerRequestFilter.java:117)
	at org.apache.catalina.core.ApplicationFilterChain.internalDoFilter(ApplicationFilterChain.java:178)
	at org.apache.catalina.core.ApplicationFilterChain.doFilter(ApplicationFilterChain.java:153)
	at org.springframework.web.filter.CharacterEncodingFilter.doFilterInternal(CharacterEncodingFilter.java:201)
	at org.springframework.web.filter.OncePerRequestFilter.doFilter(OncePerRequestFilter.java:117)
	at org.apache.catalina.core.ApplicationFilterChain.internalDoFilter(ApplicationFilterChain.java:178)
	at org.apache.catalina.core.ApplicationFilterChain.doFilter(ApplicationFilterChain.java:153)
	at org.apache.catalina.core.StandardWrapperValve.invoke(StandardWrapperValve.java:168)
	at org.apache.catalina.core.StandardContextValve.invoke(StandardContextValve.java:90)
	at org.apache.catalina.authenticator.AuthenticatorBase.invoke(AuthenticatorBase.java:481)
	at org.apache.catalina.core.StandardHostValve.invoke(StandardHostValve.java:130)
	at org.apache.catalina.valves.ErrorReportValve.invoke(ErrorReportValve.java:93)
	at org.apache.catalina.core.StandardEngineValve.invoke(StandardEngineValve.java:74)
	at org.apache.catalina.connector.CoyoteAdapter.service(CoyoteAdapter.java:342)
	at org.apache.coyote.http11.Http11Processor.service(Http11Processor.java:390)
	at org.apache.coyote.AbstractProcessorLight.process(AbstractProcessorLight.java:63)
	at org.apache.coyote.AbstractProtocol$ConnectionHandler.process(AbstractProtocol.java:928)
	at org.apache.tomcat.util.net.NioEndpoint$SocketProcessor.doRun(NioEndpoint.java:1794)
	at org.apache.tomcat.util.net.SocketProcessorBase.run(SocketProcessorBase.java:52)
	at org.apache.tomcat.util.threads.ThreadPoolExecutor.runWorker(ThreadPoolExecutor.java:1191)
	at org.apache.tomcat.util.threads.ThreadPoolExecutor$Worker.run(ThreadPoolExecutor.java:659)
	at org.apache.tomcat.util.threads.TaskThread$WrappingRunnable.run(TaskThread.java:61)
	at java.base/java.lang.Thread.run(Thread.java:834)
Caused by: org.springframework.core.serializer.support.SerializationFailedException: Failed to serialize object using DefaultSerializer; nested exception is java.io.NotSerializableException: com.accounting.entity.Account
	at org.springframework.core.serializer.support.SerializingConverter.convert(SerializingConverter.java:64)
	at org.springframework.core.serializer.support.SerializingConverter.convert(SerializingConverter.java:33)
	at org.springframework.data.redis.serializer.JdkSerializationRedisSerializer.serialize(JdkSerializationRedisSerializer.java:94)
	... 68 common frames omitted
Caused by: java.io.NotSerializableException: com.accounting.entity.Account
	at java.base/java.io.ObjectOutputStream.writeObject0(ObjectOutputStream.java:1185)
	at java.base/java.io.ObjectOutputStream.writeObject(ObjectOutputStream.java:349)
	at java.base/java.util.ArrayList.writeObject(ArrayList.java:896)
	at java.base/jdk.internal.reflect.NativeMethodAccessorImpl.invoke0(Native Method)
	at java.base/jdk.internal.reflect.NativeMethodAccessorImpl.invoke(NativeMethodAccessorImpl.java:62)
	at java.base/jdk.internal.reflect.DelegatingMethodAccessorImpl.invoke(DelegatingMethodAccessorImpl.java:43)
	at java.base/java.lang.reflect.Method.invoke(Method.java:566)
	at java.base/java.io.ObjectStreamClass.invokeWriteObject(ObjectStreamClass.java:1130)
	at java.base/java.io.ObjectOutputStream.writeSerialData(ObjectOutputStream.java:1497)
	at java.base/java.io.ObjectOutputStream.writeOrdinaryObject(ObjectOutputStream.java:1433)
	at java.base/java.io.ObjectOutputStream.writeObject0(ObjectOutputStream.java:1179)
	at java.base/java.io.ObjectOutputStream.writeObject(ObjectOutputStream.java:349)
	at org.springframework.core.serializer.DefaultSerializer.serialize(DefaultSerializer.java:46)
	at org.springframework.core.serializer.Serializer.serializeToByteArray(Serializer.java:56)
	at org.springframework.core.serializer.support.SerializingConverter.convert(SerializingConverter.java:60)
	... 70 common frames omitted
2026-05-26 14:18:44 [http-nio-8080-exec-4] ERROR c.a.exception.GlobalExceptionHandler - 系统异常: 
org.springframework.data.redis.serializer.SerializationException: Cannot serialize; nested exception is org.springframework.core.serializer.support.SerializationFailedException: Failed to serialize object using DefaultSerializer; nested exception is java.io.NotSerializableException: com.accounting.entity.Category
	at org.springframework.data.redis.serializer.JdkSerializationRedisSerializer.serialize(JdkSerializationRedisSerializer.java:96)
	at org.springframework.data.redis.serializer.DefaultRedisElementWriter.write(DefaultRedisElementWriter.java:44)
	at org.springframework.data.redis.serializer.RedisSerializationContext$SerializationPair.write(RedisSerializationContext.java:290)
	at org.springframework.data.redis.cache.RedisCache.serializeCacheValue(RedisCache.java:285)
	at org.springframework.data.redis.cache.RedisCache.put(RedisCache.java:171)
	at org.springframework.cache.interceptor.AbstractCacheInvoker.doPut(AbstractCacheInvoker.java:87)
	at org.springframework.cache.interceptor.CacheAspectSupport$CachePutRequest.apply(CacheAspectSupport.java:837)
	at org.springframework.cache.interceptor.CacheAspectSupport.execute(CacheAspectSupport.java:429)
	at org.springframework.cache.interceptor.CacheAspectSupport.execute(CacheAspectSupport.java:345)
	at org.springframework.cache.interceptor.CacheInterceptor.invoke(CacheInterceptor.java:64)
	at org.springframework.aop.framework.ReflectiveMethodInvocation.proceed(ReflectiveMethodInvocation.java:186)
	at org.springframework.aop.framework.CglibAopProxy$CglibMethodInvocation.proceed(CglibAopProxy.java:762)
	at org.springframework.aop.framework.CglibAopProxy$DynamicAdvisedInterceptor.intercept(CglibAopProxy.java:707)
	at com.accounting.service.CategoryService$$EnhancerBySpringCGLIB$$cbe36f79.getAllCategories(<generated>)
	at com.accounting.controller.CategoryController.getAllCategories(CategoryController.java:29)
	at java.base/jdk.internal.reflect.NativeMethodAccessorImpl.invoke0(Native Method)
	at java.base/jdk.internal.reflect.NativeMethodAccessorImpl.invoke(NativeMethodAccessorImpl.java:62)
	at java.base/jdk.internal.reflect.DelegatingMethodAccessorImpl.invoke(DelegatingMethodAccessorImpl.java:43)
	at java.base/java.lang.reflect.Method.invoke(Method.java:566)
	at org.springframework.web.method.support.InvocableHandlerMethod.doInvoke(InvocableHandlerMethod.java:205)
	at org.springframework.web.method.support.InvocableHandlerMethod.invokeForRequest(InvocableHandlerMethod.java:150)
	at org.springframework.web.servlet.mvc.method.annotation.ServletInvocableHandlerMethod.invokeAndHandle(ServletInvocableHandlerMethod.java:117)
	at org.springframework.web.servlet.mvc.method.annotation.RequestMappingHandlerAdapter.invokeHandlerMethod(RequestMappingHandlerAdapter.java:895)
	at org.springframework.web.servlet.mvc.method.annotation.RequestMappingHandlerAdapter.handleInternal(RequestMappingHandlerAdapter.java:808)
	at org.springframework.web.servlet.mvc.method.AbstractHandlerMethodAdapter.handle(AbstractHandlerMethodAdapter.java:87)
	at org.springframework.web.servlet.DispatcherServlet.doDispatch(DispatcherServlet.java:1072)
	at org.springframework.web.servlet.DispatcherServlet.doService(DispatcherServlet.java:965)
	at org.springframework.web.servlet.FrameworkServlet.processRequest(FrameworkServlet.java:1006)
	at org.springframework.web.servlet.FrameworkServlet.doGet(FrameworkServlet.java:898)
	at javax.servlet.http.HttpServlet.service(HttpServlet.java:529)
	at org.springframework.web.servlet.FrameworkServlet.service(FrameworkServlet.java:883)
	at javax.servlet.http.HttpServlet.service(HttpServlet.java:623)
	at org.apache.catalina.core.ApplicationFilterChain.internalDoFilter(ApplicationFilterChain.java:209)
	at org.apache.catalina.core.ApplicationFilterChain.doFilter(ApplicationFilterChain.java:153)
	at org.apache.tomcat.websocket.server.WsFilter.doFilter(WsFilter.java:51)
	at org.apache.catalina.core.ApplicationFilterChain.internalDoFilter(ApplicationFilterChain.java:178)
	at org.apache.catalina.core.ApplicationFilterChain.doFilter(ApplicationFilterChain.java:153)
	at org.springframework.web.filter.CorsFilter.doFilterInternal(CorsFilter.java:91)
	at org.springframework.web.filter.OncePerRequestFilter.doFilter(OncePerRequestFilter.java:117)
	at org.apache.catalina.core.ApplicationFilterChain.internalDoFilter(ApplicationFilterChain.java:178)
	at org.apache.catalina.core.ApplicationFilterChain.doFilter(ApplicationFilterChain.java:153)
	at org.springframework.web.filter.RequestContextFilter.doFilterInternal(RequestContextFilter.java:100)
	at org.springframework.web.filter.OncePerRequestFilter.doFilter(OncePerRequestFilter.java:117)
	at org.apache.catalina.core.ApplicationFilterChain.internalDoFilter(ApplicationFilterChain.java:178)
	at org.apache.catalina.core.ApplicationFilterChain.doFilter(ApplicationFilterChain.java:153)
	at org.springframework.web.filter.FormContentFilter.doFilterInternal(FormContentFilter.java:93)
	at org.springframework.web.filter.OncePerRequestFilter.doFilter(OncePerRequestFilter.java:117)
	at org.apache.catalina.core.ApplicationFilterChain.internalDoFilter(ApplicationFilterChain.java:178)
	at org.apache.catalina.core.ApplicationFilterChain.doFilter(ApplicationFilterChain.java:153)
	at org.springframework.web.filter.CharacterEncodingFilter.doFilterInternal(CharacterEncodingFilter.java:201)
	at org.springframework.web.filter.OncePerRequestFilter.doFilter(OncePerRequestFilter.java:117)
	at org.apache.catalina.core.ApplicationFilterChain.internalDoFilter(ApplicationFilterChain.java:178)
	at org.apache.catalina.core.ApplicationFilterChain.doFilter(ApplicationFilterChain.java:153)
	at org.apache.catalina.core.StandardWrapperValve.invoke(StandardWrapperValve.java:168)
	at org.apache.catalina.core.StandardContextValve.invoke(StandardContextValve.java:90)
	at org.apache.catalina.authenticator.AuthenticatorBase.invoke(AuthenticatorBase.java:481)
	at org.apache.catalina.core.StandardHostValve.invoke(StandardHostValve.java:130)
	at org.apache.catalina.valves.ErrorReportValve.invoke(ErrorReportValve.java:93)
	at org.apache.catalina.core.StandardEngineValve.invoke(StandardEngineValve.java:74)
	at org.apache.catalina.connector.CoyoteAdapter.service(CoyoteAdapter.java:342)
	at org.apache.coyote.http11.Http11Processor.service(Http11Processor.java:390)
	at org.apache.coyote.AbstractProcessorLight.process(AbstractProcessorLight.java:63)
	at org.apache.coyote.AbstractProtocol$ConnectionHandler.process(AbstractProtocol.java:928)
	at org.apache.tomcat.util.net.NioEndpoint$SocketProcessor.doRun(NioEndpoint.java:1794)
	at org.apache.tomcat.util.net.SocketProcessorBase.run(SocketProcessorBase.java:52)
	at org.apache.tomcat.util.threads.ThreadPoolExecutor.runWorker(ThreadPoolExecutor.java:1191)
	at org.apache.tomcat.util.threads.ThreadPoolExecutor$Worker.run(ThreadPoolExecutor.java:659)
	at org.apache.tomcat.util.threads.TaskThread$WrappingRunnable.run(TaskThread.java:61)
	at java.base/java.lang.Thread.run(Thread.java:834)
Caused by: org.springframework.core.serializer.support.SerializationFailedException: Failed to serialize object using DefaultSerializer; nested exception is java.io.NotSerializableException: com.accounting.entity.Category
	at org.springframework.core.serializer.support.SerializingConverter.convert(SerializingConverter.java:64)
	at org.springframework.core.serializer.support.SerializingConverter.convert(SerializingConverter.java:33)
	at org.springframework.data.redis.serializer.JdkSerializationRedisSerializer.serialize(JdkSerializationRedisSerializer.java:94)
	... 68 common frames omitted
Caused by: java.io.NotSerializableException: com.accounting.entity.Category
	at java.base/java.io.ObjectOutputStream.writeObject0(ObjectOutputStream.java:1185)
	at java.base/java.io.ObjectOutputStream.writeObject(ObjectOutputStream.java:349)
	at java.base/java.util.ArrayList.writeObject(ArrayList.java:896)
	at java.base/jdk.internal.reflect.NativeMethodAccessorImpl.invoke0(Native Method)
	at java.base/jdk.internal.reflect.NativeMethodAccessorImpl.invoke(NativeMethodAccessorImpl.java:62)
	at java.base/jdk.internal.reflect.DelegatingMethodAccessorImpl.invoke(DelegatingMethodAccessorImpl.java:43)
	at java.base/java.lang.reflect.Method.invoke(Method.java:566)
	at java.base/java.io.ObjectStreamClass.invokeWriteObject(ObjectStreamClass.java:1130)
	at java.base/java.io.ObjectOutputStream.writeSerialData(ObjectOutputStream.java:1497)
	at java.base/java.io.ObjectOutputStream.writeOrdinaryObject(ObjectOutputStream.java:1433)
	at java.base/java.io.ObjectOutputStream.writeObject0(ObjectOutputStream.java:1179)
	at java.base/java.io.ObjectOutputStream.writeObject(ObjectOutputStream.java:349)
	at org.springframework.core.serializer.DefaultSerializer.serialize(DefaultSerializer.java:46)
	at org.springframework.core.serializer.Serializer.serializeToByteArray(Serializer.java:56)
	at org.springframework.core.serializer.support.SerializingConverter.convert(SerializingConverter.java:60)
	... 70 common frames omitted
2026-05-26 14:18:44 [http-nio-8080-exec-2] ERROR c.a.exception.GlobalExceptionHandler - 系统异常: 
org.springframework.data.redis.serializer.SerializationException: Cannot serialize; nested exception is org.springframework.core.serializer.support.SerializationFailedException: Failed to serialize object using DefaultSerializer; nested exception is java.io.NotSerializableException: com.accounting.entity.Category
	at org.springframework.data.redis.serializer.JdkSerializationRedisSerializer.serialize(JdkSerializationRedisSerializer.java:96)
	at org.springframework.data.redis.serializer.DefaultRedisElementWriter.write(DefaultRedisElementWriter.java:44)
	at org.springframework.data.redis.serializer.RedisSerializationContext$SerializationPair.write(RedisSerializationContext.java:290)
	at org.springframework.data.redis.cache.RedisCache.serializeCacheValue(RedisCache.java:285)
	at org.springframework.data.redis.cache.RedisCache.put(RedisCache.java:171)
	at org.springframework.cache.interceptor.AbstractCacheInvoker.doPut(AbstractCacheInvoker.java:87)
	at org.springframework.cache.interceptor.CacheAspectSupport$CachePutRequest.apply(CacheAspectSupport.java:837)
	at org.springframework.cache.interceptor.CacheAspectSupport.execute(CacheAspectSupport.java:429)
	at org.springframework.cache.interceptor.CacheAspectSupport.execute(CacheAspectSupport.java:345)
	at org.springframework.cache.interceptor.CacheInterceptor.invoke(CacheInterceptor.java:64)
	at org.springframework.aop.framework.ReflectiveMethodInvocation.proceed(ReflectiveMethodInvocation.java:186)
	at org.springframework.aop.framework.CglibAopProxy$CglibMethodInvocation.proceed(CglibAopProxy.java:762)
	at org.springframework.aop.framework.CglibAopProxy$DynamicAdvisedInterceptor.intercept(CglibAopProxy.java:707)
	at com.accounting.service.CategoryService$$EnhancerBySpringCGLIB$$cbe36f79.getCategoriesByType(<generated>)
	at com.accounting.controller.CategoryController.getCategoriesByType(CategoryController.java:38)
	at java.base/jdk.internal.reflect.NativeMethodAccessorImpl.invoke0(Native Method)
	at java.base/jdk.internal.reflect.NativeMethodAccessorImpl.invoke(NativeMethodAccessorImpl.java:62)
	at java.base/jdk.internal.reflect.DelegatingMethodAccessorImpl.invoke(DelegatingMethodAccessorImpl.java:43)
	at java.base/java.lang.reflect.Method.invoke(Method.java:566)
	at org.springframework.web.method.support.InvocableHandlerMethod.doInvoke(InvocableHandlerMethod.java:205)
	at org.springframework.web.method.support.InvocableHandlerMethod.invokeForRequest(InvocableHandlerMethod.java:150)
	at org.springframework.web.servlet.mvc.method.annotation.ServletInvocableHandlerMethod.invokeAndHandle(ServletInvocableHandlerMethod.java:117)
	at org.springframework.web.servlet.mvc.method.annotation.RequestMappingHandlerAdapter.invokeHandlerMethod(RequestMappingHandlerAdapter.java:895)
	at org.springframework.web.servlet.mvc.method.annotation.RequestMappingHandlerAdapter.handleInternal(RequestMappingHandlerAdapter.java:808)
	at org.springframework.web.servlet.mvc.method.AbstractHandlerMethodAdapter.handle(AbstractHandlerMethodAdapter.java:87)
	at org.springframework.web.servlet.DispatcherServlet.doDispatch(DispatcherServlet.java:1072)
	at org.springframework.web.servlet.DispatcherServlet.doService(DispatcherServlet.java:965)
	at org.springframework.web.servlet.FrameworkServlet.processRequest(FrameworkServlet.java:1006)
	at org.springframework.web.servlet.FrameworkServlet.doGet(FrameworkServlet.java:898)
	at javax.servlet.http.HttpServlet.service(HttpServlet.java:529)
	at org.springframework.web.servlet.FrameworkServlet.service(FrameworkServlet.java:883)
	at javax.servlet.http.HttpServlet.service(HttpServlet.java:623)
	at org.apache.catalina.core.ApplicationFilterChain.internalDoFilter(ApplicationFilterChain.java:209)
	at org.apache.catalina.core.ApplicationFilterChain.doFilter(ApplicationFilterChain.java:153)
	at org.apache.tomcat.websocket.server.WsFilter.doFilter(WsFilter.java:51)
	at org.apache.catalina.core.ApplicationFilterChain.internalDoFilter(ApplicationFilterChain.java:178)
	at org.apache.catalina.core.ApplicationFilterChain.doFilter(ApplicationFilterChain.java:153)
	at org.springframework.web.filter.CorsFilter.doFilterInternal(CorsFilter.java:91)
	at org.springframework.web.filter.OncePerRequestFilter.doFilter(OncePerRequestFilter.java:117)
	at org.apache.catalina.core.ApplicationFilterChain.internalDoFilter(ApplicationFilterChain.java:178)
	at org.apache.catalina.core.ApplicationFilterChain.doFilter(ApplicationFilterChain.java:153)
	at org.springframework.web.filter.RequestContextFilter.doFilterInternal(RequestContextFilter.java:100)
	at org.springframework.web.filter.OncePerRequestFilter.doFilter(OncePerRequestFilter.java:117)
	at org.apache.catalina.core.ApplicationFilterChain.internalDoFilter(ApplicationFilterChain.java:178)
	at org.apache.catalina.core.ApplicationFilterChain.doFilter(ApplicationFilterChain.java:153)
	at org.springframework.web.filter.FormContentFilter.doFilterInternal(FormContentFilter.java:93)
	at org.springframework.web.filter.OncePerRequestFilter.doFilter(OncePerRequestFilter.java:117)
	at org.apache.catalina.core.ApplicationFilterChain.internalDoFilter(ApplicationFilterChain.java:178)
	at org.apache.catalina.core.ApplicationFilterChain.doFilter(ApplicationFilterChain.java:153)
	at org.springframework.web.filter.CharacterEncodingFilter.doFilterInternal(CharacterEncodingFilter.java:201)
	at org.springframework.web.filter.OncePerRequestFilter.doFilter(OncePerRequestFilter.java:117)
	at org.apache.catalina.core.ApplicationFilterChain.internalDoFilter(ApplicationFilterChain.java:178)
	at org.apache.catalina.core.ApplicationFilterChain.doFilter(ApplicationFilterChain.java:153)
	at org.apache.catalina.core.StandardWrapperValve.invoke(StandardWrapperValve.java:168)
	at org.apache.catalina.core.StandardContextValve.invoke(StandardContextValve.java:90)
	at org.apache.catalina.authenticator.AuthenticatorBase.invoke(AuthenticatorBase.java:481)
	at org.apache.catalina.core.StandardHostValve.invoke(StandardHostValve.java:130)
	at org.apache.catalina.valves.ErrorReportValve.invoke(ErrorReportValve.java:93)
	at org.apache.catalina.core.StandardEngineValve.invoke(StandardEngineValve.java:74)
	at org.apache.catalina.connector.CoyoteAdapter.service(CoyoteAdapter.java:342)
	at org.apache.coyote.http11.Http11Processor.service(Http11Processor.java:390)
	at org.apache.coyote.AbstractProcessorLight.process(AbstractProcessorLight.java:63)
	at org.apache.coyote.AbstractProtocol$ConnectionHandler.process(AbstractProtocol.java:928)
	at org.apache.tomcat.util.net.NioEndpoint$SocketProcessor.doRun(NioEndpoint.java:1794)
	at org.apache.tomcat.util.net.SocketProcessorBase.run(SocketProcessorBase.java:52)
	at org.apache.tomcat.util.threads.ThreadPoolExecutor.runWorker(ThreadPoolExecutor.java:1191)
	at org.apache.tomcat.util.threads.ThreadPoolExecutor$Worker.run(ThreadPoolExecutor.java:659)
	at org.apache.tomcat.util.threads.TaskThread$WrappingRunnable.run(TaskThread.java:61)
	at java.base/java.lang.Thread.run(Thread.java:834)
Caused by: org.springframework.core.serializer.support.SerializationFailedException: Failed to serialize object using DefaultSerializer; nested exception is java.io.NotSerializableException: com.accounting.entity.Category
	at org.springframework.core.serializer.support.SerializingConverter.convert(SerializingConverter.java:64)
	at org.springframework.core.serializer.support.SerializingConverter.convert(SerializingConverter.java:33)
	at org.springframework.data.redis.serializer.JdkSerializationRedisSerializer.serialize(JdkSerializationRedisSerializer.java:94)
	... 68 common frames omitted
Caused by: java.io.NotSerializableException: com.accounting.entity.Category
	at java.base/java.io.ObjectOutputStream.writeObject0(ObjectOutputStream.java:1185)
	at java.base/java.io.ObjectOutputStream.writeObject(ObjectOutputStream.java:349)
	at java.base/java.util.ArrayList.writeObject(ArrayList.java:896)
	at java.base/jdk.internal.reflect.NativeMethodAccessorImpl.invoke0(Native Method)
	at java.base/jdk.internal.reflect.NativeMethodAccessorImpl.invoke(NativeMethodAccessorImpl.java:62)
	at java.base/jdk.internal.reflect.DelegatingMethodAccessorImpl.invoke(DelegatingMethodAccessorImpl.java:43)
	at java.base/java.lang.reflect.Method.invoke(Method.java:566)
	at java.base/java.io.ObjectStreamClass.invokeWriteObject(ObjectStreamClass.java:1130)
	at java.base/java.io.ObjectOutputStream.writeSerialData(ObjectOutputStream.java:1497)
	at java.base/java.io.ObjectOutputStream.writeOrdinaryObject(ObjectOutputStream.java:1433)
	at java.base/java.io.ObjectOutputStream.writeObject0(ObjectOutputStream.java:1179)
	at java.base/java.io.ObjectOutputStream.writeObject(ObjectOutputStream.java:349)
	at org.springframework.core.serializer.DefaultSerializer.serialize(DefaultSerializer.java:46)
	at org.springframework.core.serializer.Serializer.serializeToByteArray(Serializer.java:56)
	at org.springframework.core.serializer.support.SerializingConverter.convert(SerializingConverter.java:60)
	... 70 common frames omitted
2026-05-26 14:18:44 [http-nio-8080-exec-6] INFO  com.accounting.service.BudgetService - 获取当前生效的预算列表
2026-05-26 14:18:44 [http-nio-8080-exec-6] INFO  com.accounting.service.BudgetService - 计算预算使用情况: 1
2026-05-26 14:18:44 [http-nio-8080-exec-6] INFO  com.accounting.service.BudgetService - 根据ID获取预算: 1
2026-05-26 14:18:44 [http-nio-8080-exec-6] INFO  com.accounting.service.BudgetService - 计算预算使用情况: 1
2026-05-26 14:18:44 [http-nio-8080-exec-6] INFO  com.accounting.service.BudgetService - 根据ID获取预算: 1
2026-05-26 14:18:44 [http-nio-8080-exec-6] INFO  c.a.service.DashboardService - 检查异常消费: 月均支出=0.00
2026-05-26 14:18:44 [http-nio-8080-exec-6] ERROR c.a.exception.GlobalExceptionHandler - 系统异常: 
org.springframework.data.redis.serializer.SerializationException: Cannot serialize; nested exception is org.springframework.core.serializer.support.SerializationFailedException: Failed to serialize object using DefaultSerializer; nested exception is java.lang.IllegalArgumentException: DefaultSerializer requires a Serializable payload but received an object of type [com.accounting.dto.DashboardDTO]
	at org.springframework.data.redis.serializer.JdkSerializationRedisSerializer.serialize(JdkSerializationRedisSerializer.java:96)
	at org.springframework.data.redis.serializer.DefaultRedisElementWriter.write(DefaultRedisElementWriter.java:44)
	at org.springframework.data.redis.serializer.RedisSerializationContext$SerializationPair.write(RedisSerializationContext.java:290)
	at org.springframework.data.redis.cache.RedisCache.serializeCacheValue(RedisCache.java:285)
	at org.springframework.data.redis.cache.RedisCache.put(RedisCache.java:171)
	at org.springframework.cache.interceptor.AbstractCacheInvoker.doPut(AbstractCacheInvoker.java:87)
	at org.springframework.cache.interceptor.CacheAspectSupport$CachePutRequest.apply(CacheAspectSupport.java:837)
	at org.springframework.cache.interceptor.CacheAspectSupport.execute(CacheAspectSupport.java:429)
	at org.springframework.cache.interceptor.CacheAspectSupport.execute(CacheAspectSupport.java:345)
	at org.springframework.cache.interceptor.CacheInterceptor.invoke(CacheInterceptor.java:64)
	at org.springframework.aop.framework.ReflectiveMethodInvocation.proceed(ReflectiveMethodInvocation.java:186)
	at org.springframework.aop.framework.CglibAopProxy$CglibMethodInvocation.proceed(CglibAopProxy.java:762)
	at org.springframework.aop.framework.CglibAopProxy$DynamicAdvisedInterceptor.intercept(CglibAopProxy.java:707)
	at com.accounting.service.DashboardService$$EnhancerBySpringCGLIB$$4b3890c.getDashboardData(<generated>)
	at com.accounting.controller.DashboardController.getDashboardData(DashboardController.java:27)
	at java.base/jdk.internal.reflect.NativeMethodAccessorImpl.invoke0(Native Method)
	at java.base/jdk.internal.reflect.NativeMethodAccessorImpl.invoke(NativeMethodAccessorImpl.java:62)
	at java.base/jdk.internal.reflect.DelegatingMethodAccessorImpl.invoke(DelegatingMethodAccessorImpl.java:43)
	at java.base/java.lang.reflect.Method.invoke(Method.java:566)
	at org.springframework.web.method.support.InvocableHandlerMethod.doInvoke(InvocableHandlerMethod.java:205)
	at org.springframework.web.method.support.InvocableHandlerMethod.invokeForRequest(InvocableHandlerMethod.java:150)
	at org.springframework.web.servlet.mvc.method.annotation.ServletInvocableHandlerMethod.invokeAndHandle(ServletInvocableHandlerMethod.java:117)
	at org.springframework.web.servlet.mvc.method.annotation.RequestMappingHandlerAdapter.invokeHandlerMethod(RequestMappingHandlerAdapter.java:895)
	at org.springframework.web.servlet.mvc.method.annotation.RequestMappingHandlerAdapter.handleInternal(RequestMappingHandlerAdapter.java:808)
	at org.springframework.web.servlet.mvc.method.AbstractHandlerMethodAdapter.handle(AbstractHandlerMethodAdapter.java:87)
	at org.springframework.web.servlet.DispatcherServlet.doDispatch(DispatcherServlet.java:1072)
	at org.springframework.web.servlet.DispatcherServlet.doService(DispatcherServlet.java:965)
	at org.springframework.web.servlet.FrameworkServlet.processRequest(FrameworkServlet.java:1006)
	at org.springframework.web.servlet.FrameworkServlet.doGet(FrameworkServlet.java:898)
	at javax.servlet.http.HttpServlet.service(HttpServlet.java:529)
	at org.springframework.web.servlet.FrameworkServlet.service(FrameworkServlet.java:883)
	at javax.servlet.http.HttpServlet.service(HttpServlet.java:623)
	at org.apache.catalina.core.ApplicationFilterChain.internalDoFilter(ApplicationFilterChain.java:209)
	at org.apache.catalina.core.ApplicationFilterChain.doFilter(ApplicationFilterChain.java:153)
	at org.apache.tomcat.websocket.server.WsFilter.doFilter(WsFilter.java:51)
	at org.apache.catalina.core.ApplicationFilterChain.internalDoFilter(ApplicationFilterChain.java:178)
	at org.apache.catalina.core.ApplicationFilterChain.doFilter(ApplicationFilterChain.java:153)
	at org.springframework.web.filter.CorsFilter.doFilterInternal(CorsFilter.java:91)
	at org.springframework.web.filter.OncePerRequestFilter.doFilter(OncePerRequestFilter.java:117)
	at org.apache.catalina.core.ApplicationFilterChain.internalDoFilter(ApplicationFilterChain.java:178)
	at org.apache.catalina.core.ApplicationFilterChain.doFilter(ApplicationFilterChain.java:153)
	at org.springframework.web.filter.RequestContextFilter.doFilterInternal(RequestContextFilter.java:100)
	at org.springframework.web.filter.OncePerRequestFilter.doFilter(OncePerRequestFilter.java:117)
	at org.apache.catalina.core.ApplicationFilterChain.internalDoFilter(ApplicationFilterChain.java:178)
	at org.apache.catalina.core.ApplicationFilterChain.doFilter(ApplicationFilterChain.java:153)
	at org.springframework.web.filter.FormContentFilter.doFilterInternal(FormContentFilter.java:93)
	at org.springframework.web.filter.OncePerRequestFilter.doFilter(OncePerRequestFilter.java:117)
	at org.apache.catalina.core.ApplicationFilterChain.internalDoFilter(ApplicationFilterChain.java:178)
	at org.apache.catalina.core.ApplicationFilterChain.doFilter(ApplicationFilterChain.java:153)
	at org.springframework.web.filter.CharacterEncodingFilter.doFilterInternal(CharacterEncodingFilter.java:201)
	at org.springframework.web.filter.OncePerRequestFilter.doFilter(OncePerRequestFilter.java:117)
	at org.apache.catalina.core.ApplicationFilterChain.internalDoFilter(ApplicationFilterChain.java:178)
	at org.apache.catalina.core.ApplicationFilterChain.doFilter(ApplicationFilterChain.java:153)
	at org.apache.catalina.core.StandardWrapperValve.invoke(StandardWrapperValve.java:168)
	at org.apache.catalina.core.StandardContextValve.invoke(StandardContextValve.java:90)
	at org.apache.catalina.authenticator.AuthenticatorBase.invoke(AuthenticatorBase.java:481)
	at org.apache.catalina.core.StandardHostValve.invoke(StandardHostValve.java:130)
	at org.apache.catalina.valves.ErrorReportValve.invoke(ErrorReportValve.java:93)
	at org.apache.catalina.core.StandardEngineValve.invoke(StandardEngineValve.java:74)
	at org.apache.catalina.connector.CoyoteAdapter.service(CoyoteAdapter.java:342)
	at org.apache.coyote.http11.Http11Processor.service(Http11Processor.java:390)
	at org.apache.coyote.AbstractProcessorLight.process(AbstractProcessorLight.java:63)
	at org.apache.coyote.AbstractProtocol$ConnectionHandler.process(AbstractProtocol.java:928)
	at org.apache.tomcat.util.net.NioEndpoint$SocketProcessor.doRun(NioEndpoint.java:1794)
	at org.apache.tomcat.util.net.SocketProcessorBase.run(SocketProcessorBase.java:52)
	at org.apache.tomcat.util.threads.ThreadPoolExecutor.runWorker(ThreadPoolExecutor.java:1191)
	at org.apache.tomcat.util.threads.ThreadPoolExecutor$Worker.run(ThreadPoolExecutor.java:659)
	at org.apache.tomcat.util.threads.TaskThread$WrappingRunnable.run(TaskThread.java:61)
	at java.base/java.lang.Thread.run(Thread.java:834)
Caused by: org.springframework.core.serializer.support.SerializationFailedException: Failed to serialize object using DefaultSerializer; nested exception is java.lang.IllegalArgumentException: DefaultSerializer requires a Serializable payload but received an object of type [com.accounting.dto.DashboardDTO]
	at org.springframework.core.serializer.support.SerializingConverter.convert(SerializingConverter.java:64)
	at org.springframework.core.serializer.support.SerializingConverter.convert(SerializingConverter.java:33)
	at org.springframework.data.redis.serializer.JdkSerializationRedisSerializer.serialize(JdkSerializationRedisSerializer.java:94)
	... 68 common frames omitted
Caused by: java.lang.IllegalArgumentException: DefaultSerializer requires a Serializable payload but received an object of type [com.accounting.dto.DashboardDTO]
	at org.springframework.core.serializer.DefaultSerializer.serialize(DefaultSerializer.java:43)
	at org.springframework.core.serializer.Serializer.serializeToByteArray(Serializer.java:56)
	at org.springframework.core.serializer.support.SerializingConverter.convert(SerializingConverter.java:60)
	... 70 common frames omitted
2026-05-26 14:18:44 [http-nio-8080-exec-3] INFO  c.a.controller.DashboardController - API: 获取看板数据
2026-05-26 14:18:44 [http-nio-8080-exec-3] INFO  c.a.service.DashboardService - 获取看板数据
2026-05-26 14:18:44 [http-nio-8080-exec-1] INFO  c.a.controller.CategoryController - API: 按类型获取分类: EXPENSE
2026-05-26 14:18:44 [http-nio-8080-exec-5] INFO  c.a.controller.BillController - API: 获取最近30天的账单
2026-05-26 14:18:44 [http-nio-8080-exec-5] INFO  com.accounting.service.BillService - 获取最近30天的账单
2026-05-26 14:18:44 [http-nio-8080-exec-1] INFO  c.accounting.service.CategoryService - 获取支出分类列表
2026-05-26 14:18:44 [http-nio-8080-exec-3] INFO  com.accounting.service.BudgetService - 获取当前生效的预算列表
2026-05-26 14:18:44 [http-nio-8080-exec-1] ERROR c.a.exception.GlobalExceptionHandler - 系统异常: 
org.springframework.data.redis.serializer.SerializationException: Cannot serialize; nested exception is org.springframework.core.serializer.support.SerializationFailedException: Failed to serialize object using DefaultSerializer; nested exception is java.io.NotSerializableException: com.accounting.entity.Category
	at org.springframework.data.redis.serializer.JdkSerializationRedisSerializer.serialize(JdkSerializationRedisSerializer.java:96)
	at org.springframework.data.redis.serializer.DefaultRedisElementWriter.write(DefaultRedisElementWriter.java:44)
	at org.springframework.data.redis.serializer.RedisSerializationContext$SerializationPair.write(RedisSerializationContext.java:290)
	at org.springframework.data.redis.cache.RedisCache.serializeCacheValue(RedisCache.java:285)
	at org.springframework.data.redis.cache.RedisCache.put(RedisCache.java:171)
	at org.springframework.cache.interceptor.AbstractCacheInvoker.doPut(AbstractCacheInvoker.java:87)
	at org.springframework.cache.interceptor.CacheAspectSupport$CachePutRequest.apply(CacheAspectSupport.java:837)
	at org.springframework.cache.interceptor.CacheAspectSupport.execute(CacheAspectSupport.java:429)
	at org.springframework.cache.interceptor.CacheAspectSupport.execute(CacheAspectSupport.java:345)
	at org.springframework.cache.interceptor.CacheInterceptor.invoke(CacheInterceptor.java:64)
	at org.springframework.aop.framework.ReflectiveMethodInvocation.proceed(ReflectiveMethodInvocation.java:186)
	at org.springframework.aop.framework.CglibAopProxy$CglibMethodInvocation.proceed(CglibAopProxy.java:762)
	at org.springframework.aop.framework.CglibAopProxy$DynamicAdvisedInterceptor.intercept(CglibAopProxy.java:707)
	at com.accounting.service.CategoryService$$EnhancerBySpringCGLIB$$cbe36f79.getCategoriesByType(<generated>)
	at com.accounting.controller.CategoryController.getCategoriesByType(CategoryController.java:38)
	at java.base/jdk.internal.reflect.NativeMethodAccessorImpl.invoke0(Native Method)
	at java.base/jdk.internal.reflect.NativeMethodAccessorImpl.invoke(NativeMethodAccessorImpl.java:62)
	at java.base/jdk.internal.reflect.DelegatingMethodAccessorImpl.invoke(DelegatingMethodAccessorImpl.java:43)
	at java.base/java.lang.reflect.Method.invoke(Method.java:566)
	at org.springframework.web.method.support.InvocableHandlerMethod.doInvoke(InvocableHandlerMethod.java:205)
	at org.springframework.web.method.support.InvocableHandlerMethod.invokeForRequest(InvocableHandlerMethod.java:150)
	at org.springframework.web.servlet.mvc.method.annotation.ServletInvocableHandlerMethod.invokeAndHandle(ServletInvocableHandlerMethod.java:117)
	at org.springframework.web.servlet.mvc.method.annotation.RequestMappingHandlerAdapter.invokeHandlerMethod(RequestMappingHandlerAdapter.java:895)
	at org.springframework.web.servlet.mvc.method.annotation.RequestMappingHandlerAdapter.handleInternal(RequestMappingHandlerAdapter.java:808)
	at org.springframework.web.servlet.mvc.method.AbstractHandlerMethodAdapter.handle(AbstractHandlerMethodAdapter.java:87)
	at org.springframework.web.servlet.DispatcherServlet.doDispatch(DispatcherServlet.java:1072)
	at org.springframework.web.servlet.DispatcherServlet.doService(DispatcherServlet.java:965)
	at org.springframework.web.servlet.FrameworkServlet.processRequest(FrameworkServlet.java:1006)
	at org.springframework.web.servlet.FrameworkServlet.doGet(FrameworkServlet.java:898)
	at javax.servlet.http.HttpServlet.service(HttpServlet.java:529)
	at org.springframework.web.servlet.FrameworkServlet.service(FrameworkServlet.java:883)
	at javax.servlet.http.HttpServlet.service(HttpServlet.java:623)
	at org.apache.catalina.core.ApplicationFilterChain.internalDoFilter(ApplicationFilterChain.java:209)
	at org.apache.catalina.core.ApplicationFilterChain.doFilter(ApplicationFilterChain.java:153)
	at org.apache.tomcat.websocket.server.WsFilter.doFilter(WsFilter.java:51)
	at org.apache.catalina.core.ApplicationFilterChain.internalDoFilter(ApplicationFilterChain.java:178)
	at org.apache.catalina.core.ApplicationFilterChain.doFilter(ApplicationFilterChain.java:153)
	at org.springframework.web.filter.CorsFilter.doFilterInternal(CorsFilter.java:91)
	at org.springframework.web.filter.OncePerRequestFilter.doFilter(OncePerRequestFilter.java:117)
	at org.apache.catalina.core.ApplicationFilterChain.internalDoFilter(ApplicationFilterChain.java:178)
	at org.apache.catalina.core.ApplicationFilterChain.doFilter(ApplicationFilterChain.java:153)
	at org.springframework.web.filter.RequestContextFilter.doFilterInternal(RequestContextFilter.java:100)
	at org.springframework.web.filter.OncePerRequestFilter.doFilter(OncePerRequestFilter.java:117)
	at org.apache.catalina.core.ApplicationFilterChain.internalDoFilter(ApplicationFilterChain.java:178)
	at org.apache.catalina.core.ApplicationFilterChain.doFilter(ApplicationFilterChain.java:153)
	at org.springframework.web.filter.FormContentFilter.doFilterInternal(FormContentFilter.java:93)
	at org.springframework.web.filter.OncePerRequestFilter.doFilter(OncePerRequestFilter.java:117)
	at org.apache.catalina.core.ApplicationFilterChain.internalDoFilter(ApplicationFilterChain.java:178)
	at org.apache.catalina.core.ApplicationFilterChain.doFilter(ApplicationFilterChain.java:153)
	at org.springframework.web.filter.CharacterEncodingFilter.doFilterInternal(CharacterEncodingFilter.java:201)
	at org.springframework.web.filter.OncePerRequestFilter.doFilter(OncePerRequestFilter.java:117)
	at org.apache.catalina.core.ApplicationFilterChain.internalDoFilter(ApplicationFilterChain.java:178)
	at org.apache.catalina.core.ApplicationFilterChain.doFilter(ApplicationFilterChain.java:153)
	at org.apache.catalina.core.StandardWrapperValve.invoke(StandardWrapperValve.java:168)
	at org.apache.catalina.core.StandardContextValve.invoke(StandardContextValve.java:90)
	at org.apache.catalina.authenticator.AuthenticatorBase.invoke(AuthenticatorBase.java:481)
	at org.apache.catalina.core.StandardHostValve.invoke(StandardHostValve.java:130)
	at org.apache.catalina.valves.ErrorReportValve.invoke(ErrorReportValve.java:93)
	at org.apache.catalina.core.StandardEngineValve.invoke(StandardEngineValve.java:74)
	at org.apache.catalina.connector.CoyoteAdapter.service(CoyoteAdapter.java:342)
	at org.apache.coyote.http11.Http11Processor.service(Http11Processor.java:390)
	at org.apache.coyote.AbstractProcessorLight.process(AbstractProcessorLight.java:63)
	at org.apache.coyote.AbstractProtocol$ConnectionHandler.process(AbstractProtocol.java:928)
	at org.apache.tomcat.util.net.NioEndpoint$SocketProcessor.doRun(NioEndpoint.java:1794)
	at org.apache.tomcat.util.net.SocketProcessorBase.run(SocketProcessorBase.java:52)
	at org.apache.tomcat.util.threads.ThreadPoolExecutor.runWorker(ThreadPoolExecutor.java:1191)
	at org.apache.tomcat.util.threads.ThreadPoolExecutor$Worker.run(ThreadPoolExecutor.java:659)
	at org.apache.tomcat.util.threads.TaskThread$WrappingRunnable.run(TaskThread.java:61)
	at java.base/java.lang.Thread.run(Thread.java:834)
Caused by: org.springframework.core.serializer.support.SerializationFailedException: Failed to serialize object using DefaultSerializer; nested exception is java.io.NotSerializableException: com.accounting.entity.Category
	at org.springframework.core.serializer.support.SerializingConverter.convert(SerializingConverter.java:64)
	at org.springframework.core.serializer.support.SerializingConverter.convert(SerializingConverter.java:33)
	at org.springframework.data.redis.serializer.JdkSerializationRedisSerializer.serialize(JdkSerializationRedisSerializer.java:94)
	... 68 common frames omitted
Caused by: java.io.NotSerializableException: com.accounting.entity.Category
	at java.base/java.io.ObjectOutputStream.writeObject0(ObjectOutputStream.java:1185)
	at java.base/java.io.ObjectOutputStream.writeObject(ObjectOutputStream.java:349)
	at java.base/java.util.ArrayList.writeObject(ArrayList.java:896)
	at java.base/jdk.internal.reflect.NativeMethodAccessorImpl.invoke0(Native Method)
	at java.base/jdk.internal.reflect.NativeMethodAccessorImpl.invoke(NativeMethodAccessorImpl.java:62)
	at java.base/jdk.internal.reflect.DelegatingMethodAccessorImpl.invoke(DelegatingMethodAccessorImpl.java:43)
	at java.base/java.lang.reflect.Method.invoke(Method.java:566)
	at java.base/java.io.ObjectStreamClass.invokeWriteObject(ObjectStreamClass.java:1130)
	at java.base/java.io.ObjectOutputStream.writeSerialData(ObjectOutputStream.java:1497)
	at java.base/java.io.ObjectOutputStream.writeOrdinaryObject(ObjectOutputStream.java:1433)
	at java.base/java.io.ObjectOutputStream.writeObject0(ObjectOutputStream.java:1179)
	at java.base/java.io.ObjectOutputStream.writeObject(ObjectOutputStream.java:349)
	at org.springframework.core.serializer.DefaultSerializer.serialize(DefaultSerializer.java:46)
	at org.springframework.core.serializer.Serializer.serializeToByteArray(Serializer.java:56)
	at org.springframework.core.serializer.support.SerializingConverter.convert(SerializingConverter.java:60)
	... 70 common frames omitted
2026-05-26 14:18:44 [http-nio-8080-exec-3] INFO  com.accounting.service.BudgetService - 计算预算使用情况: 1
2026-05-26 14:18:44 [http-nio-8080-exec-3] INFO  com.accounting.service.BudgetService - 根据ID获取预算: 1
2026-05-26 14:18:44 [http-nio-8080-exec-3] INFO  com.accounting.service.BudgetService - 计算预算使用情况: 1
2026-05-26 14:18:44 [http-nio-8080-exec-3] INFO  com.accounting.service.BudgetService - 根据ID获取预算: 1
2026-05-26 14:18:44 [http-nio-8080-exec-3] INFO  c.a.service.DashboardService - 检查异常消费: 月均支出=0.00
2026-05-26 14:18:44 [http-nio-8080-exec-3] ERROR c.a.exception.GlobalExceptionHandler - 系统异常: 
org.springframework.data.redis.serializer.SerializationException: Cannot serialize; nested exception is org.springframework.core.serializer.support.SerializationFailedException: Failed to serialize object using DefaultSerializer; nested exception is java.lang.IllegalArgumentException: DefaultSerializer requires a Serializable payload but received an object of type [com.accounting.dto.DashboardDTO]
	at org.springframework.data.redis.serializer.JdkSerializationRedisSerializer.serialize(JdkSerializationRedisSerializer.java:96)
	at org.springframework.data.redis.serializer.DefaultRedisElementWriter.write(DefaultRedisElementWriter.java:44)
	at org.springframework.data.redis.serializer.RedisSerializationContext$SerializationPair.write(RedisSerializationContext.java:290)
	at org.springframework.data.redis.cache.RedisCache.serializeCacheValue(RedisCache.java:285)
	at org.springframework.data.redis.cache.RedisCache.put(RedisCache.java:171)
	at org.springframework.cache.interceptor.AbstractCacheInvoker.doPut(AbstractCacheInvoker.java:87)
	at org.springframework.cache.interceptor.CacheAspectSupport$CachePutRequest.apply(CacheAspectSupport.java:837)
	at org.springframework.cache.interceptor.CacheAspectSupport.execute(CacheAspectSupport.java:429)
	at org.springframework.cache.interceptor.CacheAspectSupport.execute(CacheAspectSupport.java:345)
	at org.springframework.cache.interceptor.CacheInterceptor.invoke(CacheInterceptor.java:64)
	at org.springframework.aop.framework.ReflectiveMethodInvocation.proceed(ReflectiveMethodInvocation.java:186)
	at org.springframework.aop.framework.CglibAopProxy$CglibMethodInvocation.proceed(CglibAopProxy.java:762)
	at org.springframework.aop.framework.CglibAopProxy$DynamicAdvisedInterceptor.intercept(CglibAopProxy.java:707)
	at com.accounting.service.DashboardService$$EnhancerBySpringCGLIB$$4b3890c.getDashboardData(<generated>)
	at com.accounting.controller.DashboardController.getDashboardData(DashboardController.java:27)
	at java.base/jdk.internal.reflect.NativeMethodAccessorImpl.invoke0(Native Method)
	at java.base/jdk.internal.reflect.NativeMethodAccessorImpl.invoke(NativeMethodAccessorImpl.java:62)
	at java.base/jdk.internal.reflect.DelegatingMethodAccessorImpl.invoke(DelegatingMethodAccessorImpl.java:43)
	at java.base/java.lang.reflect.Method.invoke(Method.java:566)
	at org.springframework.web.method.support.InvocableHandlerMethod.doInvoke(InvocableHandlerMethod.java:205)
	at org.springframework.web.method.support.InvocableHandlerMethod.invokeForRequest(InvocableHandlerMethod.java:150)
	at org.springframework.web.servlet.mvc.method.annotation.ServletInvocableHandlerMethod.invokeAndHandle(ServletInvocableHandlerMethod.java:117)
	at org.springframework.web.servlet.mvc.method.annotation.RequestMappingHandlerAdapter.invokeHandlerMethod(RequestMappingHandlerAdapter.java:895)
	at org.springframework.web.servlet.mvc.method.annotation.RequestMappingHandlerAdapter.handleInternal(RequestMappingHandlerAdapter.java:808)
	at org.springframework.web.servlet.mvc.method.AbstractHandlerMethodAdapter.handle(AbstractHandlerMethodAdapter.java:87)
	at org.springframework.web.servlet.DispatcherServlet.doDispatch(DispatcherServlet.java:1072)
	at org.springframework.web.servlet.DispatcherServlet.doService(DispatcherServlet.java:965)
	at org.springframework.web.servlet.FrameworkServlet.processRequest(FrameworkServlet.java:1006)
	at org.springframework.web.servlet.FrameworkServlet.doGet(FrameworkServlet.java:898)
	at javax.servlet.http.HttpServlet.service(HttpServlet.java:529)
	at org.springframework.web.servlet.FrameworkServlet.service(FrameworkServlet.java:883)
	at javax.servlet.http.HttpServlet.service(HttpServlet.java:623)
	at org.apache.catalina.core.ApplicationFilterChain.internalDoFilter(ApplicationFilterChain.java:209)
	at org.apache.catalina.core.ApplicationFilterChain.doFilter(ApplicationFilterChain.java:153)
	at org.apache.tomcat.websocket.server.WsFilter.doFilter(WsFilter.java:51)
	at org.apache.catalina.core.ApplicationFilterChain.internalDoFilter(ApplicationFilterChain.java:178)
	at org.apache.catalina.core.ApplicationFilterChain.doFilter(ApplicationFilterChain.java:153)
	at org.springframework.web.filter.CorsFilter.doFilterInternal(CorsFilter.java:91)
	at org.springframework.web.filter.OncePerRequestFilter.doFilter(OncePerRequestFilter.java:117)
	at org.apache.catalina.core.ApplicationFilterChain.internalDoFilter(ApplicationFilterChain.java:178)
	at org.apache.catalina.core.ApplicationFilterChain.doFilter(ApplicationFilterChain.java:153)
	at org.springframework.web.filter.RequestContextFilter.doFilterInternal(RequestContextFilter.java:100)
	at org.springframework.web.filter.OncePerRequestFilter.doFilter(OncePerRequestFilter.java:117)
	at org.apache.catalina.core.ApplicationFilterChain.internalDoFilter(ApplicationFilterChain.java:178)
	at org.apache.catalina.core.ApplicationFilterChain.doFilter(ApplicationFilterChain.java:153)
	at org.springframework.web.filter.FormContentFilter.doFilterInternal(FormContentFilter.java:93)
	at org.springframework.web.filter.OncePerRequestFilter.doFilter(OncePerRequestFilter.java:117)
	at org.apache.catalina.core.ApplicationFilterChain.internalDoFilter(ApplicationFilterChain.java:178)
	at org.apache.catalina.core.ApplicationFilterChain.doFilter(ApplicationFilterChain.java:153)
	at org.springframework.web.filter.CharacterEncodingFilter.doFilterInternal(CharacterEncodingFilter.java:201)
	at org.springframework.web.filter.OncePerRequestFilter.doFilter(OncePerRequestFilter.java:117)
	at org.apache.catalina.core.ApplicationFilterChain.internalDoFilter(ApplicationFilterChain.java:178)
	at org.apache.catalina.core.ApplicationFilterChain.doFilter(ApplicationFilterChain.java:153)
	at org.apache.catalina.core.StandardWrapperValve.invoke(StandardWrapperValve.java:168)
	at org.apache.catalina.core.StandardContextValve.invoke(StandardContextValve.java:90)
	at org.apache.catalina.authenticator.AuthenticatorBase.invoke(AuthenticatorBase.java:481)
	at org.apache.catalina.core.StandardHostValve.invoke(StandardHostValve.java:130)
	at org.apache.catalina.valves.ErrorReportValve.invoke(ErrorReportValve.java:93)
	at org.apache.catalina.core.StandardEngineValve.invoke(StandardEngineValve.java:74)
	at org.apache.catalina.connector.CoyoteAdapter.service(CoyoteAdapter.java:342)
	at org.apache.coyote.http11.Http11Processor.service(Http11Processor.java:390)
	at org.apache.coyote.AbstractProcessorLight.process(AbstractProcessorLight.java:63)
	at org.apache.coyote.AbstractProtocol$ConnectionHandler.process(AbstractProtocol.java:928)
	at org.apache.tomcat.util.net.NioEndpoint$SocketProcessor.doRun(NioEndpoint.java:1794)
	at org.apache.tomcat.util.net.SocketProcessorBase.run(SocketProcessorBase.java:52)
	at org.apache.tomcat.util.threads.ThreadPoolExecutor.runWorker(ThreadPoolExecutor.java:1191)
	at org.apache.tomcat.util.threads.ThreadPoolExecutor$Worker.run(ThreadPoolExecutor.java:659)
	at org.apache.tomcat.util.threads.TaskThread$WrappingRunnable.run(TaskThread.java:61)
	at java.base/java.lang.Thread.run(Thread.java:834)
Caused by: org.springframework.core.serializer.support.SerializationFailedException: Failed to serialize object using DefaultSerializer; nested exception is java.lang.IllegalArgumentException: DefaultSerializer requires a Serializable payload but received an object of type [com.accounting.dto.DashboardDTO]
	at org.springframework.core.serializer.support.SerializingConverter.convert(SerializingConverter.java:64)
	at org.springframework.core.serializer.support.SerializingConverter.convert(SerializingConverter.java:33)
	at org.springframework.data.redis.serializer.JdkSerializationRedisSerializer.serialize(JdkSerializationRedisSerializer.java:94)
	... 68 common frames omitted
Caused by: java.lang.IllegalArgumentException: DefaultSerializer requires a Serializable payload but received an object of type [com.accounting.dto.DashboardDTO]
	at org.springframework.core.serializer.DefaultSerializer.serialize(DefaultSerializer.java:43)
	at org.springframework.core.serializer.Serializer.serializeToByteArray(Serializer.java:56)
	at org.springframework.core.serializer.support.SerializingConverter.convert(SerializingConverter.java:60)
	... 70 common frames omitted
2026-05-26 14:18:44 [http-nio-8080-exec-5] DEBUG com.accounting.service.BillService - 从Redis缓存获取最近30天账单
2026-05-26 14:18:55 [http-nio-8080-exec-7] INFO  c.a.controller.CategoryController - API: 获取全部分类
2026-05-26 14:18:55 [http-nio-8080-exec-8] INFO  c.a.controller.AccountController - API: 获取全部账户
2026-05-26 14:18:55 [http-nio-8080-exec-7] INFO  c.accounting.service.CategoryService - 获取全部分类列表
2026-05-26 14:18:55 [http-nio-8080-exec-8] INFO  c.accounting.service.AccountService - 获取全部账户列表
2026-05-26 14:18:55 [http-nio-8080-exec-8] ERROR c.a.exception.GlobalExceptionHandler - 系统异常: 
org.springframework.data.redis.serializer.SerializationException: Cannot serialize; nested exception is org.springframework.core.serializer.support.SerializationFailedException: Failed to serialize object using DefaultSerializer; nested exception is java.io.NotSerializableException: com.accounting.entity.Account
	at org.springframework.data.redis.serializer.JdkSerializationRedisSerializer.serialize(JdkSerializationRedisSerializer.java:96)
	at org.springframework.data.redis.serializer.DefaultRedisElementWriter.write(DefaultRedisElementWriter.java:44)
	at org.springframework.data.redis.serializer.RedisSerializationContext$SerializationPair.write(RedisSerializationContext.java:290)
	at org.springframework.data.redis.cache.RedisCache.serializeCacheValue(RedisCache.java:285)
	at org.springframework.data.redis.cache.RedisCache.put(RedisCache.java:171)
	at org.springframework.cache.interceptor.AbstractCacheInvoker.doPut(AbstractCacheInvoker.java:87)
	at org.springframework.cache.interceptor.CacheAspectSupport$CachePutRequest.apply(CacheAspectSupport.java:837)
	at org.springframework.cache.interceptor.CacheAspectSupport.execute(CacheAspectSupport.java:429)
	at org.springframework.cache.interceptor.CacheAspectSupport.execute(CacheAspectSupport.java:345)
	at org.springframework.cache.interceptor.CacheInterceptor.invoke(CacheInterceptor.java:64)
	at org.springframework.aop.framework.ReflectiveMethodInvocation.proceed(ReflectiveMethodInvocation.java:186)
	at org.springframework.aop.framework.CglibAopProxy$CglibMethodInvocation.proceed(CglibAopProxy.java:762)
	at org.springframework.aop.framework.CglibAopProxy$DynamicAdvisedInterceptor.intercept(CglibAopProxy.java:707)
	at com.accounting.service.AccountService$$EnhancerBySpringCGLIB$$48b776ea.getAllAccounts(<generated>)
	at com.accounting.controller.AccountController.getAllAccounts(AccountController.java:29)
	at java.base/jdk.internal.reflect.NativeMethodAccessorImpl.invoke0(Native Method)
	at java.base/jdk.internal.reflect.NativeMethodAccessorImpl.invoke(NativeMethodAccessorImpl.java:62)
	at java.base/jdk.internal.reflect.DelegatingMethodAccessorImpl.invoke(DelegatingMethodAccessorImpl.java:43)
	at java.base/java.lang.reflect.Method.invoke(Method.java:566)
	at org.springframework.web.method.support.InvocableHandlerMethod.doInvoke(InvocableHandlerMethod.java:205)
	at org.springframework.web.method.support.InvocableHandlerMethod.invokeForRequest(InvocableHandlerMethod.java:150)
	at org.springframework.web.servlet.mvc.method.annotation.ServletInvocableHandlerMethod.invokeAndHandle(ServletInvocableHandlerMethod.java:117)
	at org.springframework.web.servlet.mvc.method.annotation.RequestMappingHandlerAdapter.invokeHandlerMethod(RequestMappingHandlerAdapter.java:895)
	at org.springframework.web.servlet.mvc.method.annotation.RequestMappingHandlerAdapter.handleInternal(RequestMappingHandlerAdapter.java:808)
	at org.springframework.web.servlet.mvc.method.AbstractHandlerMethodAdapter.handle(AbstractHandlerMethodAdapter.java:87)
	at org.springframework.web.servlet.DispatcherServlet.doDispatch(DispatcherServlet.java:1072)
	at org.springframework.web.servlet.DispatcherServlet.doService(DispatcherServlet.java:965)
	at org.springframework.web.servlet.FrameworkServlet.processRequest(FrameworkServlet.java:1006)
	at org.springframework.web.servlet.FrameworkServlet.doGet(FrameworkServlet.java:898)
	at javax.servlet.http.HttpServlet.service(HttpServlet.java:529)
	at org.springframework.web.servlet.FrameworkServlet.service(FrameworkServlet.java:883)
	at javax.servlet.http.HttpServlet.service(HttpServlet.java:623)
	at org.apache.catalina.core.ApplicationFilterChain.internalDoFilter(ApplicationFilterChain.java:209)
	at org.apache.catalina.core.ApplicationFilterChain.doFilter(ApplicationFilterChain.java:153)
	at org.apache.tomcat.websocket.server.WsFilter.doFilter(WsFilter.java:51)
	at org.apache.catalina.core.ApplicationFilterChain.internalDoFilter(ApplicationFilterChain.java:178)
	at org.apache.catalina.core.ApplicationFilterChain.doFilter(ApplicationFilterChain.java:153)
	at org.springframework.web.filter.CorsFilter.doFilterInternal(CorsFilter.java:91)
	at org.springframework.web.filter.OncePerRequestFilter.doFilter(OncePerRequestFilter.java:117)
	at org.apache.catalina.core.ApplicationFilterChain.internalDoFilter(ApplicationFilterChain.java:178)
	at org.apache.catalina.core.ApplicationFilterChain.doFilter(ApplicationFilterChain.java:153)
	at org.springframework.web.filter.RequestContextFilter.doFilterInternal(RequestContextFilter.java:100)
	at org.springframework.web.filter.OncePerRequestFilter.doFilter(OncePerRequestFilter.java:117)
	at org.apache.catalina.core.ApplicationFilterChain.internalDoFilter(ApplicationFilterChain.java:178)
	at org.apache.catalina.core.ApplicationFilterChain.doFilter(ApplicationFilterChain.java:153)
	at org.springframework.web.filter.FormContentFilter.doFilterInternal(FormContentFilter.java:93)
	at org.springframework.web.filter.OncePerRequestFilter.doFilter(OncePerRequestFilter.java:117)
	at org.apache.catalina.core.ApplicationFilterChain.internalDoFilter(ApplicationFilterChain.java:178)
	at org.apache.catalina.core.ApplicationFilterChain.doFilter(ApplicationFilterChain.java:153)
	at org.springframework.web.filter.CharacterEncodingFilter.doFilterInternal(CharacterEncodingFilter.java:201)
	at org.springframework.web.filter.OncePerRequestFilter.doFilter(OncePerRequestFilter.java:117)
	at org.apache.catalina.core.ApplicationFilterChain.internalDoFilter(ApplicationFilterChain.java:178)
	at org.apache.catalina.core.ApplicationFilterChain.doFilter(ApplicationFilterChain.java:153)
	at org.apache.catalina.core.StandardWrapperValve.invoke(StandardWrapperValve.java:168)
	at org.apache.catalina.core.StandardContextValve.invoke(StandardContextValve.java:90)
	at org.apache.catalina.authenticator.AuthenticatorBase.invoke(AuthenticatorBase.java:481)
	at org.apache.catalina.core.StandardHostValve.invoke(StandardHostValve.java:130)
	at org.apache.catalina.valves.ErrorReportValve.invoke(ErrorReportValve.java:93)
	at org.apache.catalina.core.StandardEngineValve.invoke(StandardEngineValve.java:74)
	at org.apache.catalina.connector.CoyoteAdapter.service(CoyoteAdapter.java:342)
	at org.apache.coyote.http11.Http11Processor.service(Http11Processor.java:390)
	at org.apache.coyote.AbstractProcessorLight.process(AbstractProcessorLight.java:63)
	at org.apache.coyote.AbstractProtocol$ConnectionHandler.process(AbstractProtocol.java:928)
	at org.apache.tomcat.util.net.NioEndpoint$SocketProcessor.doRun(NioEndpoint.java:1794)
	at org.apache.tomcat.util.net.SocketProcessorBase.run(SocketProcessorBase.java:52)
	at org.apache.tomcat.util.threads.ThreadPoolExecutor.runWorker(ThreadPoolExecutor.java:1191)
	at org.apache.tomcat.util.threads.ThreadPoolExecutor$Worker.run(ThreadPoolExecutor.java:659)
	at org.apache.tomcat.util.threads.TaskThread$WrappingRunnable.run(TaskThread.java:61)
	at java.base/java.lang.Thread.run(Thread.java:834)
Caused by: org.springframework.core.serializer.support.SerializationFailedException: Failed to serialize object using DefaultSerializer; nested exception is java.io.NotSerializableException: com.accounting.entity.Account
	at org.springframework.core.serializer.support.SerializingConverter.convert(SerializingConverter.java:64)
	at org.springframework.core.serializer.support.SerializingConverter.convert(SerializingConverter.java:33)
	at org.springframework.data.redis.serializer.JdkSerializationRedisSerializer.serialize(JdkSerializationRedisSerializer.java:94)
	... 68 common frames omitted
Caused by: java.io.NotSerializableException: com.accounting.entity.Account
	at java.base/java.io.ObjectOutputStream.writeObject0(ObjectOutputStream.java:1185)
	at java.base/java.io.ObjectOutputStream.writeObject(ObjectOutputStream.java:349)
	at java.base/java.util.ArrayList.writeObject(ArrayList.java:896)
	at java.base/jdk.internal.reflect.NativeMethodAccessorImpl.invoke0(Native Method)
	at java.base/jdk.internal.reflect.NativeMethodAccessorImpl.invoke(NativeMethodAccessorImpl.java:62)
	at java.base/jdk.internal.reflect.DelegatingMethodAccessorImpl.invoke(DelegatingMethodAccessorImpl.java:43)
	at java.base/java.lang.reflect.Method.invoke(Method.java:566)
	at java.base/java.io.ObjectStreamClass.invokeWriteObject(ObjectStreamClass.java:1130)
	at java.base/java.io.ObjectOutputStream.writeSerialData(ObjectOutputStream.java:1497)
	at java.base/java.io.ObjectOutputStream.writeOrdinaryObject(ObjectOutputStream.java:1433)
	at java.base/java.io.ObjectOutputStream.writeObject0(ObjectOutputStream.java:1179)
	at java.base/java.io.ObjectOutputStream.writeObject(ObjectOutputStream.java:349)
	at org.springframework.core.serializer.DefaultSerializer.serialize(DefaultSerializer.java:46)
	at org.springframework.core.serializer.Serializer.serializeToByteArray(Serializer.java:56)
	at org.springframework.core.serializer.support.SerializingConverter.convert(SerializingConverter.java:60)
	... 70 common frames omitted
2026-05-26 14:18:55 [http-nio-8080-exec-7] ERROR c.a.exception.GlobalExceptionHandler - 系统异常: 
org.springframework.data.redis.serializer.SerializationException: Cannot serialize; nested exception is org.springframework.core.serializer.support.SerializationFailedException: Failed to serialize object using DefaultSerializer; nested exception is java.io.NotSerializableException: com.accounting.entity.Category
	at org.springframework.data.redis.serializer.JdkSerializationRedisSerializer.serialize(JdkSerializationRedisSerializer.java:96)
	at org.springframework.data.redis.serializer.DefaultRedisElementWriter.write(DefaultRedisElementWriter.java:44)
	at org.springframework.data.redis.serializer.RedisSerializationContext$SerializationPair.write(RedisSerializationContext.java:290)
	at org.springframework.data.redis.cache.RedisCache.serializeCacheValue(RedisCache.java:285)
	at org.springframework.data.redis.cache.RedisCache.put(RedisCache.java:171)
	at org.springframework.cache.interceptor.AbstractCacheInvoker.doPut(AbstractCacheInvoker.java:87)
	at org.springframework.cache.interceptor.CacheAspectSupport$CachePutRequest.apply(CacheAspectSupport.java:837)
	at org.springframework.cache.interceptor.CacheAspectSupport.execute(CacheAspectSupport.java:429)
	at org.springframework.cache.interceptor.CacheAspectSupport.execute(CacheAspectSupport.java:345)
	at org.springframework.cache.interceptor.CacheInterceptor.invoke(CacheInterceptor.java:64)
	at org.springframework.aop.framework.ReflectiveMethodInvocation.proceed(ReflectiveMethodInvocation.java:186)
	at org.springframework.aop.framework.CglibAopProxy$CglibMethodInvocation.proceed(CglibAopProxy.java:762)
	at org.springframework.aop.framework.CglibAopProxy$DynamicAdvisedInterceptor.intercept(CglibAopProxy.java:707)
	at com.accounting.service.CategoryService$$EnhancerBySpringCGLIB$$cbe36f79.getAllCategories(<generated>)
	at com.accounting.controller.CategoryController.getAllCategories(CategoryController.java:29)
	at java.base/jdk.internal.reflect.NativeMethodAccessorImpl.invoke0(Native Method)
	at java.base/jdk.internal.reflect.NativeMethodAccessorImpl.invoke(NativeMethodAccessorImpl.java:62)
	at java.base/jdk.internal.reflect.DelegatingMethodAccessorImpl.invoke(DelegatingMethodAccessorImpl.java:43)
	at java.base/java.lang.reflect.Method.invoke(Method.java:566)
	at org.springframework.web.method.support.InvocableHandlerMethod.doInvoke(InvocableHandlerMethod.java:205)
	at org.springframework.web.method.support.InvocableHandlerMethod.invokeForRequest(InvocableHandlerMethod.java:150)
	at org.springframework.web.servlet.mvc.method.annotation.ServletInvocableHandlerMethod.invokeAndHandle(ServletInvocableHandlerMethod.java:117)
	at org.springframework.web.servlet.mvc.method.annotation.RequestMappingHandlerAdapter.invokeHandlerMethod(RequestMappingHandlerAdapter.java:895)
	at org.springframework.web.servlet.mvc.method.annotation.RequestMappingHandlerAdapter.handleInternal(RequestMappingHandlerAdapter.java:808)
	at org.springframework.web.servlet.mvc.method.AbstractHandlerMethodAdapter.handle(AbstractHandlerMethodAdapter.java:87)
	at org.springframework.web.servlet.DispatcherServlet.doDispatch(DispatcherServlet.java:1072)
	at org.springframework.web.servlet.DispatcherServlet.doService(DispatcherServlet.java:965)
	at org.springframework.web.servlet.FrameworkServlet.processRequest(FrameworkServlet.java:1006)
	at org.springframework.web.servlet.FrameworkServlet.doGet(FrameworkServlet.java:898)
	at javax.servlet.http.HttpServlet.service(HttpServlet.java:529)
	at org.springframework.web.servlet.FrameworkServlet.service(FrameworkServlet.java:883)
	at javax.servlet.http.HttpServlet.service(HttpServlet.java:623)
	at org.apache.catalina.core.ApplicationFilterChain.internalDoFilter(ApplicationFilterChain.java:209)
	at org.apache.catalina.core.ApplicationFilterChain.doFilter(ApplicationFilterChain.java:153)
	at org.apache.tomcat.websocket.server.WsFilter.doFilter(WsFilter.java:51)
	at org.apache.catalina.core.ApplicationFilterChain.internalDoFilter(ApplicationFilterChain.java:178)
	at org.apache.catalina.core.ApplicationFilterChain.doFilter(ApplicationFilterChain.java:153)
	at org.springframework.web.filter.CorsFilter.doFilterInternal(CorsFilter.java:91)
	at org.springframework.web.filter.OncePerRequestFilter.doFilter(OncePerRequestFilter.java:117)
	at org.apache.catalina.core.ApplicationFilterChain.internalDoFilter(ApplicationFilterChain.java:178)
	at org.apache.catalina.core.ApplicationFilterChain.doFilter(ApplicationFilterChain.java:153)
	at org.springframework.web.filter.RequestContextFilter.doFilterInternal(RequestContextFilter.java:100)
	at org.springframework.web.filter.OncePerRequestFilter.doFilter(OncePerRequestFilter.java:117)
	at org.apache.catalina.core.ApplicationFilterChain.internalDoFilter(ApplicationFilterChain.java:178)
	at org.apache.catalina.core.ApplicationFilterChain.doFilter(ApplicationFilterChain.java:153)
	at org.springframework.web.filter.FormContentFilter.doFilterInternal(FormContentFilter.java:93)
	at org.springframework.web.filter.OncePerRequestFilter.doFilter(OncePerRequestFilter.java:117)
	at org.apache.catalina.core.ApplicationFilterChain.internalDoFilter(ApplicationFilterChain.java:178)
	at org.apache.catalina.core.ApplicationFilterChain.doFilter(ApplicationFilterChain.java:153)
	at org.springframework.web.filter.CharacterEncodingFilter.doFilterInternal(CharacterEncodingFilter.java:201)
	at org.springframework.web.filter.OncePerRequestFilter.doFilter(OncePerRequestFilter.java:117)
	at org.apache.catalina.core.ApplicationFilterChain.internalDoFilter(ApplicationFilterChain.java:178)
	at org.apache.catalina.core.ApplicationFilterChain.doFilter(ApplicationFilterChain.java:153)
	at org.apache.catalina.core.StandardWrapperValve.invoke(StandardWrapperValve.java:168)
	at org.apache.catalina.core.StandardContextValve.invoke(StandardContextValve.java:90)
	at org.apache.catalina.authenticator.AuthenticatorBase.invoke(AuthenticatorBase.java:481)
	at org.apache.catalina.core.StandardHostValve.invoke(StandardHostValve.java:130)
	at org.apache.catalina.valves.ErrorReportValve.invoke(ErrorReportValve.java:93)
	at org.apache.catalina.core.StandardEngineValve.invoke(StandardEngineValve.java:74)
	at org.apache.catalina.connector.CoyoteAdapter.service(CoyoteAdapter.java:342)
	at org.apache.coyote.http11.Http11Processor.service(Http11Processor.java:390)
	at org.apache.coyote.AbstractProcessorLight.process(AbstractProcessorLight.java:63)
	at org.apache.coyote.AbstractProtocol$ConnectionHandler.process(AbstractProtocol.java:928)
	at org.apache.tomcat.util.net.NioEndpoint$SocketProcessor.doRun(NioEndpoint.java:1794)
	at org.apache.tomcat.util.net.SocketProcessorBase.run(SocketProcessorBase.java:52)
	at org.apache.tomcat.util.threads.ThreadPoolExecutor.runWorker(ThreadPoolExecutor.java:1191)
	at org.apache.tomcat.util.threads.ThreadPoolExecutor$Worker.run(ThreadPoolExecutor.java:659)
	at org.apache.tomcat.util.threads.TaskThread$WrappingRunnable.run(TaskThread.java:61)
	at java.base/java.lang.Thread.run(Thread.java:834)
Caused by: org.springframework.core.serializer.support.SerializationFailedException: Failed to serialize object using DefaultSerializer; nested exception is java.io.NotSerializableException: com.accounting.entity.Category
	at org.springframework.core.serializer.support.SerializingConverter.convert(SerializingConverter.java:64)
	at org.springframework.core.serializer.support.SerializingConverter.convert(SerializingConverter.java:33)
	at org.springframework.data.redis.serializer.JdkSerializationRedisSerializer.serialize(JdkSerializationRedisSerializer.java:94)
	... 68 common frames omitted
Caused by: java.io.NotSerializableException: com.accounting.entity.Category
	at java.base/java.io.ObjectOutputStream.writeObject0(ObjectOutputStream.java:1185)
	at java.base/java.io.ObjectOutputStream.writeObject(ObjectOutputStream.java:349)
	at java.base/java.util.ArrayList.writeObject(ArrayList.java:896)
	at java.base/jdk.internal.reflect.NativeMethodAccessorImpl.invoke0(Native Method)
	at java.base/jdk.internal.reflect.NativeMethodAccessorImpl.invoke(NativeMethodAccessorImpl.java:62)
	at java.base/jdk.internal.reflect.DelegatingMethodAccessorImpl.invoke(DelegatingMethodAccessorImpl.java:43)
	at java.base/java.lang.reflect.Method.invoke(Method.java:566)
	at java.base/java.io.ObjectStreamClass.invokeWriteObject(ObjectStreamClass.java:1130)
	at java.base/java.io.ObjectOutputStream.writeSerialData(ObjectOutputStream.java:1497)
	at java.base/java.io.ObjectOutputStream.writeOrdinaryObject(ObjectOutputStream.java:1433)
	at java.base/java.io.ObjectOutputStream.writeObject0(ObjectOutputStream.java:1179)
	at java.base/java.io.ObjectOutputStream.writeObject(ObjectOutputStream.java:349)
	at org.springframework.core.serializer.DefaultSerializer.serialize(DefaultSerializer.java:46)
	at org.springframework.core.serializer.Serializer.serializeToByteArray(Serializer.java:56)
	at org.springframework.core.serializer.support.SerializingConverter.convert(SerializingConverter.java:60)
	... 70 common frames omitted
2026-05-26 14:18:55 [http-nio-8080-exec-10] INFO  c.a.controller.DashboardController - API: 获取看板数据
2026-05-26 14:18:55 [http-nio-8080-exec-2] INFO  c.a.controller.BillController - API: 获取最近30天的账单
2026-05-26 14:18:55 [http-nio-8080-exec-2] INFO  com.accounting.service.BillService - 获取最近30天的账单
2026-05-26 14:18:55 [http-nio-8080-exec-6] INFO  c.a.controller.CategoryController - API: 按类型获取分类: EXPENSE
2026-05-26 14:18:55 [http-nio-8080-exec-10] INFO  c.a.service.DashboardService - 获取看板数据
2026-05-26 14:18:55 [http-nio-8080-exec-2] DEBUG com.accounting.service.BillService - 从Redis缓存获取最近30天账单
2026-05-26 14:18:55 [http-nio-8080-exec-6] INFO  c.accounting.service.CategoryService - 获取支出分类列表
2026-05-26 14:18:55 [http-nio-8080-exec-9] INFO  c.a.controller.BillController - API: 获取最近30天的账单
2026-05-26 14:18:55 [http-nio-8080-exec-9] INFO  com.accounting.service.BillService - 获取最近30天的账单
2026-05-26 14:18:55 [http-nio-8080-exec-9] DEBUG com.accounting.service.BillService - 从Redis缓存获取最近30天账单
2026-05-26 14:18:55 [http-nio-8080-exec-10] INFO  com.accounting.service.BudgetService - 获取当前生效的预算列表
2026-05-26 14:18:55 [http-nio-8080-exec-6] ERROR c.a.exception.GlobalExceptionHandler - 系统异常: 
org.springframework.data.redis.serializer.SerializationException: Cannot serialize; nested exception is org.springframework.core.serializer.support.SerializationFailedException: Failed to serialize object using DefaultSerializer; nested exception is java.io.NotSerializableException: com.accounting.entity.Category
	at org.springframework.data.redis.serializer.JdkSerializationRedisSerializer.serialize(JdkSerializationRedisSerializer.java:96)
	at org.springframework.data.redis.serializer.DefaultRedisElementWriter.write(DefaultRedisElementWriter.java:44)
	at org.springframework.data.redis.serializer.RedisSerializationContext$SerializationPair.write(RedisSerializationContext.java:290)
	at org.springframework.data.redis.cache.RedisCache.serializeCacheValue(RedisCache.java:285)
	at org.springframework.data.redis.cache.RedisCache.put(RedisCache.java:171)
	at org.springframework.cache.interceptor.AbstractCacheInvoker.doPut(AbstractCacheInvoker.java:87)
	at org.springframework.cache.interceptor.CacheAspectSupport$CachePutRequest.apply(CacheAspectSupport.java:837)
	at org.springframework.cache.interceptor.CacheAspectSupport.execute(CacheAspectSupport.java:429)
	at org.springframework.cache.interceptor.CacheAspectSupport.execute(CacheAspectSupport.java:345)
	at org.springframework.cache.interceptor.CacheInterceptor.invoke(CacheInterceptor.java:64)
	at org.springframework.aop.framework.ReflectiveMethodInvocation.proceed(ReflectiveMethodInvocation.java:186)
	at org.springframework.aop.framework.CglibAopProxy$CglibMethodInvocation.proceed(CglibAopProxy.java:762)
	at org.springframework.aop.framework.CglibAopProxy$DynamicAdvisedInterceptor.intercept(CglibAopProxy.java:707)
	at com.accounting.service.CategoryService$$EnhancerBySpringCGLIB$$cbe36f79.getCategoriesByType(<generated>)
	at com.accounting.controller.CategoryController.getCategoriesByType(CategoryController.java:38)
	at java.base/jdk.internal.reflect.NativeMethodAccessorImpl.invoke0(Native Method)
	at java.base/jdk.internal.reflect.NativeMethodAccessorImpl.invoke(NativeMethodAccessorImpl.java:62)
	at java.base/jdk.internal.reflect.DelegatingMethodAccessorImpl.invoke(DelegatingMethodAccessorImpl.java:43)
	at java.base/java.lang.reflect.Method.invoke(Method.java:566)
	at org.springframework.web.method.support.InvocableHandlerMethod.doInvoke(InvocableHandlerMethod.java:205)
	at org.springframework.web.method.support.InvocableHandlerMethod.invokeForRequest(InvocableHandlerMethod.java:150)
	at org.springframework.web.servlet.mvc.method.annotation.ServletInvocableHandlerMethod.invokeAndHandle(ServletInvocableHandlerMethod.java:117)
	at org.springframework.web.servlet.mvc.method.annotation.RequestMappingHandlerAdapter.invokeHandlerMethod(RequestMappingHandlerAdapter.java:895)
	at org.springframework.web.servlet.mvc.method.annotation.RequestMappingHandlerAdapter.handleInternal(RequestMappingHandlerAdapter.java:808)
	at org.springframework.web.servlet.mvc.method.AbstractHandlerMethodAdapter.handle(AbstractHandlerMethodAdapter.java:87)
	at org.springframework.web.servlet.DispatcherServlet.doDispatch(DispatcherServlet.java:1072)
	at org.springframework.web.servlet.DispatcherServlet.doService(DispatcherServlet.java:965)
	at org.springframework.web.servlet.FrameworkServlet.processRequest(FrameworkServlet.java:1006)
	at org.springframework.web.servlet.FrameworkServlet.doGet(FrameworkServlet.java:898)
	at javax.servlet.http.HttpServlet.service(HttpServlet.java:529)
	at org.springframework.web.servlet.FrameworkServlet.service(FrameworkServlet.java:883)
	at javax.servlet.http.HttpServlet.service(HttpServlet.java:623)
	at org.apache.catalina.core.ApplicationFilterChain.internalDoFilter(ApplicationFilterChain.java:209)
	at org.apache.catalina.core.ApplicationFilterChain.doFilter(ApplicationFilterChain.java:153)
	at org.apache.tomcat.websocket.server.WsFilter.doFilter(WsFilter.java:51)
	at org.apache.catalina.core.ApplicationFilterChain.internalDoFilter(ApplicationFilterChain.java:178)
	at org.apache.catalina.core.ApplicationFilterChain.doFilter(ApplicationFilterChain.java:153)
	at org.springframework.web.filter.CorsFilter.doFilterInternal(CorsFilter.java:91)
	at org.springframework.web.filter.OncePerRequestFilter.doFilter(OncePerRequestFilter.java:117)
	at org.apache.catalina.core.ApplicationFilterChain.internalDoFilter(ApplicationFilterChain.java:178)
	at org.apache.catalina.core.ApplicationFilterChain.doFilter(ApplicationFilterChain.java:153)
	at org.springframework.web.filter.RequestContextFilter.doFilterInternal(RequestContextFilter.java:100)
	at org.springframework.web.filter.OncePerRequestFilter.doFilter(OncePerRequestFilter.java:117)
	at org.apache.catalina.core.ApplicationFilterChain.internalDoFilter(ApplicationFilterChain.java:178)
	at org.apache.catalina.core.ApplicationFilterChain.doFilter(ApplicationFilterChain.java:153)
	at org.springframework.web.filter.FormContentFilter.doFilterInternal(FormContentFilter.java:93)
	at org.springframework.web.filter.OncePerRequestFilter.doFilter(OncePerRequestFilter.java:117)
	at org.apache.catalina.core.ApplicationFilterChain.internalDoFilter(ApplicationFilterChain.java:178)
	at org.apache.catalina.core.ApplicationFilterChain.doFilter(ApplicationFilterChain.java:153)
	at org.springframework.web.filter.CharacterEncodingFilter.doFilterInternal(CharacterEncodingFilter.java:201)
	at org.springframework.web.filter.OncePerRequestFilter.doFilter(OncePerRequestFilter.java:117)
	at org.apache.catalina.core.ApplicationFilterChain.internalDoFilter(ApplicationFilterChain.java:178)
	at org.apache.catalina.core.ApplicationFilterChain.doFilter(ApplicationFilterChain.java:153)
	at org.apache.catalina.core.StandardWrapperValve.invoke(StandardWrapperValve.java:168)
	at org.apache.catalina.core.StandardContextValve.invoke(StandardContextValve.java:90)
	at org.apache.catalina.authenticator.AuthenticatorBase.invoke(AuthenticatorBase.java:481)
	at org.apache.catalina.core.StandardHostValve.invoke(StandardHostValve.java:130)
	at org.apache.catalina.valves.ErrorReportValve.invoke(ErrorReportValve.java:93)
	at org.apache.catalina.core.StandardEngineValve.invoke(StandardEngineValve.java:74)
	at org.apache.catalina.connector.CoyoteAdapter.service(CoyoteAdapter.java:342)
	at org.apache.coyote.http11.Http11Processor.service(Http11Processor.java:390)
	at org.apache.coyote.AbstractProcessorLight.process(AbstractProcessorLight.java:63)
	at org.apache.coyote.AbstractProtocol$ConnectionHandler.process(AbstractProtocol.java:928)
	at org.apache.tomcat.util.net.NioEndpoint$SocketProcessor.doRun(NioEndpoint.java:1794)
	at org.apache.tomcat.util.net.SocketProcessorBase.run(SocketProcessorBase.java:52)
	at org.apache.tomcat.util.threads.ThreadPoolExecutor.runWorker(ThreadPoolExecutor.java:1191)
	at org.apache.tomcat.util.threads.ThreadPoolExecutor$Worker.run(ThreadPoolExecutor.java:659)
	at org.apache.tomcat.util.threads.TaskThread$WrappingRunnable.run(TaskThread.java:61)
	at java.base/java.lang.Thread.run(Thread.java:834)
Caused by: org.springframework.core.serializer.support.SerializationFailedException: Failed to serialize object using DefaultSerializer; nested exception is java.io.NotSerializableException: com.accounting.entity.Category
	at org.springframework.core.serializer.support.SerializingConverter.convert(SerializingConverter.java:64)
	at org.springframework.core.serializer.support.SerializingConverter.convert(SerializingConverter.java:33)
	at org.springframework.data.redis.serializer.JdkSerializationRedisSerializer.serialize(JdkSerializationRedisSerializer.java:94)
	... 68 common frames omitted
Caused by: java.io.NotSerializableException: com.accounting.entity.Category
	at java.base/java.io.ObjectOutputStream.writeObject0(ObjectOutputStream.java:1185)
	at java.base/java.io.ObjectOutputStream.writeObject(ObjectOutputStream.java:349)
	at java.base/java.util.ArrayList.writeObject(ArrayList.java:896)
	at java.base/jdk.internal.reflect.NativeMethodAccessorImpl.invoke0(Native Method)
	at java.base/jdk.internal.reflect.NativeMethodAccessorImpl.invoke(NativeMethodAccessorImpl.java:62)
	at java.base/jdk.internal.reflect.DelegatingMethodAccessorImpl.invoke(DelegatingMethodAccessorImpl.java:43)
	at java.base/java.lang.reflect.Method.invoke(Method.java:566)
	at java.base/java.io.ObjectStreamClass.invokeWriteObject(ObjectStreamClass.java:1130)
	at java.base/java.io.ObjectOutputStream.writeSerialData(ObjectOutputStream.java:1497)
	at java.base/java.io.ObjectOutputStream.writeOrdinaryObject(ObjectOutputStream.java:1433)
	at java.base/java.io.ObjectOutputStream.writeObject0(ObjectOutputStream.java:1179)
	at java.base/java.io.ObjectOutputStream.writeObject(ObjectOutputStream.java:349)
	at org.springframework.core.serializer.DefaultSerializer.serialize(DefaultSerializer.java:46)
	at org.springframework.core.serializer.Serializer.serializeToByteArray(Serializer.java:56)
	at org.springframework.core.serializer.support.SerializingConverter.convert(SerializingConverter.java:60)
	... 70 common frames omitted
2026-05-26 14:18:55 [http-nio-8080-exec-10] INFO  com.accounting.service.BudgetService - 计算预算使用情况: 1
2026-05-26 14:18:55 [http-nio-8080-exec-10] INFO  com.accounting.service.BudgetService - 根据ID获取预算: 1
2026-05-26 14:18:55 [http-nio-8080-exec-10] INFO  com.accounting.service.BudgetService - 计算预算使用情况: 1
2026-05-26 14:18:55 [http-nio-8080-exec-4] INFO  c.a.controller.CategoryController - API: 按类型获取分类: EXPENSE
2026-05-26 14:18:55 [http-nio-8080-exec-10] INFO  com.accounting.service.BudgetService - 根据ID获取预算: 1
2026-05-26 14:18:55 [http-nio-8080-exec-4] INFO  c.accounting.service.CategoryService - 获取支出分类列表
2026-05-26 14:18:55 [http-nio-8080-exec-10] INFO  c.a.service.DashboardService - 检查异常消费: 月均支出=0.00
2026-05-26 14:18:55 [http-nio-8080-exec-10] ERROR c.a.exception.GlobalExceptionHandler - 系统异常: 
org.springframework.data.redis.serializer.SerializationException: Cannot serialize; nested exception is org.springframework.core.serializer.support.SerializationFailedException: Failed to serialize object using DefaultSerializer; nested exception is java.lang.IllegalArgumentException: DefaultSerializer requires a Serializable payload but received an object of type [com.accounting.dto.DashboardDTO]
	at org.springframework.data.redis.serializer.JdkSerializationRedisSerializer.serialize(JdkSerializationRedisSerializer.java:96)
	at org.springframework.data.redis.serializer.DefaultRedisElementWriter.write(DefaultRedisElementWriter.java:44)
	at org.springframework.data.redis.serializer.RedisSerializationContext$SerializationPair.write(RedisSerializationContext.java:290)
	at org.springframework.data.redis.cache.RedisCache.serializeCacheValue(RedisCache.java:285)
	at org.springframework.data.redis.cache.RedisCache.put(RedisCache.java:171)
	at org.springframework.cache.interceptor.AbstractCacheInvoker.doPut(AbstractCacheInvoker.java:87)
	at org.springframework.cache.interceptor.CacheAspectSupport$CachePutRequest.apply(CacheAspectSupport.java:837)
	at org.springframework.cache.interceptor.CacheAspectSupport.execute(CacheAspectSupport.java:429)
	at org.springframework.cache.interceptor.CacheAspectSupport.execute(CacheAspectSupport.java:345)
	at org.springframework.cache.interceptor.CacheInterceptor.invoke(CacheInterceptor.java:64)
	at org.springframework.aop.framework.ReflectiveMethodInvocation.proceed(ReflectiveMethodInvocation.java:186)
	at org.springframework.aop.framework.CglibAopProxy$CglibMethodInvocation.proceed(CglibAopProxy.java:762)
	at org.springframework.aop.framework.CglibAopProxy$DynamicAdvisedInterceptor.intercept(CglibAopProxy.java:707)
	at com.accounting.service.DashboardService$$EnhancerBySpringCGLIB$$4b3890c.getDashboardData(<generated>)
	at com.accounting.controller.DashboardController.getDashboardData(DashboardController.java:27)
	at java.base/jdk.internal.reflect.NativeMethodAccessorImpl.invoke0(Native Method)
	at java.base/jdk.internal.reflect.NativeMethodAccessorImpl.invoke(NativeMethodAccessorImpl.java:62)
	at java.base/jdk.internal.reflect.DelegatingMethodAccessorImpl.invoke(DelegatingMethodAccessorImpl.java:43)
	at java.base/java.lang.reflect.Method.invoke(Method.java:566)
	at org.springframework.web.method.support.InvocableHandlerMethod.doInvoke(InvocableHandlerMethod.java:205)
	at org.springframework.web.method.support.InvocableHandlerMethod.invokeForRequest(InvocableHandlerMethod.java:150)
	at org.springframework.web.servlet.mvc.method.annotation.ServletInvocableHandlerMethod.invokeAndHandle(ServletInvocableHandlerMethod.java:117)
	at org.springframework.web.servlet.mvc.method.annotation.RequestMappingHandlerAdapter.invokeHandlerMethod(RequestMappingHandlerAdapter.java:895)
	at org.springframework.web.servlet.mvc.method.annotation.RequestMappingHandlerAdapter.handleInternal(RequestMappingHandlerAdapter.java:808)
	at org.springframework.web.servlet.mvc.method.AbstractHandlerMethodAdapter.handle(AbstractHandlerMethodAdapter.java:87)
	at org.springframework.web.servlet.DispatcherServlet.doDispatch(DispatcherServlet.java:1072)
	at org.springframework.web.servlet.DispatcherServlet.doService(DispatcherServlet.java:965)
	at org.springframework.web.servlet.FrameworkServlet.processRequest(FrameworkServlet.java:1006)
	at org.springframework.web.servlet.FrameworkServlet.doGet(FrameworkServlet.java:898)
	at javax.servlet.http.HttpServlet.service(HttpServlet.java:529)
	at org.springframework.web.servlet.FrameworkServlet.service(FrameworkServlet.java:883)
	at javax.servlet.http.HttpServlet.service(HttpServlet.java:623)
	at org.apache.catalina.core.ApplicationFilterChain.internalDoFilter(ApplicationFilterChain.java:209)
	at org.apache.catalina.core.ApplicationFilterChain.doFilter(ApplicationFilterChain.java:153)
	at org.apache.tomcat.websocket.server.WsFilter.doFilter(WsFilter.java:51)
	at org.apache.catalina.core.ApplicationFilterChain.internalDoFilter(ApplicationFilterChain.java:178)
	at org.apache.catalina.core.ApplicationFilterChain.doFilter(ApplicationFilterChain.java:153)
	at org.springframework.web.filter.CorsFilter.doFilterInternal(CorsFilter.java:91)
	at org.springframework.web.filter.OncePerRequestFilter.doFilter(OncePerRequestFilter.java:117)
	at org.apache.catalina.core.ApplicationFilterChain.internalDoFilter(ApplicationFilterChain.java:178)
	at org.apache.catalina.core.ApplicationFilterChain.doFilter(ApplicationFilterChain.java:153)
	at org.springframework.web.filter.RequestContextFilter.doFilterInternal(RequestContextFilter.java:100)
	at org.springframework.web.filter.OncePerRequestFilter.doFilter(OncePerRequestFilter.java:117)
	at org.apache.catalina.core.ApplicationFilterChain.internalDoFilter(ApplicationFilterChain.java:178)
	at org.apache.catalina.core.ApplicationFilterChain.doFilter(ApplicationFilterChain.java:153)
	at org.springframework.web.filter.FormContentFilter.doFilterInternal(FormContentFilter.java:93)
	at org.springframework.web.filter.OncePerRequestFilter.doFilter(OncePerRequestFilter.java:117)
	at org.apache.catalina.core.ApplicationFilterChain.internalDoFilter(ApplicationFilterChain.java:178)
	at org.apache.catalina.core.ApplicationFilterChain.doFilter(ApplicationFilterChain.java:153)
	at org.springframework.web.filter.CharacterEncodingFilter.doFilterInternal(CharacterEncodingFilter.java:201)
	at org.springframework.web.filter.OncePerRequestFilter.doFilter(OncePerRequestFilter.java:117)
	at org.apache.catalina.core.ApplicationFilterChain.internalDoFilter(ApplicationFilterChain.java:178)
	at org.apache.catalina.core.ApplicationFilterChain.doFilter(ApplicationFilterChain.java:153)
	at org.apache.catalina.core.StandardWrapperValve.invoke(StandardWrapperValve.java:168)
	at org.apache.catalina.core.StandardContextValve.invoke(StandardContextValve.java:90)
	at org.apache.catalina.authenticator.AuthenticatorBase.invoke(AuthenticatorBase.java:481)
	at org.apache.catalina.core.StandardHostValve.invoke(StandardHostValve.java:130)
	at org.apache.catalina.valves.ErrorReportValve.invoke(ErrorReportValve.java:93)
	at org.apache.catalina.core.StandardEngineValve.invoke(StandardEngineValve.java:74)
	at org.apache.catalina.connector.CoyoteAdapter.service(CoyoteAdapter.java:342)
	at org.apache.coyote.http11.Http11Processor.service(Http11Processor.java:390)
	at org.apache.coyote.AbstractProcessorLight.process(AbstractProcessorLight.java:63)
	at org.apache.coyote.AbstractProtocol$ConnectionHandler.process(AbstractProtocol.java:928)
	at org.apache.tomcat.util.net.NioEndpoint$SocketProcessor.doRun(NioEndpoint.java:1794)
	at org.apache.tomcat.util.net.SocketProcessorBase.run(SocketProcessorBase.java:52)
	at org.apache.tomcat.util.threads.ThreadPoolExecutor.runWorker(ThreadPoolExecutor.java:1191)
	at org.apache.tomcat.util.threads.ThreadPoolExecutor$Worker.run(ThreadPoolExecutor.java:659)
	at org.apache.tomcat.util.threads.TaskThread$WrappingRunnable.run(TaskThread.java:61)
	at java.base/java.lang.Thread.run(Thread.java:834)
Caused by: org.springframework.core.serializer.support.SerializationFailedException: Failed to serialize object using DefaultSerializer; nested exception is java.lang.IllegalArgumentException: DefaultSerializer requires a Serializable payload but received an object of type [com.accounting.dto.DashboardDTO]
	at org.springframework.core.serializer.support.SerializingConverter.convert(SerializingConverter.java:64)
	at org.springframework.core.serializer.support.SerializingConverter.convert(SerializingConverter.java:33)
	at org.springframework.data.redis.serializer.JdkSerializationRedisSerializer.serialize(JdkSerializationRedisSerializer.java:94)
	... 68 common frames omitted
Caused by: java.lang.IllegalArgumentException: DefaultSerializer requires a Serializable payload but received an object of type [com.accounting.dto.DashboardDTO]
	at org.springframework.core.serializer.DefaultSerializer.serialize(DefaultSerializer.java:43)
	at org.springframework.core.serializer.Serializer.serializeToByteArray(Serializer.java:56)
	at org.springframework.core.serializer.support.SerializingConverter.convert(SerializingConverter.java:60)
	... 70 common frames omitted
2026-05-26 14:18:55 [http-nio-8080-exec-4] ERROR c.a.exception.GlobalExceptionHandler - 系统异常: 
org.springframework.data.redis.serializer.SerializationException: Cannot serialize; nested exception is org.springframework.core.serializer.support.SerializationFailedException: Failed to serialize object using DefaultSerializer; nested exception is java.io.NotSerializableException: com.accounting.entity.Category
	at org.springframework.data.redis.serializer.JdkSerializationRedisSerializer.serialize(JdkSerializationRedisSerializer.java:96)
	at org.springframework.data.redis.serializer.DefaultRedisElementWriter.write(DefaultRedisElementWriter.java:44)
	at org.springframework.data.redis.serializer.RedisSerializationContext$SerializationPair.write(RedisSerializationContext.java:290)
	at org.springframework.data.redis.cache.RedisCache.serializeCacheValue(RedisCache.java:285)
	at org.springframework.data.redis.cache.RedisCache.put(RedisCache.java:171)
	at org.springframework.cache.interceptor.AbstractCacheInvoker.doPut(AbstractCacheInvoker.java:87)
	at org.springframework.cache.interceptor.CacheAspectSupport$CachePutRequest.apply(CacheAspectSupport.java:837)
	at org.springframework.cache.interceptor.CacheAspectSupport.execute(CacheAspectSupport.java:429)
	at org.springframework.cache.interceptor.CacheAspectSupport.execute(CacheAspectSupport.java:345)
	at org.springframework.cache.interceptor.CacheInterceptor.invoke(CacheInterceptor.java:64)
	at org.springframework.aop.framework.ReflectiveMethodInvocation.proceed(ReflectiveMethodInvocation.java:186)
	at org.springframework.aop.framework.CglibAopProxy$CglibMethodInvocation.proceed(CglibAopProxy.java:762)
	at org.springframework.aop.framework.CglibAopProxy$DynamicAdvisedInterceptor.intercept(CglibAopProxy.java:707)
	at com.accounting.service.CategoryService$$EnhancerBySpringCGLIB$$cbe36f79.getCategoriesByType(<generated>)
	at com.accounting.controller.CategoryController.getCategoriesByType(CategoryController.java:38)
	at java.base/jdk.internal.reflect.NativeMethodAccessorImpl.invoke0(Native Method)
	at java.base/jdk.internal.reflect.NativeMethodAccessorImpl.invoke(NativeMethodAccessorImpl.java:62)
	at java.base/jdk.internal.reflect.DelegatingMethodAccessorImpl.invoke(DelegatingMethodAccessorImpl.java:43)
	at java.base/java.lang.reflect.Method.invoke(Method.java:566)
	at org.springframework.web.method.support.InvocableHandlerMethod.doInvoke(InvocableHandlerMethod.java:205)
	at org.springframework.web.method.support.InvocableHandlerMethod.invokeForRequest(InvocableHandlerMethod.java:150)
	at org.springframework.web.servlet.mvc.method.annotation.ServletInvocableHandlerMethod.invokeAndHandle(ServletInvocableHandlerMethod.java:117)
	at org.springframework.web.servlet.mvc.method.annotation.RequestMappingHandlerAdapter.invokeHandlerMethod(RequestMappingHandlerAdapter.java:895)
	at org.springframework.web.servlet.mvc.method.annotation.RequestMappingHandlerAdapter.handleInternal(RequestMappingHandlerAdapter.java:808)
	at org.springframework.web.servlet.mvc.method.AbstractHandlerMethodAdapter.handle(AbstractHandlerMethodAdapter.java:87)
	at org.springframework.web.servlet.DispatcherServlet.doDispatch(DispatcherServlet.java:1072)
	at org.springframework.web.servlet.DispatcherServlet.doService(DispatcherServlet.java:965)
	at org.springframework.web.servlet.FrameworkServlet.processRequest(FrameworkServlet.java:1006)
	at org.springframework.web.servlet.FrameworkServlet.doGet(FrameworkServlet.java:898)
	at javax.servlet.http.HttpServlet.service(HttpServlet.java:529)
	at org.springframework.web.servlet.FrameworkServlet.service(FrameworkServlet.java:883)
	at javax.servlet.http.HttpServlet.service(HttpServlet.java:623)
	at org.apache.catalina.core.ApplicationFilterChain.internalDoFilter(ApplicationFilterChain.java:209)
	at org.apache.catalina.core.ApplicationFilterChain.doFilter(ApplicationFilterChain.java:153)
	at org.apache.tomcat.websocket.server.WsFilter.doFilter(WsFilter.java:51)
	at org.apache.catalina.core.ApplicationFilterChain.internalDoFilter(ApplicationFilterChain.java:178)
	at org.apache.catalina.core.ApplicationFilterChain.doFilter(ApplicationFilterChain.java:153)
	at org.springframework.web.filter.CorsFilter.doFilterInternal(CorsFilter.java:91)
	at org.springframework.web.filter.OncePerRequestFilter.doFilter(OncePerRequestFilter.java:117)
	at org.apache.catalina.core.ApplicationFilterChain.internalDoFilter(ApplicationFilterChain.java:178)
	at org.apache.catalina.core.ApplicationFilterChain.doFilter(ApplicationFilterChain.java:153)
	at org.springframework.web.filter.RequestContextFilter.doFilterInternal(RequestContextFilter.java:100)
	at org.springframework.web.filter.OncePerRequestFilter.doFilter(OncePerRequestFilter.java:117)
	at org.apache.catalina.core.ApplicationFilterChain.internalDoFilter(ApplicationFilterChain.java:178)
	at org.apache.catalina.core.ApplicationFilterChain.doFilter(ApplicationFilterChain.java:153)
	at org.springframework.web.filter.FormContentFilter.doFilterInternal(FormContentFilter.java:93)
	at org.springframework.web.filter.OncePerRequestFilter.doFilter(OncePerRequestFilter.java:117)
	at org.apache.catalina.core.ApplicationFilterChain.internalDoFilter(ApplicationFilterChain.java:178)
	at org.apache.catalina.core.ApplicationFilterChain.doFilter(ApplicationFilterChain.java:153)
	at org.springframework.web.filter.CharacterEncodingFilter.doFilterInternal(CharacterEncodingFilter.java:201)
	at org.springframework.web.filter.OncePerRequestFilter.doFilter(OncePerRequestFilter.java:117)
	at org.apache.catalina.core.ApplicationFilterChain.internalDoFilter(ApplicationFilterChain.java:178)
	at org.apache.catalina.core.ApplicationFilterChain.doFilter(ApplicationFilterChain.java:153)
	at org.apache.catalina.core.StandardWrapperValve.invoke(StandardWrapperValve.java:168)
	at org.apache.catalina.core.StandardContextValve.invoke(StandardContextValve.java:90)
	at org.apache.catalina.authenticator.AuthenticatorBase.invoke(AuthenticatorBase.java:481)
	at org.apache.catalina.core.StandardHostValve.invoke(StandardHostValve.java:130)
	at org.apache.catalina.valves.ErrorReportValve.invoke(ErrorReportValve.java:93)
	at org.apache.catalina.core.StandardEngineValve.invoke(StandardEngineValve.java:74)
	at org.apache.catalina.connector.CoyoteAdapter.service(CoyoteAdapter.java:342)
	at org.apache.coyote.http11.Http11Processor.service(Http11Processor.java:390)
	at org.apache.coyote.AbstractProcessorLight.process(AbstractProcessorLight.java:63)
	at org.apache.coyote.AbstractProtocol$ConnectionHandler.process(AbstractProtocol.java:928)
	at org.apache.tomcat.util.net.NioEndpoint$SocketProcessor.doRun(NioEndpoint.java:1794)
	at org.apache.tomcat.util.net.SocketProcessorBase.run(SocketProcessorBase.java:52)
	at org.apache.tomcat.util.threads.ThreadPoolExecutor.runWorker(ThreadPoolExecutor.java:1191)
	at org.apache.tomcat.util.threads.ThreadPoolExecutor$Worker.run(ThreadPoolExecutor.java:659)
	at org.apache.tomcat.util.threads.TaskThread$WrappingRunnable.run(TaskThread.java:61)
	at java.base/java.lang.Thread.run(Thread.java:834)
Caused by: org.springframework.core.serializer.support.SerializationFailedException: Failed to serialize object using DefaultSerializer; nested exception is java.io.NotSerializableException: com.accounting.entity.Category
	at org.springframework.core.serializer.support.SerializingConverter.convert(SerializingConverter.java:64)
	at org.springframework.core.serializer.support.SerializingConverter.convert(SerializingConverter.java:33)
	at org.springframework.data.redis.serializer.JdkSerializationRedisSerializer.serialize(JdkSerializationRedisSerializer.java:94)
	... 68 common frames omitted
Caused by: java.io.NotSerializableException: com.accounting.entity.Category
	at java.base/java.io.ObjectOutputStream.writeObject0(ObjectOutputStream.java:1185)
	at java.base/java.io.ObjectOutputStream.writeObject(ObjectOutputStream.java:349)
	at java.base/java.util.ArrayList.writeObject(ArrayList.java:896)
	at java.base/jdk.internal.reflect.NativeMethodAccessorImpl.invoke0(Native Method)
	at java.base/jdk.internal.reflect.NativeMethodAccessorImpl.invoke(NativeMethodAccessorImpl.java:62)
	at java.base/jdk.internal.reflect.DelegatingMethodAccessorImpl.invoke(DelegatingMethodAccessorImpl.java:43)
	at java.base/java.lang.reflect.Method.invoke(Method.java:566)
	at java.base/java.io.ObjectStreamClass.invokeWriteObject(ObjectStreamClass.java:1130)
	at java.base/java.io.ObjectOutputStream.writeSerialData(ObjectOutputStream.java:1497)
	at java.base/java.io.ObjectOutputStream.writeOrdinaryObject(ObjectOutputStream.java:1433)
	at java.base/java.io.ObjectOutputStream.writeObject0(ObjectOutputStream.java:1179)
	at java.base/java.io.ObjectOutputStream.writeObject(ObjectOutputStream.java:349)
	at org.springframework.core.serializer.DefaultSerializer.serialize(DefaultSerializer.java:46)
	at org.springframework.core.serializer.Serializer.serializeToByteArray(Serializer.java:56)
	at org.springframework.core.serializer.support.SerializingConverter.convert(SerializingConverter.java:60)
	... 70 common frames omitted
2026-05-26 14:18:55 [http-nio-8080-exec-1] INFO  c.a.controller.DashboardController - API: 获取看板数据
2026-05-26 14:18:55 [http-nio-8080-exec-1] INFO  c.a.service.DashboardService - 获取看板数据
2026-05-26 14:18:55 [http-nio-8080-exec-1] INFO  com.accounting.service.BudgetService - 获取当前生效的预算列表
2026-05-26 14:18:55 [http-nio-8080-exec-1] INFO  com.accounting.service.BudgetService - 计算预算使用情况: 1
2026-05-26 14:18:55 [http-nio-8080-exec-1] INFO  com.accounting.service.BudgetService - 根据ID获取预算: 1
2026-05-26 14:18:55 [http-nio-8080-exec-1] INFO  com.accounting.service.BudgetService - 计算预算使用情况: 1
2026-05-26 14:18:55 [http-nio-8080-exec-1] INFO  com.accounting.service.BudgetService - 根据ID获取预算: 1
2026-05-26 14:18:55 [http-nio-8080-exec-1] INFO  c.a.service.DashboardService - 检查异常消费: 月均支出=0.00
2026-05-26 14:18:55 [http-nio-8080-exec-1] ERROR c.a.exception.GlobalExceptionHandler - 系统异常: 
org.springframework.data.redis.serializer.SerializationException: Cannot serialize; nested exception is org.springframework.core.serializer.support.SerializationFailedException: Failed to serialize object using DefaultSerializer; nested exception is java.lang.IllegalArgumentException: DefaultSerializer requires a Serializable payload but received an object of type [com.accounting.dto.DashboardDTO]
	at org.springframework.data.redis.serializer.JdkSerializationRedisSerializer.serialize(JdkSerializationRedisSerializer.java:96)
	at org.springframework.data.redis.serializer.DefaultRedisElementWriter.write(DefaultRedisElementWriter.java:44)
	at org.springframework.data.redis.serializer.RedisSerializationContext$SerializationPair.write(RedisSerializationContext.java:290)
	at org.springframework.data.redis.cache.RedisCache.serializeCacheValue(RedisCache.java:285)
	at org.springframework.data.redis.cache.RedisCache.put(RedisCache.java:171)
	at org.springframework.cache.interceptor.AbstractCacheInvoker.doPut(AbstractCacheInvoker.java:87)
	at org.springframework.cache.interceptor.CacheAspectSupport$CachePutRequest.apply(CacheAspectSupport.java:837)
	at org.springframework.cache.interceptor.CacheAspectSupport.execute(CacheAspectSupport.java:429)
	at org.springframework.cache.interceptor.CacheAspectSupport.execute(CacheAspectSupport.java:345)
	at org.springframework.cache.interceptor.CacheInterceptor.invoke(CacheInterceptor.java:64)
	at org.springframework.aop.framework.ReflectiveMethodInvocation.proceed(ReflectiveMethodInvocation.java:186)
	at org.springframework.aop.framework.CglibAopProxy$CglibMethodInvocation.proceed(CglibAopProxy.java:762)
	at org.springframework.aop.framework.CglibAopProxy$DynamicAdvisedInterceptor.intercept(CglibAopProxy.java:707)
	at com.accounting.service.DashboardService$$EnhancerBySpringCGLIB$$4b3890c.getDashboardData(<generated>)
	at com.accounting.controller.DashboardController.getDashboardData(DashboardController.java:27)
	at java.base/jdk.internal.reflect.NativeMethodAccessorImpl.invoke0(Native Method)
	at java.base/jdk.internal.reflect.NativeMethodAccessorImpl.invoke(NativeMethodAccessorImpl.java:62)
	at java.base/jdk.internal.reflect.DelegatingMethodAccessorImpl.invoke(DelegatingMethodAccessorImpl.java:43)
	at java.base/java.lang.reflect.Method.invoke(Method.java:566)
	at org.springframework.web.method.support.InvocableHandlerMethod.doInvoke(InvocableHandlerMethod.java:205)
	at org.springframework.web.method.support.InvocableHandlerMethod.invokeForRequest(InvocableHandlerMethod.java:150)
	at org.springframework.web.servlet.mvc.method.annotation.ServletInvocableHandlerMethod.invokeAndHandle(ServletInvocableHandlerMethod.java:117)
	at org.springframework.web.servlet.mvc.method.annotation.RequestMappingHandlerAdapter.invokeHandlerMethod(RequestMappingHandlerAdapter.java:895)
	at org.springframework.web.servlet.mvc.method.annotation.RequestMappingHandlerAdapter.handleInternal(RequestMappingHandlerAdapter.java:808)
	at org.springframework.web.servlet.mvc.method.AbstractHandlerMethodAdapter.handle(AbstractHandlerMethodAdapter.java:87)
	at org.springframework.web.servlet.DispatcherServlet.doDispatch(DispatcherServlet.java:1072)
	at org.springframework.web.servlet.DispatcherServlet.doService(DispatcherServlet.java:965)
	at org.springframework.web.servlet.FrameworkServlet.processRequest(FrameworkServlet.java:1006)
	at org.springframework.web.servlet.FrameworkServlet.doGet(FrameworkServlet.java:898)
	at javax.servlet.http.HttpServlet.service(HttpServlet.java:529)
	at org.springframework.web.servlet.FrameworkServlet.service(FrameworkServlet.java:883)
	at javax.servlet.http.HttpServlet.service(HttpServlet.java:623)
	at org.apache.catalina.core.ApplicationFilterChain.internalDoFilter(ApplicationFilterChain.java:209)
	at org.apache.catalina.core.ApplicationFilterChain.doFilter(ApplicationFilterChain.java:153)
	at org.apache.tomcat.websocket.server.WsFilter.doFilter(WsFilter.java:51)
	at org.apache.catalina.core.ApplicationFilterChain.internalDoFilter(ApplicationFilterChain.java:178)
	at org.apache.catalina.core.ApplicationFilterChain.doFilter(ApplicationFilterChain.java:153)
	at org.springframework.web.filter.CorsFilter.doFilterInternal(CorsFilter.java:91)
	at org.springframework.web.filter.OncePerRequestFilter.doFilter(OncePerRequestFilter.java:117)
	at org.apache.catalina.core.ApplicationFilterChain.internalDoFilter(ApplicationFilterChain.java:178)
	at org.apache.catalina.core.ApplicationFilterChain.doFilter(ApplicationFilterChain.java:153)
	at org.springframework.web.filter.RequestContextFilter.doFilterInternal(RequestContextFilter.java:100)
	at org.springframework.web.filter.OncePerRequestFilter.doFilter(OncePerRequestFilter.java:117)
	at org.apache.catalina.core.ApplicationFilterChain.internalDoFilter(ApplicationFilterChain.java:178)
	at org.apache.catalina.core.ApplicationFilterChain.doFilter(ApplicationFilterChain.java:153)
	at org.springframework.web.filter.FormContentFilter.doFilterInternal(FormContentFilter.java:93)
	at org.springframework.web.filter.OncePerRequestFilter.doFilter(OncePerRequestFilter.java:117)
	at org.apache.catalina.core.ApplicationFilterChain.internalDoFilter(ApplicationFilterChain.java:178)
	at org.apache.catalina.core.ApplicationFilterChain.doFilter(ApplicationFilterChain.java:153)
	at org.springframework.web.filter.CharacterEncodingFilter.doFilterInternal(CharacterEncodingFilter.java:201)
	at org.springframework.web.filter.OncePerRequestFilter.doFilter(OncePerRequestFilter.java:117)
	at org.apache.catalina.core.ApplicationFilterChain.internalDoFilter(ApplicationFilterChain.java:178)
	at org.apache.catalina.core.ApplicationFilterChain.doFilter(ApplicationFilterChain.java:153)
	at org.apache.catalina.core.StandardWrapperValve.invoke(StandardWrapperValve.java:168)
	at org.apache.catalina.core.StandardContextValve.invoke(StandardContextValve.java:90)
	at org.apache.catalina.authenticator.AuthenticatorBase.invoke(AuthenticatorBase.java:481)
	at org.apache.catalina.core.StandardHostValve.invoke(StandardHostValve.java:130)
	at org.apache.catalina.valves.ErrorReportValve.invoke(ErrorReportValve.java:93)
	at org.apache.catalina.core.StandardEngineValve.invoke(StandardEngineValve.java:74)
	at org.apache.catalina.connector.CoyoteAdapter.service(CoyoteAdapter.java:342)
	at org.apache.coyote.http11.Http11Processor.service(Http11Processor.java:390)
	at org.apache.coyote.AbstractProcessorLight.process(AbstractProcessorLight.java:63)
	at org.apache.coyote.AbstractProtocol$ConnectionHandler.process(AbstractProtocol.java:928)
	at org.apache.tomcat.util.net.NioEndpoint$SocketProcessor.doRun(NioEndpoint.java:1794)
	at org.apache.tomcat.util.net.SocketProcessorBase.run(SocketProcessorBase.java:52)
	at org.apache.tomcat.util.threads.ThreadPoolExecutor.runWorker(ThreadPoolExecutor.java:1191)
	at org.apache.tomcat.util.threads.ThreadPoolExecutor$Worker.run(ThreadPoolExecutor.java:659)
	at org.apache.tomcat.util.threads.TaskThread$WrappingRunnable.run(TaskThread.java:61)
	at java.base/java.lang.Thread.run(Thread.java:834)
Caused by: org.springframework.core.serializer.support.SerializationFailedException: Failed to serialize object using DefaultSerializer; nested exception is java.lang.IllegalArgumentException: DefaultSerializer requires a Serializable payload but received an object of type [com.accounting.dto.DashboardDTO]
	at org.springframework.core.serializer.support.SerializingConverter.convert(SerializingConverter.java:64)
	at org.springframework.core.serializer.support.SerializingConverter.convert(SerializingConverter.java:33)
	at org.springframework.data.redis.serializer.JdkSerializationRedisSerializer.serialize(JdkSerializationRedisSerializer.java:94)
	... 68 common frames omitted
Caused by: java.lang.IllegalArgumentException: DefaultSerializer requires a Serializable payload but received an object of type [com.accounting.dto.DashboardDTO]
	at org.springframework.core.serializer.DefaultSerializer.serialize(DefaultSerializer.java:43)
	at org.springframework.core.serializer.Serializer.serializeToByteArray(Serializer.java:56)
	at org.springframework.core.serializer.support.SerializingConverter.convert(SerializingConverter.java:60)
	... 70 common frames omitted
2026-05-26 14:19:30 [http-nio-8080-exec-3] INFO  c.a.controller.DashboardController - API: 获取看板数据
2026-05-26 14:19:30 [http-nio-8080-exec-3] INFO  c.a.service.DashboardService - 获取看板数据
2026-05-26 14:19:30 [http-nio-8080-exec-8] INFO  c.a.controller.CategoryController - API: 按类型获取分类: EXPENSE
2026-05-26 14:19:30 [http-nio-8080-exec-5] INFO  c.a.controller.BillController - API: 获取最近30天的账单
2026-05-26 14:19:30 [http-nio-8080-exec-5] INFO  com.accounting.service.BillService - 获取最近30天的账单
2026-05-26 14:19:30 [http-nio-8080-exec-8] INFO  c.accounting.service.CategoryService - 获取支出分类列表
2026-05-26 14:19:30 [http-nio-8080-exec-5] DEBUG com.accounting.service.BillService - 从Redis缓存获取最近30天账单
2026-05-26 14:19:30 [http-nio-8080-exec-3] INFO  com.accounting.service.BudgetService - 获取当前生效的预算列表
2026-05-26 14:19:30 [http-nio-8080-exec-8] ERROR c.a.exception.GlobalExceptionHandler - 系统异常: 
org.springframework.data.redis.serializer.SerializationException: Cannot serialize; nested exception is org.springframework.core.serializer.support.SerializationFailedException: Failed to serialize object using DefaultSerializer; nested exception is java.io.NotSerializableException: com.accounting.entity.Category
	at org.springframework.data.redis.serializer.JdkSerializationRedisSerializer.serialize(JdkSerializationRedisSerializer.java:96)
	at org.springframework.data.redis.serializer.DefaultRedisElementWriter.write(DefaultRedisElementWriter.java:44)
	at org.springframework.data.redis.serializer.RedisSerializationContext$SerializationPair.write(RedisSerializationContext.java:290)
	at org.springframework.data.redis.cache.RedisCache.serializeCacheValue(RedisCache.java:285)
	at org.springframework.data.redis.cache.RedisCache.put(RedisCache.java:171)
	at org.springframework.cache.interceptor.AbstractCacheInvoker.doPut(AbstractCacheInvoker.java:87)
	at org.springframework.cache.interceptor.CacheAspectSupport$CachePutRequest.apply(CacheAspectSupport.java:837)
	at org.springframework.cache.interceptor.CacheAspectSupport.execute(CacheAspectSupport.java:429)
	at org.springframework.cache.interceptor.CacheAspectSupport.execute(CacheAspectSupport.java:345)
	at org.springframework.cache.interceptor.CacheInterceptor.invoke(CacheInterceptor.java:64)
	at org.springframework.aop.framework.ReflectiveMethodInvocation.proceed(ReflectiveMethodInvocation.java:186)
	at org.springframework.aop.framework.CglibAopProxy$CglibMethodInvocation.proceed(CglibAopProxy.java:762)
	at org.springframework.aop.framework.CglibAopProxy$DynamicAdvisedInterceptor.intercept(CglibAopProxy.java:707)
	at com.accounting.service.CategoryService$$EnhancerBySpringCGLIB$$cbe36f79.getCategoriesByType(<generated>)
	at com.accounting.controller.CategoryController.getCategoriesByType(CategoryController.java:38)
	at java.base/jdk.internal.reflect.NativeMethodAccessorImpl.invoke0(Native Method)
	at java.base/jdk.internal.reflect.NativeMethodAccessorImpl.invoke(NativeMethodAccessorImpl.java:62)
	at java.base/jdk.internal.reflect.DelegatingMethodAccessorImpl.invoke(DelegatingMethodAccessorImpl.java:43)
	at java.base/java.lang.reflect.Method.invoke(Method.java:566)
	at org.springframework.web.method.support.InvocableHandlerMethod.doInvoke(InvocableHandlerMethod.java:205)
	at org.springframework.web.method.support.InvocableHandlerMethod.invokeForRequest(InvocableHandlerMethod.java:150)
	at org.springframework.web.servlet.mvc.method.annotation.ServletInvocableHandlerMethod.invokeAndHandle(ServletInvocableHandlerMethod.java:117)
	at org.springframework.web.servlet.mvc.method.annotation.RequestMappingHandlerAdapter.invokeHandlerMethod(RequestMappingHandlerAdapter.java:895)
	at org.springframework.web.servlet.mvc.method.annotation.RequestMappingHandlerAdapter.handleInternal(RequestMappingHandlerAdapter.java:808)
	at org.springframework.web.servlet.mvc.method.AbstractHandlerMethodAdapter.handle(AbstractHandlerMethodAdapter.java:87)
	at org.springframework.web.servlet.DispatcherServlet.doDispatch(DispatcherServlet.java:1072)
	at org.springframework.web.servlet.DispatcherServlet.doService(DispatcherServlet.java:965)
	at org.springframework.web.servlet.FrameworkServlet.processRequest(FrameworkServlet.java:1006)
	at org.springframework.web.servlet.FrameworkServlet.doGet(FrameworkServlet.java:898)
	at javax.servlet.http.HttpServlet.service(HttpServlet.java:529)
	at org.springframework.web.servlet.FrameworkServlet.service(FrameworkServlet.java:883)
	at javax.servlet.http.HttpServlet.service(HttpServlet.java:623)
	at org.apache.catalina.core.ApplicationFilterChain.internalDoFilter(ApplicationFilterChain.java:209)
	at org.apache.catalina.core.ApplicationFilterChain.doFilter(ApplicationFilterChain.java:153)
	at org.apache.tomcat.websocket.server.WsFilter.doFilter(WsFilter.java:51)
	at org.apache.catalina.core.ApplicationFilterChain.internalDoFilter(ApplicationFilterChain.java:178)
	at org.apache.catalina.core.ApplicationFilterChain.doFilter(ApplicationFilterChain.java:153)
	at org.springframework.web.filter.CorsFilter.doFilterInternal(CorsFilter.java:91)
	at org.springframework.web.filter.OncePerRequestFilter.doFilter(OncePerRequestFilter.java:117)
	at org.apache.catalina.core.ApplicationFilterChain.internalDoFilter(ApplicationFilterChain.java:178)
	at org.apache.catalina.core.ApplicationFilterChain.doFilter(ApplicationFilterChain.java:153)
	at org.springframework.web.filter.RequestContextFilter.doFilterInternal(RequestContextFilter.java:100)
	at org.springframework.web.filter.OncePerRequestFilter.doFilter(OncePerRequestFilter.java:117)
	at org.apache.catalina.core.ApplicationFilterChain.internalDoFilter(ApplicationFilterChain.java:178)
	at org.apache.catalina.core.ApplicationFilterChain.doFilter(ApplicationFilterChain.java:153)
	at org.springframework.web.filter.FormContentFilter.doFilterInternal(FormContentFilter.java:93)
	at org.springframework.web.filter.OncePerRequestFilter.doFilter(OncePerRequestFilter.java:117)
	at org.apache.catalina.core.ApplicationFilterChain.internalDoFilter(ApplicationFilterChain.java:178)
	at org.apache.catalina.core.ApplicationFilterChain.doFilter(ApplicationFilterChain.java:153)
	at org.springframework.web.filter.CharacterEncodingFilter.doFilterInternal(CharacterEncodingFilter.java:201)
	at org.springframework.web.filter.OncePerRequestFilter.doFilter(OncePerRequestFilter.java:117)
	at org.apache.catalina.core.ApplicationFilterChain.internalDoFilter(ApplicationFilterChain.java:178)
	at org.apache.catalina.core.ApplicationFilterChain.doFilter(ApplicationFilterChain.java:153)
	at org.apache.catalina.core.StandardWrapperValve.invoke(StandardWrapperValve.java:168)
	at org.apache.catalina.core.StandardContextValve.invoke(StandardContextValve.java:90)
	at org.apache.catalina.authenticator.AuthenticatorBase.invoke(AuthenticatorBase.java:481)
	at org.apache.catalina.core.StandardHostValve.invoke(StandardHostValve.java:130)
	at org.apache.catalina.valves.ErrorReportValve.invoke(ErrorReportValve.java:93)
	at org.apache.catalina.core.StandardEngineValve.invoke(StandardEngineValve.java:74)
	at org.apache.catalina.connector.CoyoteAdapter.service(CoyoteAdapter.java:342)
	at org.apache.coyote.http11.Http11Processor.service(Http11Processor.java:390)
	at org.apache.coyote.AbstractProcessorLight.process(AbstractProcessorLight.java:63)
	at org.apache.coyote.AbstractProtocol$ConnectionHandler.process(AbstractProtocol.java:928)
	at org.apache.tomcat.util.net.NioEndpoint$SocketProcessor.doRun(NioEndpoint.java:1794)
	at org.apache.tomcat.util.net.SocketProcessorBase.run(SocketProcessorBase.java:52)
	at org.apache.tomcat.util.threads.ThreadPoolExecutor.runWorker(ThreadPoolExecutor.java:1191)
	at org.apache.tomcat.util.threads.ThreadPoolExecutor$Worker.run(ThreadPoolExecutor.java:659)
	at org.apache.tomcat.util.threads.TaskThread$WrappingRunnable.run(TaskThread.java:61)
	at java.base/java.lang.Thread.run(Thread.java:834)
Caused by: org.springframework.core.serializer.support.SerializationFailedException: Failed to serialize object using DefaultSerializer; nested exception is java.io.NotSerializableException: com.accounting.entity.Category
	at org.springframework.core.serializer.support.SerializingConverter.convert(SerializingConverter.java:64)
	at org.springframework.core.serializer.support.SerializingConverter.convert(SerializingConverter.java:33)
	at org.springframework.data.redis.serializer.JdkSerializationRedisSerializer.serialize(JdkSerializationRedisSerializer.java:94)
	... 68 common frames omitted
Caused by: java.io.NotSerializableException: com.accounting.entity.Category
	at java.base/java.io.ObjectOutputStream.writeObject0(ObjectOutputStream.java:1185)
	at java.base/java.io.ObjectOutputStream.writeObject(ObjectOutputStream.java:349)
	at java.base/java.util.ArrayList.writeObject(ArrayList.java:896)
	at java.base/jdk.internal.reflect.NativeMethodAccessorImpl.invoke0(Native Method)
	at java.base/jdk.internal.reflect.NativeMethodAccessorImpl.invoke(NativeMethodAccessorImpl.java:62)
	at java.base/jdk.internal.reflect.DelegatingMethodAccessorImpl.invoke(DelegatingMethodAccessorImpl.java:43)
	at java.base/java.lang.reflect.Method.invoke(Method.java:566)
	at java.base/java.io.ObjectStreamClass.invokeWriteObject(ObjectStreamClass.java:1130)
	at java.base/java.io.ObjectOutputStream.writeSerialData(ObjectOutputStream.java:1497)
	at java.base/java.io.ObjectOutputStream.writeOrdinaryObject(ObjectOutputStream.java:1433)
	at java.base/java.io.ObjectOutputStream.writeObject0(ObjectOutputStream.java:1179)
	at java.base/java.io.ObjectOutputStream.writeObject(ObjectOutputStream.java:349)
	at org.springframework.core.serializer.DefaultSerializer.serialize(DefaultSerializer.java:46)
	at org.springframework.core.serializer.Serializer.serializeToByteArray(Serializer.java:56)
	at org.springframework.core.serializer.support.SerializingConverter.convert(SerializingConverter.java:60)
	... 70 common frames omitted
2026-05-26 14:19:30 [http-nio-8080-exec-3] INFO  com.accounting.service.BudgetService - 计算预算使用情况: 1
2026-05-26 14:19:30 [http-nio-8080-exec-3] INFO  com.accounting.service.BudgetService - 根据ID获取预算: 1
2026-05-26 14:19:30 [http-nio-8080-exec-3] INFO  com.accounting.service.BudgetService - 计算预算使用情况: 1
2026-05-26 14:19:30 [http-nio-8080-exec-3] INFO  com.accounting.service.BudgetService - 根据ID获取预算: 1
2026-05-26 14:19:30 [http-nio-8080-exec-3] INFO  c.a.service.DashboardService - 检查异常消费: 月均支出=0.00
2026-05-26 14:19:30 [http-nio-8080-exec-3] ERROR c.a.exception.GlobalExceptionHandler - 系统异常: 
org.springframework.data.redis.serializer.SerializationException: Cannot serialize; nested exception is org.springframework.core.serializer.support.SerializationFailedException: Failed to serialize object using DefaultSerializer; nested exception is java.lang.IllegalArgumentException: DefaultSerializer requires a Serializable payload but received an object of type [com.accounting.dto.DashboardDTO]
	at org.springframework.data.redis.serializer.JdkSerializationRedisSerializer.serialize(JdkSerializationRedisSerializer.java:96)
	at org.springframework.data.redis.serializer.DefaultRedisElementWriter.write(DefaultRedisElementWriter.java:44)
	at org.springframework.data.redis.serializer.RedisSerializationContext$SerializationPair.write(RedisSerializationContext.java:290)
	at org.springframework.data.redis.cache.RedisCache.serializeCacheValue(RedisCache.java:285)
	at org.springframework.data.redis.cache.RedisCache.put(RedisCache.java:171)
	at org.springframework.cache.interceptor.AbstractCacheInvoker.doPut(AbstractCacheInvoker.java:87)
	at org.springframework.cache.interceptor.CacheAspectSupport$CachePutRequest.apply(CacheAspectSupport.java:837)
	at org.springframework.cache.interceptor.CacheAspectSupport.execute(CacheAspectSupport.java:429)
	at org.springframework.cache.interceptor.CacheAspectSupport.execute(CacheAspectSupport.java:345)
	at org.springframework.cache.interceptor.CacheInterceptor.invoke(CacheInterceptor.java:64)
	at org.springframework.aop.framework.ReflectiveMethodInvocation.proceed(ReflectiveMethodInvocation.java:186)
	at org.springframework.aop.framework.CglibAopProxy$CglibMethodInvocation.proceed(CglibAopProxy.java:762)
	at org.springframework.aop.framework.CglibAopProxy$DynamicAdvisedInterceptor.intercept(CglibAopProxy.java:707)
	at com.accounting.service.DashboardService$$EnhancerBySpringCGLIB$$4b3890c.getDashboardData(<generated>)
	at com.accounting.controller.DashboardController.getDashboardData(DashboardController.java:27)
	at java.base/jdk.internal.reflect.NativeMethodAccessorImpl.invoke0(Native Method)
	at java.base/jdk.internal.reflect.NativeMethodAccessorImpl.invoke(NativeMethodAccessorImpl.java:62)
	at java.base/jdk.internal.reflect.DelegatingMethodAccessorImpl.invoke(DelegatingMethodAccessorImpl.java:43)
	at java.base/java.lang.reflect.Method.invoke(Method.java:566)
	at org.springframework.web.method.support.InvocableHandlerMethod.doInvoke(InvocableHandlerMethod.java:205)
	at org.springframework.web.method.support.InvocableHandlerMethod.invokeForRequest(InvocableHandlerMethod.java:150)
	at org.springframework.web.servlet.mvc.method.annotation.ServletInvocableHandlerMethod.invokeAndHandle(ServletInvocableHandlerMethod.java:117)
	at org.springframework.web.servlet.mvc.method.annotation.RequestMappingHandlerAdapter.invokeHandlerMethod(RequestMappingHandlerAdapter.java:895)
	at org.springframework.web.servlet.mvc.method.annotation.RequestMappingHandlerAdapter.handleInternal(RequestMappingHandlerAdapter.java:808)
	at org.springframework.web.servlet.mvc.method.AbstractHandlerMethodAdapter.handle(AbstractHandlerMethodAdapter.java:87)
	at org.springframework.web.servlet.DispatcherServlet.doDispatch(DispatcherServlet.java:1072)
	at org.springframework.web.servlet.DispatcherServlet.doService(DispatcherServlet.java:965)
	at org.springframework.web.servlet.FrameworkServlet.processRequest(FrameworkServlet.java:1006)
	at org.springframework.web.servlet.FrameworkServlet.doGet(FrameworkServlet.java:898)
	at javax.servlet.http.HttpServlet.service(HttpServlet.java:529)
	at org.springframework.web.servlet.FrameworkServlet.service(FrameworkServlet.java:883)
	at javax.servlet.http.HttpServlet.service(HttpServlet.java:623)
	at org.apache.catalina.core.ApplicationFilterChain.internalDoFilter(ApplicationFilterChain.java:209)
	at org.apache.catalina.core.ApplicationFilterChain.doFilter(ApplicationFilterChain.java:153)
	at org.apache.tomcat.websocket.server.WsFilter.doFilter(WsFilter.java:51)
	at org.apache.catalina.core.ApplicationFilterChain.internalDoFilter(ApplicationFilterChain.java:178)
	at org.apache.catalina.core.ApplicationFilterChain.doFilter(ApplicationFilterChain.java:153)
	at org.springframework.web.filter.CorsFilter.doFilterInternal(CorsFilter.java:91)
	at org.springframework.web.filter.OncePerRequestFilter.doFilter(OncePerRequestFilter.java:117)
	at org.apache.catalina.core.ApplicationFilterChain.internalDoFilter(ApplicationFilterChain.java:178)
	at org.apache.catalina.core.ApplicationFilterChain.doFilter(ApplicationFilterChain.java:153)
	at org.springframework.web.filter.RequestContextFilter.doFilterInternal(RequestContextFilter.java:100)
	at org.springframework.web.filter.OncePerRequestFilter.doFilter(OncePerRequestFilter.java:117)
	at org.apache.catalina.core.ApplicationFilterChain.internalDoFilter(ApplicationFilterChain.java:178)
	at org.apache.catalina.core.ApplicationFilterChain.doFilter(ApplicationFilterChain.java:153)
	at org.springframework.web.filter.FormContentFilter.doFilterInternal(FormContentFilter.java:93)
	at org.springframework.web.filter.OncePerRequestFilter.doFilter(OncePerRequestFilter.java:117)
	at org.apache.catalina.core.ApplicationFilterChain.internalDoFilter(ApplicationFilterChain.java:178)
	at org.apache.catalina.core.ApplicationFilterChain.doFilter(ApplicationFilterChain.java:153)
	at org.springframework.web.filter.CharacterEncodingFilter.doFilterInternal(CharacterEncodingFilter.java:201)
	at org.springframework.web.filter.OncePerRequestFilter.doFilter(OncePerRequestFilter.java:117)
	at org.apache.catalina.core.ApplicationFilterChain.internalDoFilter(ApplicationFilterChain.java:178)
	at org.apache.catalina.core.ApplicationFilterChain.doFilter(ApplicationFilterChain.java:153)
	at org.apache.catalina.core.StandardWrapperValve.invoke(StandardWrapperValve.java:168)
	at org.apache.catalina.core.StandardContextValve.invoke(StandardContextValve.java:90)
	at org.apache.catalina.authenticator.AuthenticatorBase.invoke(AuthenticatorBase.java:481)
	at org.apache.catalina.core.StandardHostValve.invoke(StandardHostValve.java:130)
	at org.apache.catalina.valves.ErrorReportValve.invoke(ErrorReportValve.java:93)
	at org.apache.catalina.core.StandardEngineValve.invoke(StandardEngineValve.java:74)
	at org.apache.catalina.connector.CoyoteAdapter.service(CoyoteAdapter.java:342)
	at org.apache.coyote.http11.Http11Processor.service(Http11Processor.java:390)
	at org.apache.coyote.AbstractProcessorLight.process(AbstractProcessorLight.java:63)
	at org.apache.coyote.AbstractProtocol$ConnectionHandler.process(AbstractProtocol.java:928)
	at org.apache.tomcat.util.net.NioEndpoint$SocketProcessor.doRun(NioEndpoint.java:1794)
	at org.apache.tomcat.util.net.SocketProcessorBase.run(SocketProcessorBase.java:52)
	at org.apache.tomcat.util.threads.ThreadPoolExecutor.runWorker(ThreadPoolExecutor.java:1191)
	at org.apache.tomcat.util.threads.ThreadPoolExecutor$Worker.run(ThreadPoolExecutor.java:659)
	at org.apache.tomcat.util.threads.TaskThread$WrappingRunnable.run(TaskThread.java:61)
	at java.base/java.lang.Thread.run(Thread.java:834)
Caused by: org.springframework.core.serializer.support.SerializationFailedException: Failed to serialize object using DefaultSerializer; nested exception is java.lang.IllegalArgumentException: DefaultSerializer requires a Serializable payload but received an object of type [com.accounting.dto.DashboardDTO]
	at org.springframework.core.serializer.support.SerializingConverter.convert(SerializingConverter.java:64)
	at org.springframework.core.serializer.support.SerializingConverter.convert(SerializingConverter.java:33)
	at org.springframework.data.redis.serializer.JdkSerializationRedisSerializer.serialize(JdkSerializationRedisSerializer.java:94)
	... 68 common frames omitted
Caused by: java.lang.IllegalArgumentException: DefaultSerializer requires a Serializable payload but received an object of type [com.accounting.dto.DashboardDTO]
	at org.springframework.core.serializer.DefaultSerializer.serialize(DefaultSerializer.java:43)
	at org.springframework.core.serializer.Serializer.serializeToByteArray(Serializer.java:56)
	at org.springframework.core.serializer.support.SerializingConverter.convert(SerializingConverter.java:60)
	... 70 common frames omitted
2026-05-26 14:19:50 [http-nio-8080-exec-7] INFO  c.a.controller.CategoryController - API: 获取全部分类
2026-05-26 14:19:50 [http-nio-8080-exec-2] INFO  c.a.controller.AccountController - API: 获取全部账户
2026-05-26 14:19:50 [http-nio-8080-exec-7] INFO  c.accounting.service.CategoryService - 获取全部分类列表
2026-05-26 14:19:50 [http-nio-8080-exec-2] INFO  c.accounting.service.AccountService - 获取全部账户列表
2026-05-26 14:19:50 [http-nio-8080-exec-2] ERROR c.a.exception.GlobalExceptionHandler - 系统异常: 
org.springframework.data.redis.serializer.SerializationException: Cannot serialize; nested exception is org.springframework.core.serializer.support.SerializationFailedException: Failed to serialize object using DefaultSerializer; nested exception is java.io.NotSerializableException: com.accounting.entity.Account
	at org.springframework.data.redis.serializer.JdkSerializationRedisSerializer.serialize(JdkSerializationRedisSerializer.java:96)
	at org.springframework.data.redis.serializer.DefaultRedisElementWriter.write(DefaultRedisElementWriter.java:44)
	at org.springframework.data.redis.serializer.RedisSerializationContext$SerializationPair.write(RedisSerializationContext.java:290)
	at org.springframework.data.redis.cache.RedisCache.serializeCacheValue(RedisCache.java:285)
	at org.springframework.data.redis.cache.RedisCache.put(RedisCache.java:171)
	at org.springframework.cache.interceptor.AbstractCacheInvoker.doPut(AbstractCacheInvoker.java:87)
	at org.springframework.cache.interceptor.CacheAspectSupport$CachePutRequest.apply(CacheAspectSupport.java:837)
	at org.springframework.cache.interceptor.CacheAspectSupport.execute(CacheAspectSupport.java:429)
	at org.springframework.cache.interceptor.CacheAspectSupport.execute(CacheAspectSupport.java:345)
	at org.springframework.cache.interceptor.CacheInterceptor.invoke(CacheInterceptor.java:64)
	at org.springframework.aop.framework.ReflectiveMethodInvocation.proceed(ReflectiveMethodInvocation.java:186)
	at org.springframework.aop.framework.CglibAopProxy$CglibMethodInvocation.proceed(CglibAopProxy.java:762)
	at org.springframework.aop.framework.CglibAopProxy$DynamicAdvisedInterceptor.intercept(CglibAopProxy.java:707)
	at com.accounting.service.AccountService$$EnhancerBySpringCGLIB$$48b776ea.getAllAccounts(<generated>)
	at com.accounting.controller.AccountController.getAllAccounts(AccountController.java:29)
	at java.base/jdk.internal.reflect.NativeMethodAccessorImpl.invoke0(Native Method)
	at java.base/jdk.internal.reflect.NativeMethodAccessorImpl.invoke(NativeMethodAccessorImpl.java:62)
	at java.base/jdk.internal.reflect.DelegatingMethodAccessorImpl.invoke(DelegatingMethodAccessorImpl.java:43)
	at java.base/java.lang.reflect.Method.invoke(Method.java:566)
	at org.springframework.web.method.support.InvocableHandlerMethod.doInvoke(InvocableHandlerMethod.java:205)
	at org.springframework.web.method.support.InvocableHandlerMethod.invokeForRequest(InvocableHandlerMethod.java:150)
	at org.springframework.web.servlet.mvc.method.annotation.ServletInvocableHandlerMethod.invokeAndHandle(ServletInvocableHandlerMethod.java:117)
	at org.springframework.web.servlet.mvc.method.annotation.RequestMappingHandlerAdapter.invokeHandlerMethod(RequestMappingHandlerAdapter.java:895)
	at org.springframework.web.servlet.mvc.method.annotation.RequestMappingHandlerAdapter.handleInternal(RequestMappingHandlerAdapter.java:808)
	at org.springframework.web.servlet.mvc.method.AbstractHandlerMethodAdapter.handle(AbstractHandlerMethodAdapter.java:87)
	at org.springframework.web.servlet.DispatcherServlet.doDispatch(DispatcherServlet.java:1072)
	at org.springframework.web.servlet.DispatcherServlet.doService(DispatcherServlet.java:965)
	at org.springframework.web.servlet.FrameworkServlet.processRequest(FrameworkServlet.java:1006)
	at org.springframework.web.servlet.FrameworkServlet.doGet(FrameworkServlet.java:898)
	at javax.servlet.http.HttpServlet.service(HttpServlet.java:529)
	at org.springframework.web.servlet.FrameworkServlet.service(FrameworkServlet.java:883)
	at javax.servlet.http.HttpServlet.service(HttpServlet.java:623)
	at org.apache.catalina.core.ApplicationFilterChain.internalDoFilter(ApplicationFilterChain.java:209)
	at org.apache.catalina.core.ApplicationFilterChain.doFilter(ApplicationFilterChain.java:153)
	at org.apache.tomcat.websocket.server.WsFilter.doFilter(WsFilter.java:51)
	at org.apache.catalina.core.ApplicationFilterChain.internalDoFilter(ApplicationFilterChain.java:178)
	at org.apache.catalina.core.ApplicationFilterChain.doFilter(ApplicationFilterChain.java:153)
	at org.springframework.web.filter.CorsFilter.doFilterInternal(CorsFilter.java:91)
	at org.springframework.web.filter.OncePerRequestFilter.doFilter(OncePerRequestFilter.java:117)
	at org.apache.catalina.core.ApplicationFilterChain.internalDoFilter(ApplicationFilterChain.java:178)
	at org.apache.catalina.core.ApplicationFilterChain.doFilter(ApplicationFilterChain.java:153)
	at org.springframework.web.filter.RequestContextFilter.doFilterInternal(RequestContextFilter.java:100)
	at org.springframework.web.filter.OncePerRequestFilter.doFilter(OncePerRequestFilter.java:117)
	at org.apache.catalina.core.ApplicationFilterChain.internalDoFilter(ApplicationFilterChain.java:178)
	at org.apache.catalina.core.ApplicationFilterChain.doFilter(ApplicationFilterChain.java:153)
	at org.springframework.web.filter.FormContentFilter.doFilterInternal(FormContentFilter.java:93)
	at org.springframework.web.filter.OncePerRequestFilter.doFilter(OncePerRequestFilter.java:117)
	at org.apache.catalina.core.ApplicationFilterChain.internalDoFilter(ApplicationFilterChain.java:178)
	at org.apache.catalina.core.ApplicationFilterChain.doFilter(ApplicationFilterChain.java:153)
	at org.springframework.web.filter.CharacterEncodingFilter.doFilterInternal(CharacterEncodingFilter.java:201)
	at org.springframework.web.filter.OncePerRequestFilter.doFilter(OncePerRequestFilter.java:117)
	at org.apache.catalina.core.ApplicationFilterChain.internalDoFilter(ApplicationFilterChain.java:178)
	at org.apache.catalina.core.ApplicationFilterChain.doFilter(ApplicationFilterChain.java:153)
	at org.apache.catalina.core.StandardWrapperValve.invoke(StandardWrapperValve.java:168)
	at org.apache.catalina.core.StandardContextValve.invoke(StandardContextValve.java:90)
	at org.apache.catalina.authenticator.AuthenticatorBase.invoke(AuthenticatorBase.java:481)
	at org.apache.catalina.core.StandardHostValve.invoke(StandardHostValve.java:130)
	at org.apache.catalina.valves.ErrorReportValve.invoke(ErrorReportValve.java:93)
	at org.apache.catalina.core.StandardEngineValve.invoke(StandardEngineValve.java:74)
	at org.apache.catalina.connector.CoyoteAdapter.service(CoyoteAdapter.java:342)
	at org.apache.coyote.http11.Http11Processor.service(Http11Processor.java:390)
	at org.apache.coyote.AbstractProcessorLight.process(AbstractProcessorLight.java:63)
	at org.apache.coyote.AbstractProtocol$ConnectionHandler.process(AbstractProtocol.java:928)
	at org.apache.tomcat.util.net.NioEndpoint$SocketProcessor.doRun(NioEndpoint.java:1794)
	at org.apache.tomcat.util.net.SocketProcessorBase.run(SocketProcessorBase.java:52)
	at org.apache.tomcat.util.threads.ThreadPoolExecutor.runWorker(ThreadPoolExecutor.java:1191)
	at org.apache.tomcat.util.threads.ThreadPoolExecutor$Worker.run(ThreadPoolExecutor.java:659)
	at org.apache.tomcat.util.threads.TaskThread$WrappingRunnable.run(TaskThread.java:61)
	at java.base/java.lang.Thread.run(Thread.java:834)
Caused by: org.springframework.core.serializer.support.SerializationFailedException: Failed to serialize object using DefaultSerializer; nested exception is java.io.NotSerializableException: com.accounting.entity.Account
	at org.springframework.core.serializer.support.SerializingConverter.convert(SerializingConverter.java:64)
	at org.springframework.core.serializer.support.SerializingConverter.convert(SerializingConverter.java:33)
	at org.springframework.data.redis.serializer.JdkSerializationRedisSerializer.serialize(JdkSerializationRedisSerializer.java:94)
	... 68 common frames omitted
Caused by: java.io.NotSerializableException: com.accounting.entity.Account
	at java.base/java.io.ObjectOutputStream.writeObject0(ObjectOutputStream.java:1185)
	at java.base/java.io.ObjectOutputStream.writeObject(ObjectOutputStream.java:349)
	at java.base/java.util.ArrayList.writeObject(ArrayList.java:896)
	at java.base/jdk.internal.reflect.NativeMethodAccessorImpl.invoke0(Native Method)
	at java.base/jdk.internal.reflect.NativeMethodAccessorImpl.invoke(NativeMethodAccessorImpl.java:62)
	at java.base/jdk.internal.reflect.DelegatingMethodAccessorImpl.invoke(DelegatingMethodAccessorImpl.java:43)
	at java.base/java.lang.reflect.Method.invoke(Method.java:566)
	at java.base/java.io.ObjectStreamClass.invokeWriteObject(ObjectStreamClass.java:1130)
	at java.base/java.io.ObjectOutputStream.writeSerialData(ObjectOutputStream.java:1497)
	at java.base/java.io.ObjectOutputStream.writeOrdinaryObject(ObjectOutputStream.java:1433)
	at java.base/java.io.ObjectOutputStream.writeObject0(ObjectOutputStream.java:1179)
	at java.base/java.io.ObjectOutputStream.writeObject(ObjectOutputStream.java:349)
	at org.springframework.core.serializer.DefaultSerializer.serialize(DefaultSerializer.java:46)
	at org.springframework.core.serializer.Serializer.serializeToByteArray(Serializer.java:56)
	at org.springframework.core.serializer.support.SerializingConverter.convert(SerializingConverter.java:60)
	... 70 common frames omitted
2026-05-26 14:19:50 [http-nio-8080-exec-7] ERROR c.a.exception.GlobalExceptionHandler - 系统异常: 
org.springframework.data.redis.serializer.SerializationException: Cannot serialize; nested exception is org.springframework.core.serializer.support.SerializationFailedException: Failed to serialize object using DefaultSerializer; nested exception is java.io.NotSerializableException: com.accounting.entity.Category
	at org.springframework.data.redis.serializer.JdkSerializationRedisSerializer.serialize(JdkSerializationRedisSerializer.java:96)
	at org.springframework.data.redis.serializer.DefaultRedisElementWriter.write(DefaultRedisElementWriter.java:44)
	at org.springframework.data.redis.serializer.RedisSerializationContext$SerializationPair.write(RedisSerializationContext.java:290)
	at org.springframework.data.redis.cache.RedisCache.serializeCacheValue(RedisCache.java:285)
	at org.springframework.data.redis.cache.RedisCache.put(RedisCache.java:171)
	at org.springframework.cache.interceptor.AbstractCacheInvoker.doPut(AbstractCacheInvoker.java:87)
	at org.springframework.cache.interceptor.CacheAspectSupport$CachePutRequest.apply(CacheAspectSupport.java:837)
	at org.springframework.cache.interceptor.CacheAspectSupport.execute(CacheAspectSupport.java:429)
	at org.springframework.cache.interceptor.CacheAspectSupport.execute(CacheAspectSupport.java:345)
	at org.springframework.cache.interceptor.CacheInterceptor.invoke(CacheInterceptor.java:64)
	at org.springframework.aop.framework.ReflectiveMethodInvocation.proceed(ReflectiveMethodInvocation.java:186)
	at org.springframework.aop.framework.CglibAopProxy$CglibMethodInvocation.proceed(CglibAopProxy.java:762)
	at org.springframework.aop.framework.CglibAopProxy$DynamicAdvisedInterceptor.intercept(CglibAopProxy.java:707)
	at com.accounting.service.CategoryService$$EnhancerBySpringCGLIB$$cbe36f79.getAllCategories(<generated>)
	at com.accounting.controller.CategoryController.getAllCategories(CategoryController.java:29)
	at java.base/jdk.internal.reflect.NativeMethodAccessorImpl.invoke0(Native Method)
	at java.base/jdk.internal.reflect.NativeMethodAccessorImpl.invoke(NativeMethodAccessorImpl.java:62)
	at java.base/jdk.internal.reflect.DelegatingMethodAccessorImpl.invoke(DelegatingMethodAccessorImpl.java:43)
	at java.base/java.lang.reflect.Method.invoke(Method.java:566)
	at org.springframework.web.method.support.InvocableHandlerMethod.doInvoke(InvocableHandlerMethod.java:205)
	at org.springframework.web.method.support.InvocableHandlerMethod.invokeForRequest(InvocableHandlerMethod.java:150)
	at org.springframework.web.servlet.mvc.method.annotation.ServletInvocableHandlerMethod.invokeAndHandle(ServletInvocableHandlerMethod.java:117)
	at org.springframework.web.servlet.mvc.method.annotation.RequestMappingHandlerAdapter.invokeHandlerMethod(RequestMappingHandlerAdapter.java:895)
	at org.springframework.web.servlet.mvc.method.annotation.RequestMappingHandlerAdapter.handleInternal(RequestMappingHandlerAdapter.java:808)
	at org.springframework.web.servlet.mvc.method.AbstractHandlerMethodAdapter.handle(AbstractHandlerMethodAdapter.java:87)
	at org.springframework.web.servlet.DispatcherServlet.doDispatch(DispatcherServlet.java:1072)
	at org.springframework.web.servlet.DispatcherServlet.doService(DispatcherServlet.java:965)
	at org.springframework.web.servlet.FrameworkServlet.processRequest(FrameworkServlet.java:1006)
	at org.springframework.web.servlet.FrameworkServlet.doGet(FrameworkServlet.java:898)
	at javax.servlet.http.HttpServlet.service(HttpServlet.java:529)
	at org.springframework.web.servlet.FrameworkServlet.service(FrameworkServlet.java:883)
	at javax.servlet.http.HttpServlet.service(HttpServlet.java:623)
	at org.apache.catalina.core.ApplicationFilterChain.internalDoFilter(ApplicationFilterChain.java:209)
	at org.apache.catalina.core.ApplicationFilterChain.doFilter(ApplicationFilterChain.java:153)
	at org.apache.tomcat.websocket.server.WsFilter.doFilter(WsFilter.java:51)
	at org.apache.catalina.core.ApplicationFilterChain.internalDoFilter(ApplicationFilterChain.java:178)
	at org.apache.catalina.core.ApplicationFilterChain.doFilter(ApplicationFilterChain.java:153)
	at org.springframework.web.filter.CorsFilter.doFilterInternal(CorsFilter.java:91)
	at org.springframework.web.filter.OncePerRequestFilter.doFilter(OncePerRequestFilter.java:117)
	at org.apache.catalina.core.ApplicationFilterChain.internalDoFilter(ApplicationFilterChain.java:178)
	at org.apache.catalina.core.ApplicationFilterChain.doFilter(ApplicationFilterChain.java:153)
	at org.springframework.web.filter.RequestContextFilter.doFilterInternal(RequestContextFilter.java:100)
	at org.springframework.web.filter.OncePerRequestFilter.doFilter(OncePerRequestFilter.java:117)
	at org.apache.catalina.core.ApplicationFilterChain.internalDoFilter(ApplicationFilterChain.java:178)
	at org.apache.catalina.core.ApplicationFilterChain.doFilter(ApplicationFilterChain.java:153)
	at org.springframework.web.filter.FormContentFilter.doFilterInternal(FormContentFilter.java:93)
	at org.springframework.web.filter.OncePerRequestFilter.doFilter(OncePerRequestFilter.java:117)
	at org.apache.catalina.core.ApplicationFilterChain.internalDoFilter(ApplicationFilterChain.java:178)
	at org.apache.catalina.core.ApplicationFilterChain.doFilter(ApplicationFilterChain.java:153)
	at org.springframework.web.filter.CharacterEncodingFilter.doFilterInternal(CharacterEncodingFilter.java:201)
	at org.springframework.web.filter.OncePerRequestFilter.doFilter(OncePerRequestFilter.java:117)
	at org.apache.catalina.core.ApplicationFilterChain.internalDoFilter(ApplicationFilterChain.java:178)
	at org.apache.catalina.core.ApplicationFilterChain.doFilter(ApplicationFilterChain.java:153)
	at org.apache.catalina.core.StandardWrapperValve.invoke(StandardWrapperValve.java:168)
	at org.apache.catalina.core.StandardContextValve.invoke(StandardContextValve.java:90)
	at org.apache.catalina.authenticator.AuthenticatorBase.invoke(AuthenticatorBase.java:481)
	at org.apache.catalina.core.StandardHostValve.invoke(StandardHostValve.java:130)
	at org.apache.catalina.valves.ErrorReportValve.invoke(ErrorReportValve.java:93)
	at org.apache.catalina.core.StandardEngineValve.invoke(StandardEngineValve.java:74)
	at org.apache.catalina.connector.CoyoteAdapter.service(CoyoteAdapter.java:342)
	at org.apache.coyote.http11.Http11Processor.service(Http11Processor.java:390)
	at org.apache.coyote.AbstractProcessorLight.process(AbstractProcessorLight.java:63)
	at org.apache.coyote.AbstractProtocol$ConnectionHandler.process(AbstractProtocol.java:928)
	at org.apache.tomcat.util.net.NioEndpoint$SocketProcessor.doRun(NioEndpoint.java:1794)
	at org.apache.tomcat.util.net.SocketProcessorBase.run(SocketProcessorBase.java:52)
	at org.apache.tomcat.util.threads.ThreadPoolExecutor.runWorker(ThreadPoolExecutor.java:1191)
	at org.apache.tomcat.util.threads.ThreadPoolExecutor$Worker.run(ThreadPoolExecutor.java:659)
	at org.apache.tomcat.util.threads.TaskThread$WrappingRunnable.run(TaskThread.java:61)
	at java.base/java.lang.Thread.run(Thread.java:834)
Caused by: org.springframework.core.serializer.support.SerializationFailedException: Failed to serialize object using DefaultSerializer; nested exception is java.io.NotSerializableException: com.accounting.entity.Category
	at org.springframework.core.serializer.support.SerializingConverter.convert(SerializingConverter.java:64)
	at org.springframework.core.serializer.support.SerializingConverter.convert(SerializingConverter.java:33)
	at org.springframework.data.redis.serializer.JdkSerializationRedisSerializer.serialize(JdkSerializationRedisSerializer.java:94)
	... 68 common frames omitted
Caused by: java.io.NotSerializableException: com.accounting.entity.Category
	at java.base/java.io.ObjectOutputStream.writeObject0(ObjectOutputStream.java:1185)
	at java.base/java.io.ObjectOutputStream.writeObject(ObjectOutputStream.java:349)
	at java.base/java.util.ArrayList.writeObject(ArrayList.java:896)
	at java.base/jdk.internal.reflect.NativeMethodAccessorImpl.invoke0(Native Method)
	at java.base/jdk.internal.reflect.NativeMethodAccessorImpl.invoke(NativeMethodAccessorImpl.java:62)
	at java.base/jdk.internal.reflect.DelegatingMethodAccessorImpl.invoke(DelegatingMethodAccessorImpl.java:43)
	at java.base/java.lang.reflect.Method.invoke(Method.java:566)
	at java.base/java.io.ObjectStreamClass.invokeWriteObject(ObjectStreamClass.java:1130)
	at java.base/java.io.ObjectOutputStream.writeSerialData(ObjectOutputStream.java:1497)
	at java.base/java.io.ObjectOutputStream.writeOrdinaryObject(ObjectOutputStream.java:1433)
	at java.base/java.io.ObjectOutputStream.writeObject0(ObjectOutputStream.java:1179)
	at java.base/java.io.ObjectOutputStream.writeObject(ObjectOutputStream.java:349)
	at org.springframework.core.serializer.DefaultSerializer.serialize(DefaultSerializer.java:46)
	at org.springframework.core.serializer.Serializer.serializeToByteArray(Serializer.java:56)
	at org.springframework.core.serializer.support.SerializingConverter.convert(SerializingConverter.java:60)
	... 70 common frames omitted
2026-05-26 14:19:50 [http-nio-8080-exec-9] INFO  c.a.controller.DashboardController - API: 获取看板数据
2026-05-26 14:19:50 [http-nio-8080-exec-9] INFO  c.a.service.DashboardService - 获取看板数据
2026-05-26 14:19:50 [http-nio-8080-exec-10] INFO  c.a.controller.CategoryController - API: 按类型获取分类: EXPENSE
2026-05-26 14:19:50 [http-nio-8080-exec-6] INFO  c.a.controller.BillController - API: 获取最近30天的账单
2026-05-26 14:19:50 [http-nio-8080-exec-6] INFO  com.accounting.service.BillService - 获取最近30天的账单
2026-05-26 14:19:50 [http-nio-8080-exec-6] DEBUG com.accounting.service.BillService - 从Redis缓存获取最近30天账单
2026-05-26 14:19:50 [http-nio-8080-exec-10] INFO  c.accounting.service.CategoryService - 获取支出分类列表
2026-05-26 14:19:50 [http-nio-8080-exec-9] INFO  com.accounting.service.BudgetService - 获取当前生效的预算列表
2026-05-26 14:19:50 [http-nio-8080-exec-4] INFO  c.a.controller.BillController - API: 获取最近30天的账单
2026-05-26 14:19:50 [http-nio-8080-exec-9] INFO  com.accounting.service.BudgetService - 计算预算使用情况: 1
2026-05-26 14:19:50 [http-nio-8080-exec-4] INFO  com.accounting.service.BillService - 获取最近30天的账单
2026-05-26 14:19:50 [http-nio-8080-exec-9] INFO  com.accounting.service.BudgetService - 根据ID获取预算: 1
2026-05-26 14:19:50 [http-nio-8080-exec-4] DEBUG com.accounting.service.BillService - 从Redis缓存获取最近30天账单
2026-05-26 14:19:50 [http-nio-8080-exec-9] INFO  com.accounting.service.BudgetService - 计算预算使用情况: 1
2026-05-26 14:19:50 [http-nio-8080-exec-9] INFO  com.accounting.service.BudgetService - 根据ID获取预算: 1
2026-05-26 14:19:50 [http-nio-8080-exec-9] INFO  c.a.service.DashboardService - 检查异常消费: 月均支出=0.00
2026-05-26 14:19:50 [http-nio-8080-exec-10] ERROR c.a.exception.GlobalExceptionHandler - 系统异常: 
org.springframework.data.redis.serializer.SerializationException: Cannot serialize; nested exception is org.springframework.core.serializer.support.SerializationFailedException: Failed to serialize object using DefaultSerializer; nested exception is java.io.NotSerializableException: com.accounting.entity.Category
	at org.springframework.data.redis.serializer.JdkSerializationRedisSerializer.serialize(JdkSerializationRedisSerializer.java:96)
	at org.springframework.data.redis.serializer.DefaultRedisElementWriter.write(DefaultRedisElementWriter.java:44)
	at org.springframework.data.redis.serializer.RedisSerializationContext$SerializationPair.write(RedisSerializationContext.java:290)
	at org.springframework.data.redis.cache.RedisCache.serializeCacheValue(RedisCache.java:285)
	at org.springframework.data.redis.cache.RedisCache.put(RedisCache.java:171)
	at org.springframework.cache.interceptor.AbstractCacheInvoker.doPut(AbstractCacheInvoker.java:87)
	at org.springframework.cache.interceptor.CacheAspectSupport$CachePutRequest.apply(CacheAspectSupport.java:837)
	at org.springframework.cache.interceptor.CacheAspectSupport.execute(CacheAspectSupport.java:429)
	at org.springframework.cache.interceptor.CacheAspectSupport.execute(CacheAspectSupport.java:345)
	at org.springframework.cache.interceptor.CacheInterceptor.invoke(CacheInterceptor.java:64)
	at org.springframework.aop.framework.ReflectiveMethodInvocation.proceed(ReflectiveMethodInvocation.java:186)
	at org.springframework.aop.framework.CglibAopProxy$CglibMethodInvocation.proceed(CglibAopProxy.java:762)
	at org.springframework.aop.framework.CglibAopProxy$DynamicAdvisedInterceptor.intercept(CglibAopProxy.java:707)
	at com.accounting.service.CategoryService$$EnhancerBySpringCGLIB$$cbe36f79.getCategoriesByType(<generated>)
	at com.accounting.controller.CategoryController.getCategoriesByType(CategoryController.java:38)
	at java.base/jdk.internal.reflect.NativeMethodAccessorImpl.invoke0(Native Method)
	at java.base/jdk.internal.reflect.NativeMethodAccessorImpl.invoke(NativeMethodAccessorImpl.java:62)
	at java.base/jdk.internal.reflect.DelegatingMethodAccessorImpl.invoke(DelegatingMethodAccessorImpl.java:43)
	at java.base/java.lang.reflect.Method.invoke(Method.java:566)
	at org.springframework.web.method.support.InvocableHandlerMethod.doInvoke(InvocableHandlerMethod.java:205)
	at org.springframework.web.method.support.InvocableHandlerMethod.invokeForRequest(InvocableHandlerMethod.java:150)
	at org.springframework.web.servlet.mvc.method.annotation.ServletInvocableHandlerMethod.invokeAndHandle(ServletInvocableHandlerMethod.java:117)
	at org.springframework.web.servlet.mvc.method.annotation.RequestMappingHandlerAdapter.invokeHandlerMethod(RequestMappingHandlerAdapter.java:895)
	at org.springframework.web.servlet.mvc.method.annotation.RequestMappingHandlerAdapter.handleInternal(RequestMappingHandlerAdapter.java:808)
	at org.springframework.web.servlet.mvc.method.AbstractHandlerMethodAdapter.handle(AbstractHandlerMethodAdapter.java:87)
	at org.springframework.web.servlet.DispatcherServlet.doDispatch(DispatcherServlet.java:1072)
	at org.springframework.web.servlet.DispatcherServlet.doService(DispatcherServlet.java:965)
	at org.springframework.web.servlet.FrameworkServlet.processRequest(FrameworkServlet.java:1006)
	at org.springframework.web.servlet.FrameworkServlet.doGet(FrameworkServlet.java:898)
	at javax.servlet.http.HttpServlet.service(HttpServlet.java:529)
	at org.springframework.web.servlet.FrameworkServlet.service(FrameworkServlet.java:883)
	at javax.servlet.http.HttpServlet.service(HttpServlet.java:623)
	at org.apache.catalina.core.ApplicationFilterChain.internalDoFilter(ApplicationFilterChain.java:209)
	at org.apache.catalina.core.ApplicationFilterChain.doFilter(ApplicationFilterChain.java:153)
	at org.apache.tomcat.websocket.server.WsFilter.doFilter(WsFilter.java:51)
	at org.apache.catalina.core.ApplicationFilterChain.internalDoFilter(ApplicationFilterChain.java:178)
	at org.apache.catalina.core.ApplicationFilterChain.doFilter(ApplicationFilterChain.java:153)
	at org.springframework.web.filter.CorsFilter.doFilterInternal(CorsFilter.java:91)
	at org.springframework.web.filter.OncePerRequestFilter.doFilter(OncePerRequestFilter.java:117)
	at org.apache.catalina.core.ApplicationFilterChain.internalDoFilter(ApplicationFilterChain.java:178)
	at org.apache.catalina.core.ApplicationFilterChain.doFilter(ApplicationFilterChain.java:153)
	at org.springframework.web.filter.RequestContextFilter.doFilterInternal(RequestContextFilter.java:100)
	at org.springframework.web.filter.OncePerRequestFilter.doFilter(OncePerRequestFilter.java:117)
	at org.apache.catalina.core.ApplicationFilterChain.internalDoFilter(ApplicationFilterChain.java:178)
	at org.apache.catalina.core.ApplicationFilterChain.doFilter(ApplicationFilterChain.java:153)
	at org.springframework.web.filter.FormContentFilter.doFilterInternal(FormContentFilter.java:93)
	at org.springframework.web.filter.OncePerRequestFilter.doFilter(OncePerRequestFilter.java:117)
	at org.apache.catalina.core.ApplicationFilterChain.internalDoFilter(ApplicationFilterChain.java:178)
	at org.apache.catalina.core.ApplicationFilterChain.doFilter(ApplicationFilterChain.java:153)
	at org.springframework.web.filter.CharacterEncodingFilter.doFilterInternal(CharacterEncodingFilter.java:201)
	at org.springframework.web.filter.OncePerRequestFilter.doFilter(OncePerRequestFilter.java:117)
	at org.apache.catalina.core.ApplicationFilterChain.internalDoFilter(ApplicationFilterChain.java:178)
	at org.apache.catalina.core.ApplicationFilterChain.doFilter(ApplicationFilterChain.java:153)
	at org.apache.catalina.core.StandardWrapperValve.invoke(StandardWrapperValve.java:168)
	at org.apache.catalina.core.StandardContextValve.invoke(StandardContextValve.java:90)
	at org.apache.catalina.authenticator.AuthenticatorBase.invoke(AuthenticatorBase.java:481)
	at org.apache.catalina.core.StandardHostValve.invoke(StandardHostValve.java:130)
	at org.apache.catalina.valves.ErrorReportValve.invoke(ErrorReportValve.java:93)
	at org.apache.catalina.core.StandardEngineValve.invoke(StandardEngineValve.java:74)
	at org.apache.catalina.connector.CoyoteAdapter.service(CoyoteAdapter.java:342)
	at org.apache.coyote.http11.Http11Processor.service(Http11Processor.java:390)
	at org.apache.coyote.AbstractProcessorLight.process(AbstractProcessorLight.java:63)
	at org.apache.coyote.AbstractProtocol$ConnectionHandler.process(AbstractProtocol.java:928)
	at org.apache.tomcat.util.net.NioEndpoint$SocketProcessor.doRun(NioEndpoint.java:1794)
	at org.apache.tomcat.util.net.SocketProcessorBase.run(SocketProcessorBase.java:52)
	at org.apache.tomcat.util.threads.ThreadPoolExecutor.runWorker(ThreadPoolExecutor.java:1191)
	at org.apache.tomcat.util.threads.ThreadPoolExecutor$Worker.run(ThreadPoolExecutor.java:659)
	at org.apache.tomcat.util.threads.TaskThread$WrappingRunnable.run(TaskThread.java:61)
	at java.base/java.lang.Thread.run(Thread.java:834)
Caused by: org.springframework.core.serializer.support.SerializationFailedException: Failed to serialize object using DefaultSerializer; nested exception is java.io.NotSerializableException: com.accounting.entity.Category
	at org.springframework.core.serializer.support.SerializingConverter.convert(SerializingConverter.java:64)
	at org.springframework.core.serializer.support.SerializingConverter.convert(SerializingConverter.java:33)
	at org.springframework.data.redis.serializer.JdkSerializationRedisSerializer.serialize(JdkSerializationRedisSerializer.java:94)
	... 68 common frames omitted
Caused by: java.io.NotSerializableException: com.accounting.entity.Category
	at java.base/java.io.ObjectOutputStream.writeObject0(ObjectOutputStream.java:1185)
	at java.base/java.io.ObjectOutputStream.writeObject(ObjectOutputStream.java:349)
	at java.base/java.util.ArrayList.writeObject(ArrayList.java:896)
	at java.base/jdk.internal.reflect.NativeMethodAccessorImpl.invoke0(Native Method)
	at java.base/jdk.internal.reflect.NativeMethodAccessorImpl.invoke(NativeMethodAccessorImpl.java:62)
	at java.base/jdk.internal.reflect.DelegatingMethodAccessorImpl.invoke(DelegatingMethodAccessorImpl.java:43)
	at java.base/java.lang.reflect.Method.invoke(Method.java:566)
	at java.base/java.io.ObjectStreamClass.invokeWriteObject(ObjectStreamClass.java:1130)
	at java.base/java.io.ObjectOutputStream.writeSerialData(ObjectOutputStream.java:1497)
	at java.base/java.io.ObjectOutputStream.writeOrdinaryObject(ObjectOutputStream.java:1433)
	at java.base/java.io.ObjectOutputStream.writeObject0(ObjectOutputStream.java:1179)
	at java.base/java.io.ObjectOutputStream.writeObject(ObjectOutputStream.java:349)
	at org.springframework.core.serializer.DefaultSerializer.serialize(DefaultSerializer.java:46)
	at org.springframework.core.serializer.Serializer.serializeToByteArray(Serializer.java:56)
	at org.springframework.core.serializer.support.SerializingConverter.convert(SerializingConverter.java:60)
	... 70 common frames omitted
2026-05-26 14:19:50 [http-nio-8080-exec-9] ERROR c.a.exception.GlobalExceptionHandler - 系统异常: 
org.springframework.data.redis.serializer.SerializationException: Cannot serialize; nested exception is org.springframework.core.serializer.support.SerializationFailedException: Failed to serialize object using DefaultSerializer; nested exception is java.lang.IllegalArgumentException: DefaultSerializer requires a Serializable payload but received an object of type [com.accounting.dto.DashboardDTO]
	at org.springframework.data.redis.serializer.JdkSerializationRedisSerializer.serialize(JdkSerializationRedisSerializer.java:96)
	at org.springframework.data.redis.serializer.DefaultRedisElementWriter.write(DefaultRedisElementWriter.java:44)
	at org.springframework.data.redis.serializer.RedisSerializationContext$SerializationPair.write(RedisSerializationContext.java:290)
	at org.springframework.data.redis.cache.RedisCache.serializeCacheValue(RedisCache.java:285)
	at org.springframework.data.redis.cache.RedisCache.put(RedisCache.java:171)
	at org.springframework.cache.interceptor.AbstractCacheInvoker.doPut(AbstractCacheInvoker.java:87)
	at org.springframework.cache.interceptor.CacheAspectSupport$CachePutRequest.apply(CacheAspectSupport.java:837)
	at org.springframework.cache.interceptor.CacheAspectSupport.execute(CacheAspectSupport.java:429)
	at org.springframework.cache.interceptor.CacheAspectSupport.execute(CacheAspectSupport.java:345)
	at org.springframework.cache.interceptor.CacheInterceptor.invoke(CacheInterceptor.java:64)
	at org.springframework.aop.framework.ReflectiveMethodInvocation.proceed(ReflectiveMethodInvocation.java:186)
	at org.springframework.aop.framework.CglibAopProxy$CglibMethodInvocation.proceed(CglibAopProxy.java:762)
	at org.springframework.aop.framework.CglibAopProxy$DynamicAdvisedInterceptor.intercept(CglibAopProxy.java:707)
	at com.accounting.service.DashboardService$$EnhancerBySpringCGLIB$$4b3890c.getDashboardData(<generated>)
	at com.accounting.controller.DashboardController.getDashboardData(DashboardController.java:27)
	at java.base/jdk.internal.reflect.NativeMethodAccessorImpl.invoke0(Native Method)
	at java.base/jdk.internal.reflect.NativeMethodAccessorImpl.invoke(NativeMethodAccessorImpl.java:62)
	at java.base/jdk.internal.reflect.DelegatingMethodAccessorImpl.invoke(DelegatingMethodAccessorImpl.java:43)
	at java.base/java.lang.reflect.Method.invoke(Method.java:566)
	at org.springframework.web.method.support.InvocableHandlerMethod.doInvoke(InvocableHandlerMethod.java:205)
	at org.springframework.web.method.support.InvocableHandlerMethod.invokeForRequest(InvocableHandlerMethod.java:150)
	at org.springframework.web.servlet.mvc.method.annotation.ServletInvocableHandlerMethod.invokeAndHandle(ServletInvocableHandlerMethod.java:117)
	at org.springframework.web.servlet.mvc.method.annotation.RequestMappingHandlerAdapter.invokeHandlerMethod(RequestMappingHandlerAdapter.java:895)
	at org.springframework.web.servlet.mvc.method.annotation.RequestMappingHandlerAdapter.handleInternal(RequestMappingHandlerAdapter.java:808)
	at org.springframework.web.servlet.mvc.method.AbstractHandlerMethodAdapter.handle(AbstractHandlerMethodAdapter.java:87)
	at org.springframework.web.servlet.DispatcherServlet.doDispatch(DispatcherServlet.java:1072)
	at org.springframework.web.servlet.DispatcherServlet.doService(DispatcherServlet.java:965)
	at org.springframework.web.servlet.FrameworkServlet.processRequest(FrameworkServlet.java:1006)
	at org.springframework.web.servlet.FrameworkServlet.doGet(FrameworkServlet.java:898)
	at javax.servlet.http.HttpServlet.service(HttpServlet.java:529)
	at org.springframework.web.servlet.FrameworkServlet.service(FrameworkServlet.java:883)
	at javax.servlet.http.HttpServlet.service(HttpServlet.java:623)
	at org.apache.catalina.core.ApplicationFilterChain.internalDoFilter(ApplicationFilterChain.java:209)
	at org.apache.catalina.core.ApplicationFilterChain.doFilter(ApplicationFilterChain.java:153)
	at org.apache.tomcat.websocket.server.WsFilter.doFilter(WsFilter.java:51)
	at org.apache.catalina.core.ApplicationFilterChain.internalDoFilter(ApplicationFilterChain.java:178)
	at org.apache.catalina.core.ApplicationFilterChain.doFilter(ApplicationFilterChain.java:153)
	at org.springframework.web.filter.CorsFilter.doFilterInternal(CorsFilter.java:91)
	at org.springframework.web.filter.OncePerRequestFilter.doFilter(OncePerRequestFilter.java:117)
	at org.apache.catalina.core.ApplicationFilterChain.internalDoFilter(ApplicationFilterChain.java:178)
	at org.apache.catalina.core.ApplicationFilterChain.doFilter(ApplicationFilterChain.java:153)
	at org.springframework.web.filter.RequestContextFilter.doFilterInternal(RequestContextFilter.java:100)
	at org.springframework.web.filter.OncePerRequestFilter.doFilter(OncePerRequestFilter.java:117)
	at org.apache.catalina.core.ApplicationFilterChain.internalDoFilter(ApplicationFilterChain.java:178)
	at org.apache.catalina.core.ApplicationFilterChain.doFilter(ApplicationFilterChain.java:153)
	at org.springframework.web.filter.FormContentFilter.doFilterInternal(FormContentFilter.java:93)
	at org.springframework.web.filter.OncePerRequestFilter.doFilter(OncePerRequestFilter.java:117)
	at org.apache.catalina.core.ApplicationFilterChain.internalDoFilter(ApplicationFilterChain.java:178)
	at org.apache.catalina.core.ApplicationFilterChain.doFilter(ApplicationFilterChain.java:153)
	at org.springframework.web.filter.CharacterEncodingFilter.doFilterInternal(CharacterEncodingFilter.java:201)
	at org.springframework.web.filter.OncePerRequestFilter.doFilter(OncePerRequestFilter.java:117)
	at org.apache.catalina.core.ApplicationFilterChain.internalDoFilter(ApplicationFilterChain.java:178)
	at org.apache.catalina.core.ApplicationFilterChain.doFilter(ApplicationFilterChain.java:153)
	at org.apache.catalina.core.StandardWrapperValve.invoke(StandardWrapperValve.java:168)
	at org.apache.catalina.core.StandardContextValve.invoke(StandardContextValve.java:90)
	at org.apache.catalina.authenticator.AuthenticatorBase.invoke(AuthenticatorBase.java:481)
	at org.apache.catalina.core.StandardHostValve.invoke(StandardHostValve.java:130)
	at org.apache.catalina.valves.ErrorReportValve.invoke(ErrorReportValve.java:93)
	at org.apache.catalina.core.StandardEngineValve.invoke(StandardEngineValve.java:74)
	at org.apache.catalina.connector.CoyoteAdapter.service(CoyoteAdapter.java:342)
	at org.apache.coyote.http11.Http11Processor.service(Http11Processor.java:390)
	at org.apache.coyote.AbstractProcessorLight.process(AbstractProcessorLight.java:63)
	at org.apache.coyote.AbstractProtocol$ConnectionHandler.process(AbstractProtocol.java:928)
	at org.apache.tomcat.util.net.NioEndpoint$SocketProcessor.doRun(NioEndpoint.java:1794)
	at org.apache.tomcat.util.net.SocketProcessorBase.run(SocketProcessorBase.java:52)
	at org.apache.tomcat.util.threads.ThreadPoolExecutor.runWorker(ThreadPoolExecutor.java:1191)
	at org.apache.tomcat.util.threads.ThreadPoolExecutor$Worker.run(ThreadPoolExecutor.java:659)
	at org.apache.tomcat.util.threads.TaskThread$WrappingRunnable.run(TaskThread.java:61)
	at java.base/java.lang.Thread.run(Thread.java:834)
Caused by: org.springframework.core.serializer.support.SerializationFailedException: Failed to serialize object using DefaultSerializer; nested exception is java.lang.IllegalArgumentException: DefaultSerializer requires a Serializable payload but received an object of type [com.accounting.dto.DashboardDTO]
	at org.springframework.core.serializer.support.SerializingConverter.convert(SerializingConverter.java:64)
	at org.springframework.core.serializer.support.SerializingConverter.convert(SerializingConverter.java:33)
	at org.springframework.data.redis.serializer.JdkSerializationRedisSerializer.serialize(JdkSerializationRedisSerializer.java:94)
	... 68 common frames omitted
Caused by: java.lang.IllegalArgumentException: DefaultSerializer requires a Serializable payload but received an object of type [com.accounting.dto.DashboardDTO]
	at org.springframework.core.serializer.DefaultSerializer.serialize(DefaultSerializer.java:43)
	at org.springframework.core.serializer.Serializer.serializeToByteArray(Serializer.java:56)
	at org.springframework.core.serializer.support.SerializingConverter.convert(SerializingConverter.java:60)
	... 70 common frames omitted
2026-05-26 14:19:50 [http-nio-8080-exec-1] INFO  c.a.controller.CategoryController - API: 按类型获取分类: EXPENSE
2026-05-26 14:19:50 [http-nio-8080-exec-1] INFO  c.accounting.service.CategoryService - 获取支出分类列表
2026-05-26 14:19:50 [http-nio-8080-exec-5] INFO  c.a.controller.DashboardController - API: 获取看板数据
2026-05-26 14:19:50 [http-nio-8080-exec-5] INFO  c.a.service.DashboardService - 获取看板数据
2026-05-26 14:19:50 [http-nio-8080-exec-1] ERROR c.a.exception.GlobalExceptionHandler - 系统异常: 
org.springframework.data.redis.serializer.SerializationException: Cannot serialize; nested exception is org.springframework.core.serializer.support.SerializationFailedException: Failed to serialize object using DefaultSerializer; nested exception is java.io.NotSerializableException: com.accounting.entity.Category
	at org.springframework.data.redis.serializer.JdkSerializationRedisSerializer.serialize(JdkSerializationRedisSerializer.java:96)
	at org.springframework.data.redis.serializer.DefaultRedisElementWriter.write(DefaultRedisElementWriter.java:44)
	at org.springframework.data.redis.serializer.RedisSerializationContext$SerializationPair.write(RedisSerializationContext.java:290)
	at org.springframework.data.redis.cache.RedisCache.serializeCacheValue(RedisCache.java:285)
	at org.springframework.data.redis.cache.RedisCache.put(RedisCache.java:171)
	at org.springframework.cache.interceptor.AbstractCacheInvoker.doPut(AbstractCacheInvoker.java:87)
	at org.springframework.cache.interceptor.CacheAspectSupport$CachePutRequest.apply(CacheAspectSupport.java:837)
	at org.springframework.cache.interceptor.CacheAspectSupport.execute(CacheAspectSupport.java:429)
	at org.springframework.cache.interceptor.CacheAspectSupport.execute(CacheAspectSupport.java:345)
	at org.springframework.cache.interceptor.CacheInterceptor.invoke(CacheInterceptor.java:64)
	at org.springframework.aop.framework.ReflectiveMethodInvocation.proceed(ReflectiveMethodInvocation.java:186)
	at org.springframework.aop.framework.CglibAopProxy$CglibMethodInvocation.proceed(CglibAopProxy.java:762)
	at org.springframework.aop.framework.CglibAopProxy$DynamicAdvisedInterceptor.intercept(CglibAopProxy.java:707)
	at com.accounting.service.CategoryService$$EnhancerBySpringCGLIB$$cbe36f79.getCategoriesByType(<generated>)
	at com.accounting.controller.CategoryController.getCategoriesByType(CategoryController.java:38)
	at java.base/jdk.internal.reflect.NativeMethodAccessorImpl.invoke0(Native Method)
	at java.base/jdk.internal.reflect.NativeMethodAccessorImpl.invoke(NativeMethodAccessorImpl.java:62)
	at java.base/jdk.internal.reflect.DelegatingMethodAccessorImpl.invoke(DelegatingMethodAccessorImpl.java:43)
	at java.base/java.lang.reflect.Method.invoke(Method.java:566)
	at org.springframework.web.method.support.InvocableHandlerMethod.doInvoke(InvocableHandlerMethod.java:205)
	at org.springframework.web.method.support.InvocableHandlerMethod.invokeForRequest(InvocableHandlerMethod.java:150)
	at org.springframework.web.servlet.mvc.method.annotation.ServletInvocableHandlerMethod.invokeAndHandle(ServletInvocableHandlerMethod.java:117)
	at org.springframework.web.servlet.mvc.method.annotation.RequestMappingHandlerAdapter.invokeHandlerMethod(RequestMappingHandlerAdapter.java:895)
	at org.springframework.web.servlet.mvc.method.annotation.RequestMappingHandlerAdapter.handleInternal(RequestMappingHandlerAdapter.java:808)
	at org.springframework.web.servlet.mvc.method.AbstractHandlerMethodAdapter.handle(AbstractHandlerMethodAdapter.java:87)
	at org.springframework.web.servlet.DispatcherServlet.doDispatch(DispatcherServlet.java:1072)
	at org.springframework.web.servlet.DispatcherServlet.doService(DispatcherServlet.java:965)
	at org.springframework.web.servlet.FrameworkServlet.processRequest(FrameworkServlet.java:1006)
	at org.springframework.web.servlet.FrameworkServlet.doGet(FrameworkServlet.java:898)
	at javax.servlet.http.HttpServlet.service(HttpServlet.java:529)
	at org.springframework.web.servlet.FrameworkServlet.service(FrameworkServlet.java:883)
	at javax.servlet.http.HttpServlet.service(HttpServlet.java:623)
	at org.apache.catalina.core.ApplicationFilterChain.internalDoFilter(ApplicationFilterChain.java:209)
	at org.apache.catalina.core.ApplicationFilterChain.doFilter(ApplicationFilterChain.java:153)
	at org.apache.tomcat.websocket.server.WsFilter.doFilter(WsFilter.java:51)
	at org.apache.catalina.core.ApplicationFilterChain.internalDoFilter(ApplicationFilterChain.java:178)
	at org.apache.catalina.core.ApplicationFilterChain.doFilter(ApplicationFilterChain.java:153)
	at org.springframework.web.filter.CorsFilter.doFilterInternal(CorsFilter.java:91)
	at org.springframework.web.filter.OncePerRequestFilter.doFilter(OncePerRequestFilter.java:117)
	at org.apache.catalina.core.ApplicationFilterChain.internalDoFilter(ApplicationFilterChain.java:178)
	at org.apache.catalina.core.ApplicationFilterChain.doFilter(ApplicationFilterChain.java:153)
	at org.springframework.web.filter.RequestContextFilter.doFilterInternal(RequestContextFilter.java:100)
	at org.springframework.web.filter.OncePerRequestFilter.doFilter(OncePerRequestFilter.java:117)
	at org.apache.catalina.core.ApplicationFilterChain.internalDoFilter(ApplicationFilterChain.java:178)
	at org.apache.catalina.core.ApplicationFilterChain.doFilter(ApplicationFilterChain.java:153)
	at org.springframework.web.filter.FormContentFilter.doFilterInternal(FormContentFilter.java:93)
	at org.springframework.web.filter.OncePerRequestFilter.doFilter(OncePerRequestFilter.java:117)
	at org.apache.catalina.core.ApplicationFilterChain.internalDoFilter(ApplicationFilterChain.java:178)
	at org.apache.catalina.core.ApplicationFilterChain.doFilter(ApplicationFilterChain.java:153)
	at org.springframework.web.filter.CharacterEncodingFilter.doFilterInternal(CharacterEncodingFilter.java:201)
	at org.springframework.web.filter.OncePerRequestFilter.doFilter(OncePerRequestFilter.java:117)
	at org.apache.catalina.core.ApplicationFilterChain.internalDoFilter(ApplicationFilterChain.java:178)
	at org.apache.catalina.core.ApplicationFilterChain.doFilter(ApplicationFilterChain.java:153)
	at org.apache.catalina.core.StandardWrapperValve.invoke(StandardWrapperValve.java:168)
	at org.apache.catalina.core.StandardContextValve.invoke(StandardContextValve.java:90)
	at org.apache.catalina.authenticator.AuthenticatorBase.invoke(AuthenticatorBase.java:481)
	at org.apache.catalina.core.StandardHostValve.invoke(StandardHostValve.java:130)
	at org.apache.catalina.valves.ErrorReportValve.invoke(ErrorReportValve.java:93)
	at org.apache.catalina.core.StandardEngineValve.invoke(StandardEngineValve.java:74)
	at org.apache.catalina.connector.CoyoteAdapter.service(CoyoteAdapter.java:342)
	at org.apache.coyote.http11.Http11Processor.service(Http11Processor.java:390)
	at org.apache.coyote.AbstractProcessorLight.process(AbstractProcessorLight.java:63)
	at org.apache.coyote.AbstractProtocol$ConnectionHandler.process(AbstractProtocol.java:928)
	at org.apache.tomcat.util.net.NioEndpoint$SocketProcessor.doRun(NioEndpoint.java:1794)
	at org.apache.tomcat.util.net.SocketProcessorBase.run(SocketProcessorBase.java:52)
	at org.apache.tomcat.util.threads.ThreadPoolExecutor.runWorker(ThreadPoolExecutor.java:1191)
	at org.apache.tomcat.util.threads.ThreadPoolExecutor$Worker.run(ThreadPoolExecutor.java:659)
	at org.apache.tomcat.util.threads.TaskThread$WrappingRunnable.run(TaskThread.java:61)
	at java.base/java.lang.Thread.run(Thread.java:834)
Caused by: org.springframework.core.serializer.support.SerializationFailedException: Failed to serialize object using DefaultSerializer; nested exception is java.io.NotSerializableException: com.accounting.entity.Category
	at org.springframework.core.serializer.support.SerializingConverter.convert(SerializingConverter.java:64)
	at org.springframework.core.serializer.support.SerializingConverter.convert(SerializingConverter.java:33)
	at org.springframework.data.redis.serializer.JdkSerializationRedisSerializer.serialize(JdkSerializationRedisSerializer.java:94)
	... 68 common frames omitted
Caused by: java.io.NotSerializableException: com.accounting.entity.Category
	at java.base/java.io.ObjectOutputStream.writeObject0(ObjectOutputStream.java:1185)
	at java.base/java.io.ObjectOutputStream.writeObject(ObjectOutputStream.java:349)
	at java.base/java.util.ArrayList.writeObject(ArrayList.java:896)
	at java.base/jdk.internal.reflect.NativeMethodAccessorImpl.invoke0(Native Method)
	at java.base/jdk.internal.reflect.NativeMethodAccessorImpl.invoke(NativeMethodAccessorImpl.java:62)
	at java.base/jdk.internal.reflect.DelegatingMethodAccessorImpl.invoke(DelegatingMethodAccessorImpl.java:43)
	at java.base/java.lang.reflect.Method.invoke(Method.java:566)
	at java.base/java.io.ObjectStreamClass.invokeWriteObject(ObjectStreamClass.java:1130)
	at java.base/java.io.ObjectOutputStream.writeSerialData(ObjectOutputStream.java:1497)
	at java.base/java.io.ObjectOutputStream.writeOrdinaryObject(ObjectOutputStream.java:1433)
	at java.base/java.io.ObjectOutputStream.writeObject0(ObjectOutputStream.java:1179)
	at java.base/java.io.ObjectOutputStream.writeObject(ObjectOutputStream.java:349)
	at org.springframework.core.serializer.DefaultSerializer.serialize(DefaultSerializer.java:46)
	at org.springframework.core.serializer.Serializer.serializeToByteArray(Serializer.java:56)
	at org.springframework.core.serializer.support.SerializingConverter.convert(SerializingConverter.java:60)
	... 70 common frames omitted
2026-05-26 14:19:50 [http-nio-8080-exec-5] INFO  com.accounting.service.BudgetService - 获取当前生效的预算列表
2026-05-26 14:19:50 [http-nio-8080-exec-5] INFO  com.accounting.service.BudgetService - 计算预算使用情况: 1
2026-05-26 14:19:50 [http-nio-8080-exec-5] INFO  com.accounting.service.BudgetService - 根据ID获取预算: 1
2026-05-26 14:19:50 [http-nio-8080-exec-5] INFO  com.accounting.service.BudgetService - 计算预算使用情况: 1
2026-05-26 14:19:50 [http-nio-8080-exec-5] INFO  com.accounting.service.BudgetService - 根据ID获取预算: 1
2026-05-26 14:19:50 [http-nio-8080-exec-5] INFO  c.a.service.DashboardService - 检查异常消费: 月均支出=0.00
2026-05-26 14:19:50 [http-nio-8080-exec-5] ERROR c.a.exception.GlobalExceptionHandler - 系统异常: 
org.springframework.data.redis.serializer.SerializationException: Cannot serialize; nested exception is org.springframework.core.serializer.support.SerializationFailedException: Failed to serialize object using DefaultSerializer; nested exception is java.lang.IllegalArgumentException: DefaultSerializer requires a Serializable payload but received an object of type [com.accounting.dto.DashboardDTO]
	at org.springframework.data.redis.serializer.JdkSerializationRedisSerializer.serialize(JdkSerializationRedisSerializer.java:96)
	at org.springframework.data.redis.serializer.DefaultRedisElementWriter.write(DefaultRedisElementWriter.java:44)
	at org.springframework.data.redis.serializer.RedisSerializationContext$SerializationPair.write(RedisSerializationContext.java:290)
	at org.springframework.data.redis.cache.RedisCache.serializeCacheValue(RedisCache.java:285)
	at org.springframework.data.redis.cache.RedisCache.put(RedisCache.java:171)
	at org.springframework.cache.interceptor.AbstractCacheInvoker.doPut(AbstractCacheInvoker.java:87)
	at org.springframework.cache.interceptor.CacheAspectSupport$CachePutRequest.apply(CacheAspectSupport.java:837)
	at org.springframework.cache.interceptor.CacheAspectSupport.execute(CacheAspectSupport.java:429)
	at org.springframework.cache.interceptor.CacheAspectSupport.execute(CacheAspectSupport.java:345)
	at org.springframework.cache.interceptor.CacheInterceptor.invoke(CacheInterceptor.java:64)
	at org.springframework.aop.framework.ReflectiveMethodInvocation.proceed(ReflectiveMethodInvocation.java:186)
	at org.springframework.aop.framework.CglibAopProxy$CglibMethodInvocation.proceed(CglibAopProxy.java:762)
	at org.springframework.aop.framework.CglibAopProxy$DynamicAdvisedInterceptor.intercept(CglibAopProxy.java:707)
	at com.accounting.service.DashboardService$$EnhancerBySpringCGLIB$$4b3890c.getDashboardData(<generated>)
	at com.accounting.controller.DashboardController.getDashboardData(DashboardController.java:27)
	at java.base/jdk.internal.reflect.NativeMethodAccessorImpl.invoke0(Native Method)
	at java.base/jdk.internal.reflect.NativeMethodAccessorImpl.invoke(NativeMethodAccessorImpl.java:62)
	at java.base/jdk.internal.reflect.DelegatingMethodAccessorImpl.invoke(DelegatingMethodAccessorImpl.java:43)
	at java.base/java.lang.reflect.Method.invoke(Method.java:566)
	at org.springframework.web.method.support.InvocableHandlerMethod.doInvoke(InvocableHandlerMethod.java:205)
	at org.springframework.web.method.support.InvocableHandlerMethod.invokeForRequest(InvocableHandlerMethod.java:150)
	at org.springframework.web.servlet.mvc.method.annotation.ServletInvocableHandlerMethod.invokeAndHandle(ServletInvocableHandlerMethod.java:117)
	at org.springframework.web.servlet.mvc.method.annotation.RequestMappingHandlerAdapter.invokeHandlerMethod(RequestMappingHandlerAdapter.java:895)
	at org.springframework.web.servlet.mvc.method.annotation.RequestMappingHandlerAdapter.handleInternal(RequestMappingHandlerAdapter.java:808)
	at org.springframework.web.servlet.mvc.method.AbstractHandlerMethodAdapter.handle(AbstractHandlerMethodAdapter.java:87)
	at org.springframework.web.servlet.DispatcherServlet.doDispatch(DispatcherServlet.java:1072)
	at org.springframework.web.servlet.DispatcherServlet.doService(DispatcherServlet.java:965)
	at org.springframework.web.servlet.FrameworkServlet.processRequest(FrameworkServlet.java:1006)
	at org.springframework.web.servlet.FrameworkServlet.doGet(FrameworkServlet.java:898)
	at javax.servlet.http.HttpServlet.service(HttpServlet.java:529)
	at org.springframework.web.servlet.FrameworkServlet.service(FrameworkServlet.java:883)
	at javax.servlet.http.HttpServlet.service(HttpServlet.java:623)
	at org.apache.catalina.core.ApplicationFilterChain.internalDoFilter(ApplicationFilterChain.java:209)
	at org.apache.catalina.core.ApplicationFilterChain.doFilter(ApplicationFilterChain.java:153)
	at org.apache.tomcat.websocket.server.WsFilter.doFilter(WsFilter.java:51)
	at org.apache.catalina.core.ApplicationFilterChain.internalDoFilter(ApplicationFilterChain.java:178)
	at org.apache.catalina.core.ApplicationFilterChain.doFilter(ApplicationFilterChain.java:153)
	at org.springframework.web.filter.CorsFilter.doFilterInternal(CorsFilter.java:91)
	at org.springframework.web.filter.OncePerRequestFilter.doFilter(OncePerRequestFilter.java:117)
	at org.apache.catalina.core.ApplicationFilterChain.internalDoFilter(ApplicationFilterChain.java:178)
	at org.apache.catalina.core.ApplicationFilterChain.doFilter(ApplicationFilterChain.java:153)
	at org.springframework.web.filter.RequestContextFilter.doFilterInternal(RequestContextFilter.java:100)
	at org.springframework.web.filter.OncePerRequestFilter.doFilter(OncePerRequestFilter.java:117)
	at org.apache.catalina.core.ApplicationFilterChain.internalDoFilter(ApplicationFilterChain.java:178)
	at org.apache.catalina.core.ApplicationFilterChain.doFilter(ApplicationFilterChain.java:153)
	at org.springframework.web.filter.FormContentFilter.doFilterInternal(FormContentFilter.java:93)
	at org.springframework.web.filter.OncePerRequestFilter.doFilter(OncePerRequestFilter.java:117)
	at org.apache.catalina.core.ApplicationFilterChain.internalDoFilter(ApplicationFilterChain.java:178)
	at org.apache.catalina.core.ApplicationFilterChain.doFilter(ApplicationFilterChain.java:153)
	at org.springframework.web.filter.CharacterEncodingFilter.doFilterInternal(CharacterEncodingFilter.java:201)
	at org.springframework.web.filter.OncePerRequestFilter.doFilter(OncePerRequestFilter.java:117)
	at org.apache.catalina.core.ApplicationFilterChain.internalDoFilter(ApplicationFilterChain.java:178)
	at org.apache.catalina.core.ApplicationFilterChain.doFilter(ApplicationFilterChain.java:153)
	at org.apache.catalina.core.StandardWrapperValve.invoke(StandardWrapperValve.java:168)
	at org.apache.catalina.core.StandardContextValve.invoke(StandardContextValve.java:90)
	at org.apache.catalina.authenticator.AuthenticatorBase.invoke(AuthenticatorBase.java:481)
	at org.apache.catalina.core.StandardHostValve.invoke(StandardHostValve.java:130)
	at org.apache.catalina.valves.ErrorReportValve.invoke(ErrorReportValve.java:93)
	at org.apache.catalina.core.StandardEngineValve.invoke(StandardEngineValve.java:74)
	at org.apache.catalina.connector.CoyoteAdapter.service(CoyoteAdapter.java:342)
	at org.apache.coyote.http11.Http11Processor.service(Http11Processor.java:390)
	at org.apache.coyote.AbstractProcessorLight.process(AbstractProcessorLight.java:63)
	at org.apache.coyote.AbstractProtocol$ConnectionHandler.process(AbstractProtocol.java:928)
	at org.apache.tomcat.util.net.NioEndpoint$SocketProcessor.doRun(NioEndpoint.java:1794)
	at org.apache.tomcat.util.net.SocketProcessorBase.run(SocketProcessorBase.java:52)
	at org.apache.tomcat.util.threads.ThreadPoolExecutor.runWorker(ThreadPoolExecutor.java:1191)
	at org.apache.tomcat.util.threads.ThreadPoolExecutor$Worker.run(ThreadPoolExecutor.java:659)
	at org.apache.tomcat.util.threads.TaskThread$WrappingRunnable.run(TaskThread.java:61)
	at java.base/java.lang.Thread.run(Thread.java:834)
Caused by: org.springframework.core.serializer.support.SerializationFailedException: Failed to serialize object using DefaultSerializer; nested exception is java.lang.IllegalArgumentException: DefaultSerializer requires a Serializable payload but received an object of type [com.accounting.dto.DashboardDTO]
	at org.springframework.core.serializer.support.SerializingConverter.convert(SerializingConverter.java:64)
	at org.springframework.core.serializer.support.SerializingConverter.convert(SerializingConverter.java:33)
	at org.springframework.data.redis.serializer.JdkSerializationRedisSerializer.serialize(JdkSerializationRedisSerializer.java:94)
	... 68 common frames omitted
Caused by: java.lang.IllegalArgumentException: DefaultSerializer requires a Serializable payload but received an object of type [com.accounting.dto.DashboardDTO]
	at org.springframework.core.serializer.DefaultSerializer.serialize(DefaultSerializer.java:43)
	at org.springframework.core.serializer.Serializer.serializeToByteArray(Serializer.java:56)
	at org.springframework.core.serializer.support.SerializingConverter.convert(SerializingConverter.java:60)
	... 70 common frames omitted
2026-05-26 14:20:40 [http-nio-8080-exec-8] INFO  c.a.controller.DashboardController - API: 获取看板数据
2026-05-26 14:20:40 [http-nio-8080-exec-8] INFO  c.a.service.DashboardService - 获取看板数据
2026-05-26 14:20:40 [http-nio-8080-exec-2] INFO  c.a.controller.CategoryController - API: 按类型获取分类: EXPENSE
2026-05-26 14:20:40 [http-nio-8080-exec-3] INFO  c.a.controller.BillController - API: 获取最近30天的账单
2026-05-26 14:20:40 [http-nio-8080-exec-3] INFO  com.accounting.service.BillService - 获取最近30天的账单
2026-05-26 14:20:40 [http-nio-8080-exec-2] INFO  c.accounting.service.CategoryService - 获取支出分类列表
2026-05-26 14:20:40 [http-nio-8080-exec-3] DEBUG com.accounting.service.BillService - 从Redis缓存获取最近30天账单
2026-05-26 14:20:40 [http-nio-8080-exec-8] INFO  com.accounting.service.BudgetService - 获取当前生效的预算列表
2026-05-26 14:20:40 [http-nio-8080-exec-2] ERROR c.a.exception.GlobalExceptionHandler - 系统异常: 
org.springframework.data.redis.serializer.SerializationException: Cannot serialize; nested exception is org.springframework.core.serializer.support.SerializationFailedException: Failed to serialize object using DefaultSerializer; nested exception is java.io.NotSerializableException: com.accounting.entity.Category
	at org.springframework.data.redis.serializer.JdkSerializationRedisSerializer.serialize(JdkSerializationRedisSerializer.java:96)
	at org.springframework.data.redis.serializer.DefaultRedisElementWriter.write(DefaultRedisElementWriter.java:44)
	at org.springframework.data.redis.serializer.RedisSerializationContext$SerializationPair.write(RedisSerializationContext.java:290)
	at org.springframework.data.redis.cache.RedisCache.serializeCacheValue(RedisCache.java:285)
	at org.springframework.data.redis.cache.RedisCache.put(RedisCache.java:171)
	at org.springframework.cache.interceptor.AbstractCacheInvoker.doPut(AbstractCacheInvoker.java:87)
	at org.springframework.cache.interceptor.CacheAspectSupport$CachePutRequest.apply(CacheAspectSupport.java:837)
	at org.springframework.cache.interceptor.CacheAspectSupport.execute(CacheAspectSupport.java:429)
	at org.springframework.cache.interceptor.CacheAspectSupport.execute(CacheAspectSupport.java:345)
	at org.springframework.cache.interceptor.CacheInterceptor.invoke(CacheInterceptor.java:64)
	at org.springframework.aop.framework.ReflectiveMethodInvocation.proceed(ReflectiveMethodInvocation.java:186)
	at org.springframework.aop.framework.CglibAopProxy$CglibMethodInvocation.proceed(CglibAopProxy.java:762)
	at org.springframework.aop.framework.CglibAopProxy$DynamicAdvisedInterceptor.intercept(CglibAopProxy.java:707)
	at com.accounting.service.CategoryService$$EnhancerBySpringCGLIB$$cbe36f79.getCategoriesByType(<generated>)
	at com.accounting.controller.CategoryController.getCategoriesByType(CategoryController.java:38)
	at java.base/jdk.internal.reflect.NativeMethodAccessorImpl.invoke0(Native Method)
	at java.base/jdk.internal.reflect.NativeMethodAccessorImpl.invoke(NativeMethodAccessorImpl.java:62)
	at java.base/jdk.internal.reflect.DelegatingMethodAccessorImpl.invoke(DelegatingMethodAccessorImpl.java:43)
	at java.base/java.lang.reflect.Method.invoke(Method.java:566)
	at org.springframework.web.method.support.InvocableHandlerMethod.doInvoke(InvocableHandlerMethod.java:205)
	at org.springframework.web.method.support.InvocableHandlerMethod.invokeForRequest(InvocableHandlerMethod.java:150)
	at org.springframework.web.servlet.mvc.method.annotation.ServletInvocableHandlerMethod.invokeAndHandle(ServletInvocableHandlerMethod.java:117)
	at org.springframework.web.servlet.mvc.method.annotation.RequestMappingHandlerAdapter.invokeHandlerMethod(RequestMappingHandlerAdapter.java:895)
	at org.springframework.web.servlet.mvc.method.annotation.RequestMappingHandlerAdapter.handleInternal(RequestMappingHandlerAdapter.java:808)
	at org.springframework.web.servlet.mvc.method.AbstractHandlerMethodAdapter.handle(AbstractHandlerMethodAdapter.java:87)
	at org.springframework.web.servlet.DispatcherServlet.doDispatch(DispatcherServlet.java:1072)
	at org.springframework.web.servlet.DispatcherServlet.doService(DispatcherServlet.java:965)
	at org.springframework.web.servlet.FrameworkServlet.processRequest(FrameworkServlet.java:1006)
	at org.springframework.web.servlet.FrameworkServlet.doGet(FrameworkServlet.java:898)
	at javax.servlet.http.HttpServlet.service(HttpServlet.java:529)
	at org.springframework.web.servlet.FrameworkServlet.service(FrameworkServlet.java:883)
	at javax.servlet.http.HttpServlet.service(HttpServlet.java:623)
	at org.apache.catalina.core.ApplicationFilterChain.internalDoFilter(ApplicationFilterChain.java:209)
	at org.apache.catalina.core.ApplicationFilterChain.doFilter(ApplicationFilterChain.java:153)
	at org.apache.tomcat.websocket.server.WsFilter.doFilter(WsFilter.java:51)
	at org.apache.catalina.core.ApplicationFilterChain.internalDoFilter(ApplicationFilterChain.java:178)
	at org.apache.catalina.core.ApplicationFilterChain.doFilter(ApplicationFilterChain.java:153)
	at org.springframework.web.filter.CorsFilter.doFilterInternal(CorsFilter.java:91)
	at org.springframework.web.filter.OncePerRequestFilter.doFilter(OncePerRequestFilter.java:117)
	at org.apache.catalina.core.ApplicationFilterChain.internalDoFilter(ApplicationFilterChain.java:178)
	at org.apache.catalina.core.ApplicationFilterChain.doFilter(ApplicationFilterChain.java:153)
	at org.springframework.web.filter.RequestContextFilter.doFilterInternal(RequestContextFilter.java:100)
	at org.springframework.web.filter.OncePerRequestFilter.doFilter(OncePerRequestFilter.java:117)
	at org.apache.catalina.core.ApplicationFilterChain.internalDoFilter(ApplicationFilterChain.java:178)
	at org.apache.catalina.core.ApplicationFilterChain.doFilter(ApplicationFilterChain.java:153)
	at org.springframework.web.filter.FormContentFilter.doFilterInternal(FormContentFilter.java:93)
	at org.springframework.web.filter.OncePerRequestFilter.doFilter(OncePerRequestFilter.java:117)
	at org.apache.catalina.core.ApplicationFilterChain.internalDoFilter(ApplicationFilterChain.java:178)
	at org.apache.catalina.core.ApplicationFilterChain.doFilter(ApplicationFilterChain.java:153)
	at org.springframework.web.filter.CharacterEncodingFilter.doFilterInternal(CharacterEncodingFilter.java:201)
	at org.springframework.web.filter.OncePerRequestFilter.doFilter(OncePerRequestFilter.java:117)
	at org.apache.catalina.core.ApplicationFilterChain.internalDoFilter(ApplicationFilterChain.java:178)
	at org.apache.catalina.core.ApplicationFilterChain.doFilter(ApplicationFilterChain.java:153)
	at org.apache.catalina.core.StandardWrapperValve.invoke(StandardWrapperValve.java:168)
	at org.apache.catalina.core.StandardContextValve.invoke(StandardContextValve.java:90)
	at org.apache.catalina.authenticator.AuthenticatorBase.invoke(AuthenticatorBase.java:481)
	at org.apache.catalina.core.StandardHostValve.invoke(StandardHostValve.java:130)
	at org.apache.catalina.valves.ErrorReportValve.invoke(ErrorReportValve.java:93)
	at org.apache.catalina.core.StandardEngineValve.invoke(StandardEngineValve.java:74)
	at org.apache.catalina.connector.CoyoteAdapter.service(CoyoteAdapter.java:342)
	at org.apache.coyote.http11.Http11Processor.service(Http11Processor.java:390)
	at org.apache.coyote.AbstractProcessorLight.process(AbstractProcessorLight.java:63)
	at org.apache.coyote.AbstractProtocol$ConnectionHandler.process(AbstractProtocol.java:928)
	at org.apache.tomcat.util.net.NioEndpoint$SocketProcessor.doRun(NioEndpoint.java:1794)
	at org.apache.tomcat.util.net.SocketProcessorBase.run(SocketProcessorBase.java:52)
	at org.apache.tomcat.util.threads.ThreadPoolExecutor.runWorker(ThreadPoolExecutor.java:1191)
	at org.apache.tomcat.util.threads.ThreadPoolExecutor$Worker.run(ThreadPoolExecutor.java:659)
	at org.apache.tomcat.util.threads.TaskThread$WrappingRunnable.run(TaskThread.java:61)
	at java.base/java.lang.Thread.run(Thread.java:834)
Caused by: org.springframework.core.serializer.support.SerializationFailedException: Failed to serialize object using DefaultSerializer; nested exception is java.io.NotSerializableException: com.accounting.entity.Category
	at org.springframework.core.serializer.support.SerializingConverter.convert(SerializingConverter.java:64)
	at org.springframework.core.serializer.support.SerializingConverter.convert(SerializingConverter.java:33)
	at org.springframework.data.redis.serializer.JdkSerializationRedisSerializer.serialize(JdkSerializationRedisSerializer.java:94)
	... 68 common frames omitted
Caused by: java.io.NotSerializableException: com.accounting.entity.Category
	at java.base/java.io.ObjectOutputStream.writeObject0(ObjectOutputStream.java:1185)
	at java.base/java.io.ObjectOutputStream.writeObject(ObjectOutputStream.java:349)
	at java.base/java.util.ArrayList.writeObject(ArrayList.java:896)
	at java.base/jdk.internal.reflect.NativeMethodAccessorImpl.invoke0(Native Method)
	at java.base/jdk.internal.reflect.NativeMethodAccessorImpl.invoke(NativeMethodAccessorImpl.java:62)
	at java.base/jdk.internal.reflect.DelegatingMethodAccessorImpl.invoke(DelegatingMethodAccessorImpl.java:43)
	at java.base/java.lang.reflect.Method.invoke(Method.java:566)
	at java.base/java.io.ObjectStreamClass.invokeWriteObject(ObjectStreamClass.java:1130)
	at java.base/java.io.ObjectOutputStream.writeSerialData(ObjectOutputStream.java:1497)
	at java.base/java.io.ObjectOutputStream.writeOrdinaryObject(ObjectOutputStream.java:1433)
	at java.base/java.io.ObjectOutputStream.writeObject0(ObjectOutputStream.java:1179)
	at java.base/java.io.ObjectOutputStream.writeObject(ObjectOutputStream.java:349)
	at org.springframework.core.serializer.DefaultSerializer.serialize(DefaultSerializer.java:46)
	at org.springframework.core.serializer.Serializer.serializeToByteArray(Serializer.java:56)
	at org.springframework.core.serializer.support.SerializingConverter.convert(SerializingConverter.java:60)
	... 70 common frames omitted
2026-05-26 14:20:40 [http-nio-8080-exec-8] INFO  com.accounting.service.BudgetService - 计算预算使用情况: 1
2026-05-26 14:20:40 [http-nio-8080-exec-8] INFO  com.accounting.service.BudgetService - 根据ID获取预算: 1
2026-05-26 14:20:40 [http-nio-8080-exec-8] INFO  com.accounting.service.BudgetService - 计算预算使用情况: 1
2026-05-26 14:20:40 [http-nio-8080-exec-8] INFO  com.accounting.service.BudgetService - 根据ID获取预算: 1
2026-05-26 14:20:40 [http-nio-8080-exec-8] INFO  c.a.service.DashboardService - 检查异常消费: 月均支出=0.00
2026-05-26 14:20:40 [http-nio-8080-exec-8] ERROR c.a.exception.GlobalExceptionHandler - 系统异常: 
org.springframework.data.redis.serializer.SerializationException: Cannot serialize; nested exception is org.springframework.core.serializer.support.SerializationFailedException: Failed to serialize object using DefaultSerializer; nested exception is java.lang.IllegalArgumentException: DefaultSerializer requires a Serializable payload but received an object of type [com.accounting.dto.DashboardDTO]
	at org.springframework.data.redis.serializer.JdkSerializationRedisSerializer.serialize(JdkSerializationRedisSerializer.java:96)
	at org.springframework.data.redis.serializer.DefaultRedisElementWriter.write(DefaultRedisElementWriter.java:44)
	at org.springframework.data.redis.serializer.RedisSerializationContext$SerializationPair.write(RedisSerializationContext.java:290)
	at org.springframework.data.redis.cache.RedisCache.serializeCacheValue(RedisCache.java:285)
	at org.springframework.data.redis.cache.RedisCache.put(RedisCache.java:171)
	at org.springframework.cache.interceptor.AbstractCacheInvoker.doPut(AbstractCacheInvoker.java:87)
	at org.springframework.cache.interceptor.CacheAspectSupport$CachePutRequest.apply(CacheAspectSupport.java:837)
	at org.springframework.cache.interceptor.CacheAspectSupport.execute(CacheAspectSupport.java:429)
	at org.springframework.cache.interceptor.CacheAspectSupport.execute(CacheAspectSupport.java:345)
	at org.springframework.cache.interceptor.CacheInterceptor.invoke(CacheInterceptor.java:64)
	at org.springframework.aop.framework.ReflectiveMethodInvocation.proceed(ReflectiveMethodInvocation.java:186)
	at org.springframework.aop.framework.CglibAopProxy$CglibMethodInvocation.proceed(CglibAopProxy.java:762)
	at org.springframework.aop.framework.CglibAopProxy$DynamicAdvisedInterceptor.intercept(CglibAopProxy.java:707)
	at com.accounting.service.DashboardService$$EnhancerBySpringCGLIB$$4b3890c.getDashboardData(<generated>)
	at com.accounting.controller.DashboardController.getDashboardData(DashboardController.java:27)
	at java.base/jdk.internal.reflect.NativeMethodAccessorImpl.invoke0(Native Method)
	at java.base/jdk.internal.reflect.NativeMethodAccessorImpl.invoke(NativeMethodAccessorImpl.java:62)
	at java.base/jdk.internal.reflect.DelegatingMethodAccessorImpl.invoke(DelegatingMethodAccessorImpl.java:43)
	at java.base/java.lang.reflect.Method.invoke(Method.java:566)
	at org.springframework.web.method.support.InvocableHandlerMethod.doInvoke(InvocableHandlerMethod.java:205)
	at org.springframework.web.method.support.InvocableHandlerMethod.invokeForRequest(InvocableHandlerMethod.java:150)
	at org.springframework.web.servlet.mvc.method.annotation.ServletInvocableHandlerMethod.invokeAndHandle(ServletInvocableHandlerMethod.java:117)
	at org.springframework.web.servlet.mvc.method.annotation.RequestMappingHandlerAdapter.invokeHandlerMethod(RequestMappingHandlerAdapter.java:895)
	at org.springframework.web.servlet.mvc.method.annotation.RequestMappingHandlerAdapter.handleInternal(RequestMappingHandlerAdapter.java:808)
	at org.springframework.web.servlet.mvc.method.AbstractHandlerMethodAdapter.handle(AbstractHandlerMethodAdapter.java:87)
	at org.springframework.web.servlet.DispatcherServlet.doDispatch(DispatcherServlet.java:1072)
	at org.springframework.web.servlet.DispatcherServlet.doService(DispatcherServlet.java:965)
	at org.springframework.web.servlet.FrameworkServlet.processRequest(FrameworkServlet.java:1006)
	at org.springframework.web.servlet.FrameworkServlet.doGet(FrameworkServlet.java:898)
	at javax.servlet.http.HttpServlet.service(HttpServlet.java:529)
	at org.springframework.web.servlet.FrameworkServlet.service(FrameworkServlet.java:883)
	at javax.servlet.http.HttpServlet.service(HttpServlet.java:623)
	at org.apache.catalina.core.ApplicationFilterChain.internalDoFilter(ApplicationFilterChain.java:209)
	at org.apache.catalina.core.ApplicationFilterChain.doFilter(ApplicationFilterChain.java:153)
	at org.apache.tomcat.websocket.server.WsFilter.doFilter(WsFilter.java:51)
	at org.apache.catalina.core.ApplicationFilterChain.internalDoFilter(ApplicationFilterChain.java:178)
	at org.apache.catalina.core.ApplicationFilterChain.doFilter(ApplicationFilterChain.java:153)
	at org.springframework.web.filter.CorsFilter.doFilterInternal(CorsFilter.java:91)
	at org.springframework.web.filter.OncePerRequestFilter.doFilter(OncePerRequestFilter.java:117)
	at org.apache.catalina.core.ApplicationFilterChain.internalDoFilter(ApplicationFilterChain.java:178)
	at org.apache.catalina.core.ApplicationFilterChain.doFilter(ApplicationFilterChain.java:153)
	at org.springframework.web.filter.RequestContextFilter.doFilterInternal(RequestContextFilter.java:100)
	at org.springframework.web.filter.OncePerRequestFilter.doFilter(OncePerRequestFilter.java:117)
	at org.apache.catalina.core.ApplicationFilterChain.internalDoFilter(ApplicationFilterChain.java:178)
	at org.apache.catalina.core.ApplicationFilterChain.doFilter(ApplicationFilterChain.java:153)
	at org.springframework.web.filter.FormContentFilter.doFilterInternal(FormContentFilter.java:93)
	at org.springframework.web.filter.OncePerRequestFilter.doFilter(OncePerRequestFilter.java:117)
	at org.apache.catalina.core.ApplicationFilterChain.internalDoFilter(ApplicationFilterChain.java:178)
	at org.apache.catalina.core.ApplicationFilterChain.doFilter(ApplicationFilterChain.java:153)
	at org.springframework.web.filter.CharacterEncodingFilter.doFilterInternal(CharacterEncodingFilter.java:201)
	at org.springframework.web.filter.OncePerRequestFilter.doFilter(OncePerRequestFilter.java:117)
	at org.apache.catalina.core.ApplicationFilterChain.internalDoFilter(ApplicationFilterChain.java:178)
	at org.apache.catalina.core.ApplicationFilterChain.doFilter(ApplicationFilterChain.java:153)
	at org.apache.catalina.core.StandardWrapperValve.invoke(StandardWrapperValve.java:168)
	at org.apache.catalina.core.StandardContextValve.invoke(StandardContextValve.java:90)
	at org.apache.catalina.authenticator.AuthenticatorBase.invoke(AuthenticatorBase.java:481)
	at org.apache.catalina.core.StandardHostValve.invoke(StandardHostValve.java:130)
	at org.apache.catalina.valves.ErrorReportValve.invoke(ErrorReportValve.java:93)
	at org.apache.catalina.core.StandardEngineValve.invoke(StandardEngineValve.java:74)
	at org.apache.catalina.connector.CoyoteAdapter.service(CoyoteAdapter.java:342)
	at org.apache.coyote.http11.Http11Processor.service(Http11Processor.java:390)
	at org.apache.coyote.AbstractProcessorLight.process(AbstractProcessorLight.java:63)
	at org.apache.coyote.AbstractProtocol$ConnectionHandler.process(AbstractProtocol.java:928)
	at org.apache.tomcat.util.net.NioEndpoint$SocketProcessor.doRun(NioEndpoint.java:1794)
	at org.apache.tomcat.util.net.SocketProcessorBase.run(SocketProcessorBase.java:52)
	at org.apache.tomcat.util.threads.ThreadPoolExecutor.runWorker(ThreadPoolExecutor.java:1191)
	at org.apache.tomcat.util.threads.ThreadPoolExecutor$Worker.run(ThreadPoolExecutor.java:659)
	at org.apache.tomcat.util.threads.TaskThread$WrappingRunnable.run(TaskThread.java:61)
	at java.base/java.lang.Thread.run(Thread.java:834)
Caused by: org.springframework.core.serializer.support.SerializationFailedException: Failed to serialize object using DefaultSerializer; nested exception is java.lang.IllegalArgumentException: DefaultSerializer requires a Serializable payload but received an object of type [com.accounting.dto.DashboardDTO]
	at org.springframework.core.serializer.support.SerializingConverter.convert(SerializingConverter.java:64)
	at org.springframework.core.serializer.support.SerializingConverter.convert(SerializingConverter.java:33)
	at org.springframework.data.redis.serializer.JdkSerializationRedisSerializer.serialize(JdkSerializationRedisSerializer.java:94)
	... 68 common frames omitted
Caused by: java.lang.IllegalArgumentException: DefaultSerializer requires a Serializable payload but received an object of type [com.accounting.dto.DashboardDTO]
	at org.springframework.core.serializer.DefaultSerializer.serialize(DefaultSerializer.java:43)
	at org.springframework.core.serializer.Serializer.serializeToByteArray(Serializer.java:56)
	at org.springframework.core.serializer.support.SerializingConverter.convert(SerializingConverter.java:60)
	... 70 common frames omitted
2026-05-26 14:20:42 [http-nio-8080-exec-4] INFO  c.a.controller.CategoryController - API: 获取全部分类
2026-05-26 14:20:42 [http-nio-8080-exec-10] INFO  c.a.controller.AccountController - API: 获取全部账户
2026-05-26 14:20:42 [http-nio-8080-exec-10] INFO  c.accounting.service.AccountService - 获取全部账户列表
2026-05-26 14:20:42 [http-nio-8080-exec-4] INFO  c.accounting.service.CategoryService - 获取全部分类列表
2026-05-26 14:20:42 [http-nio-8080-exec-10] ERROR c.a.exception.GlobalExceptionHandler - 系统异常: 
org.springframework.data.redis.serializer.SerializationException: Cannot serialize; nested exception is org.springframework.core.serializer.support.SerializationFailedException: Failed to serialize object using DefaultSerializer; nested exception is java.io.NotSerializableException: com.accounting.entity.Account
	at org.springframework.data.redis.serializer.JdkSerializationRedisSerializer.serialize(JdkSerializationRedisSerializer.java:96)
	at org.springframework.data.redis.serializer.DefaultRedisElementWriter.write(DefaultRedisElementWriter.java:44)
	at org.springframework.data.redis.serializer.RedisSerializationContext$SerializationPair.write(RedisSerializationContext.java:290)
	at org.springframework.data.redis.cache.RedisCache.serializeCacheValue(RedisCache.java:285)
	at org.springframework.data.redis.cache.RedisCache.put(RedisCache.java:171)
	at org.springframework.cache.interceptor.AbstractCacheInvoker.doPut(AbstractCacheInvoker.java:87)
	at org.springframework.cache.interceptor.CacheAspectSupport$CachePutRequest.apply(CacheAspectSupport.java:837)
	at org.springframework.cache.interceptor.CacheAspectSupport.execute(CacheAspectSupport.java:429)
	at org.springframework.cache.interceptor.CacheAspectSupport.execute(CacheAspectSupport.java:345)
	at org.springframework.cache.interceptor.CacheInterceptor.invoke(CacheInterceptor.java:64)
	at org.springframework.aop.framework.ReflectiveMethodInvocation.proceed(ReflectiveMethodInvocation.java:186)
	at org.springframework.aop.framework.CglibAopProxy$CglibMethodInvocation.proceed(CglibAopProxy.java:762)
	at org.springframework.aop.framework.CglibAopProxy$DynamicAdvisedInterceptor.intercept(CglibAopProxy.java:707)
	at com.accounting.service.AccountService$$EnhancerBySpringCGLIB$$48b776ea.getAllAccounts(<generated>)
	at com.accounting.controller.AccountController.getAllAccounts(AccountController.java:29)
	at java.base/jdk.internal.reflect.NativeMethodAccessorImpl.invoke0(Native Method)
	at java.base/jdk.internal.reflect.NativeMethodAccessorImpl.invoke(NativeMethodAccessorImpl.java:62)
	at java.base/jdk.internal.reflect.DelegatingMethodAccessorImpl.invoke(DelegatingMethodAccessorImpl.java:43)
	at java.base/java.lang.reflect.Method.invoke(Method.java:566)
	at org.springframework.web.method.support.InvocableHandlerMethod.doInvoke(InvocableHandlerMethod.java:205)
	at org.springframework.web.method.support.InvocableHandlerMethod.invokeForRequest(InvocableHandlerMethod.java:150)
	at org.springframework.web.servlet.mvc.method.annotation.ServletInvocableHandlerMethod.invokeAndHandle(ServletInvocableHandlerMethod.java:117)
	at org.springframework.web.servlet.mvc.method.annotation.RequestMappingHandlerAdapter.invokeHandlerMethod(RequestMappingHandlerAdapter.java:895)
	at org.springframework.web.servlet.mvc.method.annotation.RequestMappingHandlerAdapter.handleInternal(RequestMappingHandlerAdapter.java:808)
	at org.springframework.web.servlet.mvc.method.AbstractHandlerMethodAdapter.handle(AbstractHandlerMethodAdapter.java:87)
	at org.springframework.web.servlet.DispatcherServlet.doDispatch(DispatcherServlet.java:1072)
	at org.springframework.web.servlet.DispatcherServlet.doService(DispatcherServlet.java:965)
	at org.springframework.web.servlet.FrameworkServlet.processRequest(FrameworkServlet.java:1006)
	at org.springframework.web.servlet.FrameworkServlet.doGet(FrameworkServlet.java:898)
	at javax.servlet.http.HttpServlet.service(HttpServlet.java:529)
	at org.springframework.web.servlet.FrameworkServlet.service(FrameworkServlet.java:883)
	at javax.servlet.http.HttpServlet.service(HttpServlet.java:623)
	at org.apache.catalina.core.ApplicationFilterChain.internalDoFilter(ApplicationFilterChain.java:209)
	at org.apache.catalina.core.ApplicationFilterChain.doFilter(ApplicationFilterChain.java:153)
	at org.apache.tomcat.websocket.server.WsFilter.doFilter(WsFilter.java:51)
	at org.apache.catalina.core.ApplicationFilterChain.internalDoFilter(ApplicationFilterChain.java:178)
	at org.apache.catalina.core.ApplicationFilterChain.doFilter(ApplicationFilterChain.java:153)
	at org.springframework.web.filter.CorsFilter.doFilterInternal(CorsFilter.java:91)
	at org.springframework.web.filter.OncePerRequestFilter.doFilter(OncePerRequestFilter.java:117)
	at org.apache.catalina.core.ApplicationFilterChain.internalDoFilter(ApplicationFilterChain.java:178)
	at org.apache.catalina.core.ApplicationFilterChain.doFilter(ApplicationFilterChain.java:153)
	at org.springframework.web.filter.RequestContextFilter.doFilterInternal(RequestContextFilter.java:100)
	at org.springframework.web.filter.OncePerRequestFilter.doFilter(OncePerRequestFilter.java:117)
	at org.apache.catalina.core.ApplicationFilterChain.internalDoFilter(ApplicationFilterChain.java:178)
	at org.apache.catalina.core.ApplicationFilterChain.doFilter(ApplicationFilterChain.java:153)
	at org.springframework.web.filter.FormContentFilter.doFilterInternal(FormContentFilter.java:93)
	at org.springframework.web.filter.OncePerRequestFilter.doFilter(OncePerRequestFilter.java:117)
	at org.apache.catalina.core.ApplicationFilterChain.internalDoFilter(ApplicationFilterChain.java:178)
	at org.apache.catalina.core.ApplicationFilterChain.doFilter(ApplicationFilterChain.java:153)
	at org.springframework.web.filter.CharacterEncodingFilter.doFilterInternal(CharacterEncodingFilter.java:201)
	at org.springframework.web.filter.OncePerRequestFilter.doFilter(OncePerRequestFilter.java:117)
	at org.apache.catalina.core.ApplicationFilterChain.internalDoFilter(ApplicationFilterChain.java:178)
	at org.apache.catalina.core.ApplicationFilterChain.doFilter(ApplicationFilterChain.java:153)
	at org.apache.catalina.core.StandardWrapperValve.invoke(StandardWrapperValve.java:168)
	at org.apache.catalina.core.StandardContextValve.invoke(StandardContextValve.java:90)
	at org.apache.catalina.authenticator.AuthenticatorBase.invoke(AuthenticatorBase.java:481)
	at org.apache.catalina.core.StandardHostValve.invoke(StandardHostValve.java:130)
	at org.apache.catalina.valves.ErrorReportValve.invoke(ErrorReportValve.java:93)
	at org.apache.catalina.core.StandardEngineValve.invoke(StandardEngineValve.java:74)
	at org.apache.catalina.connector.CoyoteAdapter.service(CoyoteAdapter.java:342)
	at org.apache.coyote.http11.Http11Processor.service(Http11Processor.java:390)
	at org.apache.coyote.AbstractProcessorLight.process(AbstractProcessorLight.java:63)
	at org.apache.coyote.AbstractProtocol$ConnectionHandler.process(AbstractProtocol.java:928)
	at org.apache.tomcat.util.net.NioEndpoint$SocketProcessor.doRun(NioEndpoint.java:1794)
	at org.apache.tomcat.util.net.SocketProcessorBase.run(SocketProcessorBase.java:52)
	at org.apache.tomcat.util.threads.ThreadPoolExecutor.runWorker(ThreadPoolExecutor.java:1191)
	at org.apache.tomcat.util.threads.ThreadPoolExecutor$Worker.run(ThreadPoolExecutor.java:659)
	at org.apache.tomcat.util.threads.TaskThread$WrappingRunnable.run(TaskThread.java:61)
	at java.base/java.lang.Thread.run(Thread.java:834)
Caused by: org.springframework.core.serializer.support.SerializationFailedException: Failed to serialize object using DefaultSerializer; nested exception is java.io.NotSerializableException: com.accounting.entity.Account
	at org.springframework.core.serializer.support.SerializingConverter.convert(SerializingConverter.java:64)
	at org.springframework.core.serializer.support.SerializingConverter.convert(SerializingConverter.java:33)
	at org.springframework.data.redis.serializer.JdkSerializationRedisSerializer.serialize(JdkSerializationRedisSerializer.java:94)
	... 68 common frames omitted
Caused by: java.io.NotSerializableException: com.accounting.entity.Account
	at java.base/java.io.ObjectOutputStream.writeObject0(ObjectOutputStream.java:1185)
	at java.base/java.io.ObjectOutputStream.writeObject(ObjectOutputStream.java:349)
	at java.base/java.util.ArrayList.writeObject(ArrayList.java:896)
	at java.base/jdk.internal.reflect.NativeMethodAccessorImpl.invoke0(Native Method)
	at java.base/jdk.internal.reflect.NativeMethodAccessorImpl.invoke(NativeMethodAccessorImpl.java:62)
	at java.base/jdk.internal.reflect.DelegatingMethodAccessorImpl.invoke(DelegatingMethodAccessorImpl.java:43)
	at java.base/java.lang.reflect.Method.invoke(Method.java:566)
	at java.base/java.io.ObjectStreamClass.invokeWriteObject(ObjectStreamClass.java:1130)
	at java.base/java.io.ObjectOutputStream.writeSerialData(ObjectOutputStream.java:1497)
	at java.base/java.io.ObjectOutputStream.writeOrdinaryObject(ObjectOutputStream.java:1433)
	at java.base/java.io.ObjectOutputStream.writeObject0(ObjectOutputStream.java:1179)
	at java.base/java.io.ObjectOutputStream.writeObject(ObjectOutputStream.java:349)
	at org.springframework.core.serializer.DefaultSerializer.serialize(DefaultSerializer.java:46)
	at org.springframework.core.serializer.Serializer.serializeToByteArray(Serializer.java:56)
	at org.springframework.core.serializer.support.SerializingConverter.convert(SerializingConverter.java:60)
	... 70 common frames omitted
2026-05-26 14:20:42 [http-nio-8080-exec-4] ERROR c.a.exception.GlobalExceptionHandler - 系统异常: 
org.springframework.data.redis.serializer.SerializationException: Cannot serialize; nested exception is org.springframework.core.serializer.support.SerializationFailedException: Failed to serialize object using DefaultSerializer; nested exception is java.io.NotSerializableException: com.accounting.entity.Category
	at org.springframework.data.redis.serializer.JdkSerializationRedisSerializer.serialize(JdkSerializationRedisSerializer.java:96)
	at org.springframework.data.redis.serializer.DefaultRedisElementWriter.write(DefaultRedisElementWriter.java:44)
	at org.springframework.data.redis.serializer.RedisSerializationContext$SerializationPair.write(RedisSerializationContext.java:290)
	at org.springframework.data.redis.cache.RedisCache.serializeCacheValue(RedisCache.java:285)
	at org.springframework.data.redis.cache.RedisCache.put(RedisCache.java:171)
	at org.springframework.cache.interceptor.AbstractCacheInvoker.doPut(AbstractCacheInvoker.java:87)
	at org.springframework.cache.interceptor.CacheAspectSupport$CachePutRequest.apply(CacheAspectSupport.java:837)
	at org.springframework.cache.interceptor.CacheAspectSupport.execute(CacheAspectSupport.java:429)
	at org.springframework.cache.interceptor.CacheAspectSupport.execute(CacheAspectSupport.java:345)
	at org.springframework.cache.interceptor.CacheInterceptor.invoke(CacheInterceptor.java:64)
	at org.springframework.aop.framework.ReflectiveMethodInvocation.proceed(ReflectiveMethodInvocation.java:186)
	at org.springframework.aop.framework.CglibAopProxy$CglibMethodInvocation.proceed(CglibAopProxy.java:762)
	at org.springframework.aop.framework.CglibAopProxy$DynamicAdvisedInterceptor.intercept(CglibAopProxy.java:707)
	at com.accounting.service.CategoryService$$EnhancerBySpringCGLIB$$cbe36f79.getAllCategories(<generated>)
	at com.accounting.controller.CategoryController.getAllCategories(CategoryController.java:29)
	at java.base/jdk.internal.reflect.NativeMethodAccessorImpl.invoke0(Native Method)
	at java.base/jdk.internal.reflect.NativeMethodAccessorImpl.invoke(NativeMethodAccessorImpl.java:62)
	at java.base/jdk.internal.reflect.DelegatingMethodAccessorImpl.invoke(DelegatingMethodAccessorImpl.java:43)
	at java.base/java.lang.reflect.Method.invoke(Method.java:566)
	at org.springframework.web.method.support.InvocableHandlerMethod.doInvoke(InvocableHandlerMethod.java:205)
	at org.springframework.web.method.support.InvocableHandlerMethod.invokeForRequest(InvocableHandlerMethod.java:150)
	at org.springframework.web.servlet.mvc.method.annotation.ServletInvocableHandlerMethod.invokeAndHandle(ServletInvocableHandlerMethod.java:117)
	at org.springframework.web.servlet.mvc.method.annotation.RequestMappingHandlerAdapter.invokeHandlerMethod(RequestMappingHandlerAdapter.java:895)
	at org.springframework.web.servlet.mvc.method.annotation.RequestMappingHandlerAdapter.handleInternal(RequestMappingHandlerAdapter.java:808)
	at org.springframework.web.servlet.mvc.method.AbstractHandlerMethodAdapter.handle(AbstractHandlerMethodAdapter.java:87)
	at org.springframework.web.servlet.DispatcherServlet.doDispatch(DispatcherServlet.java:1072)
	at org.springframework.web.servlet.DispatcherServlet.doService(DispatcherServlet.java:965)
	at org.springframework.web.servlet.FrameworkServlet.processRequest(FrameworkServlet.java:1006)
	at org.springframework.web.servlet.FrameworkServlet.doGet(FrameworkServlet.java:898)
	at javax.servlet.http.HttpServlet.service(HttpServlet.java:529)
	at org.springframework.web.servlet.FrameworkServlet.service(FrameworkServlet.java:883)
	at javax.servlet.http.HttpServlet.service(HttpServlet.java:623)
	at org.apache.catalina.core.ApplicationFilterChain.internalDoFilter(ApplicationFilterChain.java:209)
	at org.apache.catalina.core.ApplicationFilterChain.doFilter(ApplicationFilterChain.java:153)
	at org.apache.tomcat.websocket.server.WsFilter.doFilter(WsFilter.java:51)
	at org.apache.catalina.core.ApplicationFilterChain.internalDoFilter(ApplicationFilterChain.java:178)
	at org.apache.catalina.core.ApplicationFilterChain.doFilter(ApplicationFilterChain.java:153)
	at org.springframework.web.filter.CorsFilter.doFilterInternal(CorsFilter.java:91)
	at org.springframework.web.filter.OncePerRequestFilter.doFilter(OncePerRequestFilter.java:117)
	at org.apache.catalina.core.ApplicationFilterChain.internalDoFilter(ApplicationFilterChain.java:178)
	at org.apache.catalina.core.ApplicationFilterChain.doFilter(ApplicationFilterChain.java:153)
	at org.springframework.web.filter.RequestContextFilter.doFilterInternal(RequestContextFilter.java:100)
	at org.springframework.web.filter.OncePerRequestFilter.doFilter(OncePerRequestFilter.java:117)
	at org.apache.catalina.core.ApplicationFilterChain.internalDoFilter(ApplicationFilterChain.java:178)
	at org.apache.catalina.core.ApplicationFilterChain.doFilter(ApplicationFilterChain.java:153)
	at org.springframework.web.filter.FormContentFilter.doFilterInternal(FormContentFilter.java:93)
	at org.springframework.web.filter.OncePerRequestFilter.doFilter(OncePerRequestFilter.java:117)
	at org.apache.catalina.core.ApplicationFilterChain.internalDoFilter(ApplicationFilterChain.java:178)
	at org.apache.catalina.core.ApplicationFilterChain.doFilter(ApplicationFilterChain.java:153)
	at org.springframework.web.filter.CharacterEncodingFilter.doFilterInternal(CharacterEncodingFilter.java:201)
	at org.springframework.web.filter.OncePerRequestFilter.doFilter(OncePerRequestFilter.java:117)
	at org.apache.catalina.core.ApplicationFilterChain.internalDoFilter(ApplicationFilterChain.java:178)
	at org.apache.catalina.core.ApplicationFilterChain.doFilter(ApplicationFilterChain.java:153)
	at org.apache.catalina.core.StandardWrapperValve.invoke(StandardWrapperValve.java:168)
	at org.apache.catalina.core.StandardContextValve.invoke(StandardContextValve.java:90)
	at org.apache.catalina.authenticator.AuthenticatorBase.invoke(AuthenticatorBase.java:481)
	at org.apache.catalina.core.StandardHostValve.invoke(StandardHostValve.java:130)
	at org.apache.catalina.valves.ErrorReportValve.invoke(ErrorReportValve.java:93)
	at org.apache.catalina.core.StandardEngineValve.invoke(StandardEngineValve.java:74)
	at org.apache.catalina.connector.CoyoteAdapter.service(CoyoteAdapter.java:342)
	at org.apache.coyote.http11.Http11Processor.service(Http11Processor.java:390)
	at org.apache.coyote.AbstractProcessorLight.process(AbstractProcessorLight.java:63)
	at org.apache.coyote.AbstractProtocol$ConnectionHandler.process(AbstractProtocol.java:928)
	at org.apache.tomcat.util.net.NioEndpoint$SocketProcessor.doRun(NioEndpoint.java:1794)
	at org.apache.tomcat.util.net.SocketProcessorBase.run(SocketProcessorBase.java:52)
	at org.apache.tomcat.util.threads.ThreadPoolExecutor.runWorker(ThreadPoolExecutor.java:1191)
	at org.apache.tomcat.util.threads.ThreadPoolExecutor$Worker.run(ThreadPoolExecutor.java:659)
	at org.apache.tomcat.util.threads.TaskThread$WrappingRunnable.run(TaskThread.java:61)
	at java.base/java.lang.Thread.run(Thread.java:834)
Caused by: org.springframework.core.serializer.support.SerializationFailedException: Failed to serialize object using DefaultSerializer; nested exception is java.io.NotSerializableException: com.accounting.entity.Category
	at org.springframework.core.serializer.support.SerializingConverter.convert(SerializingConverter.java:64)
	at org.springframework.core.serializer.support.SerializingConverter.convert(SerializingConverter.java:33)
	at org.springframework.data.redis.serializer.JdkSerializationRedisSerializer.serialize(JdkSerializationRedisSerializer.java:94)
	... 68 common frames omitted
Caused by: java.io.NotSerializableException: com.accounting.entity.Category
	at java.base/java.io.ObjectOutputStream.writeObject0(ObjectOutputStream.java:1185)
	at java.base/java.io.ObjectOutputStream.writeObject(ObjectOutputStream.java:349)
	at java.base/java.util.ArrayList.writeObject(ArrayList.java:896)
	at java.base/jdk.internal.reflect.NativeMethodAccessorImpl.invoke0(Native Method)
	at java.base/jdk.internal.reflect.NativeMethodAccessorImpl.invoke(NativeMethodAccessorImpl.java:62)
	at java.base/jdk.internal.reflect.DelegatingMethodAccessorImpl.invoke(DelegatingMethodAccessorImpl.java:43)
	at java.base/java.lang.reflect.Method.invoke(Method.java:566)
	at java.base/java.io.ObjectStreamClass.invokeWriteObject(ObjectStreamClass.java:1130)
	at java.base/java.io.ObjectOutputStream.writeSerialData(ObjectOutputStream.java:1497)
	at java.base/java.io.ObjectOutputStream.writeOrdinaryObject(ObjectOutputStream.java:1433)
	at java.base/java.io.ObjectOutputStream.writeObject0(ObjectOutputStream.java:1179)
	at java.base/java.io.ObjectOutputStream.writeObject(ObjectOutputStream.java:349)
	at org.springframework.core.serializer.DefaultSerializer.serialize(DefaultSerializer.java:46)
	at org.springframework.core.serializer.Serializer.serializeToByteArray(Serializer.java:56)
	at org.springframework.core.serializer.support.SerializingConverter.convert(SerializingConverter.java:60)
	... 70 common frames omitted
2026-05-26 14:20:42 [http-nio-8080-exec-3] INFO  c.a.controller.DashboardController - API: 获取看板数据
2026-05-26 14:20:42 [http-nio-8080-exec-5] INFO  c.a.controller.BillController - API: 获取最近30天的账单
2026-05-26 14:20:42 [http-nio-8080-exec-5] INFO  com.accounting.service.BillService - 获取最近30天的账单
2026-05-26 14:20:42 [http-nio-8080-exec-5] DEBUG com.accounting.service.BillService - 从Redis缓存获取最近30天账单
2026-05-26 14:20:42 [http-nio-8080-exec-3] INFO  c.a.service.DashboardService - 获取看板数据
2026-05-26 14:20:42 [http-nio-8080-exec-5] INFO  c.a.controller.DashboardController - API: 获取看板数据
2026-05-26 14:20:42 [http-nio-8080-exec-4] INFO  c.a.controller.BillController - API: 获取最近30天的账单
2026-05-26 14:20:42 [http-nio-8080-exec-4] INFO  com.accounting.service.BillService - 获取最近30天的账单
2026-05-26 14:20:42 [http-nio-8080-exec-5] INFO  c.a.service.DashboardService - 获取看板数据
2026-05-26 14:20:42 [http-nio-8080-exec-6] INFO  c.a.controller.CategoryController - API: 按类型获取分类: EXPENSE
2026-05-26 14:20:42 [http-nio-8080-exec-4] DEBUG com.accounting.service.BillService - 从Redis缓存获取最近30天账单
2026-05-26 14:20:42 [http-nio-8080-exec-1] INFO  c.a.controller.CategoryController - API: 按类型获取分类: EXPENSE
2026-05-26 14:20:42 [http-nio-8080-exec-6] INFO  c.accounting.service.CategoryService - 获取支出分类列表
2026-05-26 14:20:42 [http-nio-8080-exec-1] INFO  c.accounting.service.CategoryService - 获取支出分类列表
2026-05-26 14:20:42 [http-nio-8080-exec-3] INFO  com.accounting.service.BudgetService - 获取当前生效的预算列表
2026-05-26 14:20:42 [http-nio-8080-exec-5] INFO  com.accounting.service.BudgetService - 获取当前生效的预算列表
2026-05-26 14:20:42 [http-nio-8080-exec-1] ERROR c.a.exception.GlobalExceptionHandler - 系统异常: 
org.springframework.data.redis.serializer.SerializationException: Cannot serialize; nested exception is org.springframework.core.serializer.support.SerializationFailedException: Failed to serialize object using DefaultSerializer; nested exception is java.io.NotSerializableException: com.accounting.entity.Category
	at org.springframework.data.redis.serializer.JdkSerializationRedisSerializer.serialize(JdkSerializationRedisSerializer.java:96)
	at org.springframework.data.redis.serializer.DefaultRedisElementWriter.write(DefaultRedisElementWriter.java:44)
	at org.springframework.data.redis.serializer.RedisSerializationContext$SerializationPair.write(RedisSerializationContext.java:290)
	at org.springframework.data.redis.cache.RedisCache.serializeCacheValue(RedisCache.java:285)
	at org.springframework.data.redis.cache.RedisCache.put(RedisCache.java:171)
	at org.springframework.cache.interceptor.AbstractCacheInvoker.doPut(AbstractCacheInvoker.java:87)
	at org.springframework.cache.interceptor.CacheAspectSupport$CachePutRequest.apply(CacheAspectSupport.java:837)
	at org.springframework.cache.interceptor.CacheAspectSupport.execute(CacheAspectSupport.java:429)
	at org.springframework.cache.interceptor.CacheAspectSupport.execute(CacheAspectSupport.java:345)
	at org.springframework.cache.interceptor.CacheInterceptor.invoke(CacheInterceptor.java:64)
	at org.springframework.aop.framework.ReflectiveMethodInvocation.proceed(ReflectiveMethodInvocation.java:186)
	at org.springframework.aop.framework.CglibAopProxy$CglibMethodInvocation.proceed(CglibAopProxy.java:762)
	at org.springframework.aop.framework.CglibAopProxy$DynamicAdvisedInterceptor.intercept(CglibAopProxy.java:707)
	at com.accounting.service.CategoryService$$EnhancerBySpringCGLIB$$cbe36f79.getCategoriesByType(<generated>)
	at com.accounting.controller.CategoryController.getCategoriesByType(CategoryController.java:38)
	at java.base/jdk.internal.reflect.NativeMethodAccessorImpl.invoke0(Native Method)
	at java.base/jdk.internal.reflect.NativeMethodAccessorImpl.invoke(NativeMethodAccessorImpl.java:62)
	at java.base/jdk.internal.reflect.DelegatingMethodAccessorImpl.invoke(DelegatingMethodAccessorImpl.java:43)
	at java.base/java.lang.reflect.Method.invoke(Method.java:566)
	at org.springframework.web.method.support.InvocableHandlerMethod.doInvoke(InvocableHandlerMethod.java:205)
	at org.springframework.web.method.support.InvocableHandlerMethod.invokeForRequest(InvocableHandlerMethod.java:150)
	at org.springframework.web.servlet.mvc.method.annotation.ServletInvocableHandlerMethod.invokeAndHandle(ServletInvocableHandlerMethod.java:117)
	at org.springframework.web.servlet.mvc.method.annotation.RequestMappingHandlerAdapter.invokeHandlerMethod(RequestMappingHandlerAdapter.java:895)
	at org.springframework.web.servlet.mvc.method.annotation.RequestMappingHandlerAdapter.handleInternal(RequestMappingHandlerAdapter.java:808)
	at org.springframework.web.servlet.mvc.method.AbstractHandlerMethodAdapter.handle(AbstractHandlerMethodAdapter.java:87)
	at org.springframework.web.servlet.DispatcherServlet.doDispatch(DispatcherServlet.java:1072)
	at org.springframework.web.servlet.DispatcherServlet.doService(DispatcherServlet.java:965)
	at org.springframework.web.servlet.FrameworkServlet.processRequest(FrameworkServlet.java:1006)
	at org.springframework.web.servlet.FrameworkServlet.doGet(FrameworkServlet.java:898)
	at javax.servlet.http.HttpServlet.service(HttpServlet.java:529)
	at org.springframework.web.servlet.FrameworkServlet.service(FrameworkServlet.java:883)
	at javax.servlet.http.HttpServlet.service(HttpServlet.java:623)
	at org.apache.catalina.core.ApplicationFilterChain.internalDoFilter(ApplicationFilterChain.java:209)
	at org.apache.catalina.core.ApplicationFilterChain.doFilter(ApplicationFilterChain.java:153)
	at org.apache.tomcat.websocket.server.WsFilter.doFilter(WsFilter.java:51)
	at org.apache.catalina.core.ApplicationFilterChain.internalDoFilter(ApplicationFilterChain.java:178)
	at org.apache.catalina.core.ApplicationFilterChain.doFilter(ApplicationFilterChain.java:153)
	at org.springframework.web.filter.CorsFilter.doFilterInternal(CorsFilter.java:91)
	at org.springframework.web.filter.OncePerRequestFilter.doFilter(OncePerRequestFilter.java:117)
	at org.apache.catalina.core.ApplicationFilterChain.internalDoFilter(ApplicationFilterChain.java:178)
	at org.apache.catalina.core.ApplicationFilterChain.doFilter(ApplicationFilterChain.java:153)
	at org.springframework.web.filter.RequestContextFilter.doFilterInternal(RequestContextFilter.java:100)
	at org.springframework.web.filter.OncePerRequestFilter.doFilter(OncePerRequestFilter.java:117)
	at org.apache.catalina.core.ApplicationFilterChain.internalDoFilter(ApplicationFilterChain.java:178)
	at org.apache.catalina.core.ApplicationFilterChain.doFilter(ApplicationFilterChain.java:153)
	at org.springframework.web.filter.FormContentFilter.doFilterInternal(FormContentFilter.java:93)
	at org.springframework.web.filter.OncePerRequestFilter.doFilter(OncePerRequestFilter.java:117)
	at org.apache.catalina.core.ApplicationFilterChain.internalDoFilter(ApplicationFilterChain.java:178)
	at org.apache.catalina.core.ApplicationFilterChain.doFilter(ApplicationFilterChain.java:153)
	at org.springframework.web.filter.CharacterEncodingFilter.doFilterInternal(CharacterEncodingFilter.java:201)
	at org.springframework.web.filter.OncePerRequestFilter.doFilter(OncePerRequestFilter.java:117)
	at org.apache.catalina.core.ApplicationFilterChain.internalDoFilter(ApplicationFilterChain.java:178)
	at org.apache.catalina.core.ApplicationFilterChain.doFilter(ApplicationFilterChain.java:153)
	at org.apache.catalina.core.StandardWrapperValve.invoke(StandardWrapperValve.java:168)
	at org.apache.catalina.core.StandardContextValve.invoke(StandardContextValve.java:90)
	at org.apache.catalina.authenticator.AuthenticatorBase.invoke(AuthenticatorBase.java:481)
	at org.apache.catalina.core.StandardHostValve.invoke(StandardHostValve.java:130)
	at org.apache.catalina.valves.ErrorReportValve.invoke(ErrorReportValve.java:93)
	at org.apache.catalina.core.StandardEngineValve.invoke(StandardEngineValve.java:74)
	at org.apache.catalina.connector.CoyoteAdapter.service(CoyoteAdapter.java:342)
	at org.apache.coyote.http11.Http11Processor.service(Http11Processor.java:390)
	at org.apache.coyote.AbstractProcessorLight.process(AbstractProcessorLight.java:63)
	at org.apache.coyote.AbstractProtocol$ConnectionHandler.process(AbstractProtocol.java:928)
	at org.apache.tomcat.util.net.NioEndpoint$SocketProcessor.doRun(NioEndpoint.java:1794)
	at org.apache.tomcat.util.net.SocketProcessorBase.run(SocketProcessorBase.java:52)
	at org.apache.tomcat.util.threads.ThreadPoolExecutor.runWorker(ThreadPoolExecutor.java:1191)
	at org.apache.tomcat.util.threads.ThreadPoolExecutor$Worker.run(ThreadPoolExecutor.java:659)
	at org.apache.tomcat.util.threads.TaskThread$WrappingRunnable.run(TaskThread.java:61)
	at java.base/java.lang.Thread.run(Thread.java:834)
Caused by: org.springframework.core.serializer.support.SerializationFailedException: Failed to serialize object using DefaultSerializer; nested exception is java.io.NotSerializableException: com.accounting.entity.Category
	at org.springframework.core.serializer.support.SerializingConverter.convert(SerializingConverter.java:64)
	at org.springframework.core.serializer.support.SerializingConverter.convert(SerializingConverter.java:33)
	at org.springframework.data.redis.serializer.JdkSerializationRedisSerializer.serialize(JdkSerializationRedisSerializer.java:94)
	... 68 common frames omitted
Caused by: java.io.NotSerializableException: com.accounting.entity.Category
	at java.base/java.io.ObjectOutputStream.writeObject0(ObjectOutputStream.java:1185)
	at java.base/java.io.ObjectOutputStream.writeObject(ObjectOutputStream.java:349)
	at java.base/java.util.ArrayList.writeObject(ArrayList.java:896)
	at java.base/jdk.internal.reflect.GeneratedMethodAccessor62.invoke(Unknown Source)
	at java.base/jdk.internal.reflect.DelegatingMethodAccessorImpl.invoke(DelegatingMethodAccessorImpl.java:43)
	at java.base/java.lang.reflect.Method.invoke(Method.java:566)
	at java.base/java.io.ObjectStreamClass.invokeWriteObject(ObjectStreamClass.java:1130)
	at java.base/java.io.ObjectOutputStream.writeSerialData(ObjectOutputStream.java:1497)
	at java.base/java.io.ObjectOutputStream.writeOrdinaryObject(ObjectOutputStream.java:1433)
	at java.base/java.io.ObjectOutputStream.writeObject0(ObjectOutputStream.java:1179)
	at java.base/java.io.ObjectOutputStream.writeObject(ObjectOutputStream.java:349)
	at org.springframework.core.serializer.DefaultSerializer.serialize(DefaultSerializer.java:46)
	at org.springframework.core.serializer.Serializer.serializeToByteArray(Serializer.java:56)
	at org.springframework.core.serializer.support.SerializingConverter.convert(SerializingConverter.java:60)
	... 70 common frames omitted
2026-05-26 14:20:42 [http-nio-8080-exec-6] ERROR c.a.exception.GlobalExceptionHandler - 系统异常: 
org.springframework.data.redis.serializer.SerializationException: Cannot serialize; nested exception is org.springframework.core.serializer.support.SerializationFailedException: Failed to serialize object using DefaultSerializer; nested exception is java.io.NotSerializableException: com.accounting.entity.Category
	at org.springframework.data.redis.serializer.JdkSerializationRedisSerializer.serialize(JdkSerializationRedisSerializer.java:96)
	at org.springframework.data.redis.serializer.DefaultRedisElementWriter.write(DefaultRedisElementWriter.java:44)
	at org.springframework.data.redis.serializer.RedisSerializationContext$SerializationPair.write(RedisSerializationContext.java:290)
	at org.springframework.data.redis.cache.RedisCache.serializeCacheValue(RedisCache.java:285)
	at org.springframework.data.redis.cache.RedisCache.put(RedisCache.java:171)
	at org.springframework.cache.interceptor.AbstractCacheInvoker.doPut(AbstractCacheInvoker.java:87)
	at org.springframework.cache.interceptor.CacheAspectSupport$CachePutRequest.apply(CacheAspectSupport.java:837)
	at org.springframework.cache.interceptor.CacheAspectSupport.execute(CacheAspectSupport.java:429)
	at org.springframework.cache.interceptor.CacheAspectSupport.execute(CacheAspectSupport.java:345)
	at org.springframework.cache.interceptor.CacheInterceptor.invoke(CacheInterceptor.java:64)
	at org.springframework.aop.framework.ReflectiveMethodInvocation.proceed(ReflectiveMethodInvocation.java:186)
	at org.springframework.aop.framework.CglibAopProxy$CglibMethodInvocation.proceed(CglibAopProxy.java:762)
	at org.springframework.aop.framework.CglibAopProxy$DynamicAdvisedInterceptor.intercept(CglibAopProxy.java:707)
	at com.accounting.service.CategoryService$$EnhancerBySpringCGLIB$$cbe36f79.getCategoriesByType(<generated>)
	at com.accounting.controller.CategoryController.getCategoriesByType(CategoryController.java:38)
	at java.base/jdk.internal.reflect.NativeMethodAccessorImpl.invoke0(Native Method)
	at java.base/jdk.internal.reflect.NativeMethodAccessorImpl.invoke(NativeMethodAccessorImpl.java:62)
	at java.base/jdk.internal.reflect.DelegatingMethodAccessorImpl.invoke(DelegatingMethodAccessorImpl.java:43)
	at java.base/java.lang.reflect.Method.invoke(Method.java:566)
	at org.springframework.web.method.support.InvocableHandlerMethod.doInvoke(InvocableHandlerMethod.java:205)
	at org.springframework.web.method.support.InvocableHandlerMethod.invokeForRequest(InvocableHandlerMethod.java:150)
	at org.springframework.web.servlet.mvc.method.annotation.ServletInvocableHandlerMethod.invokeAndHandle(ServletInvocableHandlerMethod.java:117)
	at org.springframework.web.servlet.mvc.method.annotation.RequestMappingHandlerAdapter.invokeHandlerMethod(RequestMappingHandlerAdapter.java:895)
	at org.springframework.web.servlet.mvc.method.annotation.RequestMappingHandlerAdapter.handleInternal(RequestMappingHandlerAdapter.java:808)
	at org.springframework.web.servlet.mvc.method.AbstractHandlerMethodAdapter.handle(AbstractHandlerMethodAdapter.java:87)
	at org.springframework.web.servlet.DispatcherServlet.doDispatch(DispatcherServlet.java:1072)
	at org.springframework.web.servlet.DispatcherServlet.doService(DispatcherServlet.java:965)
	at org.springframework.web.servlet.FrameworkServlet.processRequest(FrameworkServlet.java:1006)
	at org.springframework.web.servlet.FrameworkServlet.doGet(FrameworkServlet.java:898)
	at javax.servlet.http.HttpServlet.service(HttpServlet.java:529)
	at org.springframework.web.servlet.FrameworkServlet.service(FrameworkServlet.java:883)
	at javax.servlet.http.HttpServlet.service(HttpServlet.java:623)
	at org.apache.catalina.core.ApplicationFilterChain.internalDoFilter(ApplicationFilterChain.java:209)
	at org.apache.catalina.core.ApplicationFilterChain.doFilter(ApplicationFilterChain.java:153)
	at org.apache.tomcat.websocket.server.WsFilter.doFilter(WsFilter.java:51)
	at org.apache.catalina.core.ApplicationFilterChain.internalDoFilter(ApplicationFilterChain.java:178)
	at org.apache.catalina.core.ApplicationFilterChain.doFilter(ApplicationFilterChain.java:153)
	at org.springframework.web.filter.CorsFilter.doFilterInternal(CorsFilter.java:91)
	at org.springframework.web.filter.OncePerRequestFilter.doFilter(OncePerRequestFilter.java:117)
	at org.apache.catalina.core.ApplicationFilterChain.internalDoFilter(ApplicationFilterChain.java:178)
	at org.apache.catalina.core.ApplicationFilterChain.doFilter(ApplicationFilterChain.java:153)
	at org.springframework.web.filter.RequestContextFilter.doFilterInternal(RequestContextFilter.java:100)
	at org.springframework.web.filter.OncePerRequestFilter.doFilter(OncePerRequestFilter.java:117)
	at org.apache.catalina.core.ApplicationFilterChain.internalDoFilter(ApplicationFilterChain.java:178)
	at org.apache.catalina.core.ApplicationFilterChain.doFilter(ApplicationFilterChain.java:153)
	at org.springframework.web.filter.FormContentFilter.doFilterInternal(FormContentFilter.java:93)
	at org.springframework.web.filter.OncePerRequestFilter.doFilter(OncePerRequestFilter.java:117)
	at org.apache.catalina.core.ApplicationFilterChain.internalDoFilter(ApplicationFilterChain.java:178)
	at org.apache.catalina.core.ApplicationFilterChain.doFilter(ApplicationFilterChain.java:153)
	at org.springframework.web.filter.CharacterEncodingFilter.doFilterInternal(CharacterEncodingFilter.java:201)
	at org.springframework.web.filter.OncePerRequestFilter.doFilter(OncePerRequestFilter.java:117)
	at org.apache.catalina.core.ApplicationFilterChain.internalDoFilter(ApplicationFilterChain.java:178)
	at org.apache.catalina.core.ApplicationFilterChain.doFilter(ApplicationFilterChain.java:153)
	at org.apache.catalina.core.StandardWrapperValve.invoke(StandardWrapperValve.java:168)
	at org.apache.catalina.core.StandardContextValve.invoke(StandardContextValve.java:90)
	at org.apache.catalina.authenticator.AuthenticatorBase.invoke(AuthenticatorBase.java:481)
	at org.apache.catalina.core.StandardHostValve.invoke(StandardHostValve.java:130)
	at org.apache.catalina.valves.ErrorReportValve.invoke(ErrorReportValve.java:93)
	at org.apache.catalina.core.StandardEngineValve.invoke(StandardEngineValve.java:74)
	at org.apache.catalina.connector.CoyoteAdapter.service(CoyoteAdapter.java:342)
	at org.apache.coyote.http11.Http11Processor.service(Http11Processor.java:390)
	at org.apache.coyote.AbstractProcessorLight.process(AbstractProcessorLight.java:63)
	at org.apache.coyote.AbstractProtocol$ConnectionHandler.process(AbstractProtocol.java:928)
	at org.apache.tomcat.util.net.NioEndpoint$SocketProcessor.doRun(NioEndpoint.java:1794)
	at org.apache.tomcat.util.net.SocketProcessorBase.run(SocketProcessorBase.java:52)
	at org.apache.tomcat.util.threads.ThreadPoolExecutor.runWorker(ThreadPoolExecutor.java:1191)
	at org.apache.tomcat.util.threads.ThreadPoolExecutor$Worker.run(ThreadPoolExecutor.java:659)
	at org.apache.tomcat.util.threads.TaskThread$WrappingRunnable.run(TaskThread.java:61)
	at java.base/java.lang.Thread.run(Thread.java:834)
Caused by: org.springframework.core.serializer.support.SerializationFailedException: Failed to serialize object using DefaultSerializer; nested exception is java.io.NotSerializableException: com.accounting.entity.Category
	at org.springframework.core.serializer.support.SerializingConverter.convert(SerializingConverter.java:64)
	at org.springframework.core.serializer.support.SerializingConverter.convert(SerializingConverter.java:33)
	at org.springframework.data.redis.serializer.JdkSerializationRedisSerializer.serialize(JdkSerializationRedisSerializer.java:94)
	... 68 common frames omitted
Caused by: java.io.NotSerializableException: com.accounting.entity.Category
	at java.base/java.io.ObjectOutputStream.writeObject0(ObjectOutputStream.java:1185)
	at java.base/java.io.ObjectOutputStream.writeObject(ObjectOutputStream.java:349)
	at java.base/java.util.ArrayList.writeObject(ArrayList.java:896)
	at java.base/jdk.internal.reflect.GeneratedMethodAccessor62.invoke(Unknown Source)
	at java.base/jdk.internal.reflect.DelegatingMethodAccessorImpl.invoke(DelegatingMethodAccessorImpl.java:43)
	at java.base/java.lang.reflect.Method.invoke(Method.java:566)
	at java.base/java.io.ObjectStreamClass.invokeWriteObject(ObjectStreamClass.java:1130)
	at java.base/java.io.ObjectOutputStream.writeSerialData(ObjectOutputStream.java:1497)
	at java.base/java.io.ObjectOutputStream.writeOrdinaryObject(ObjectOutputStream.java:1433)
	at java.base/java.io.ObjectOutputStream.writeObject0(ObjectOutputStream.java:1179)
	at java.base/java.io.ObjectOutputStream.writeObject(ObjectOutputStream.java:349)
	at org.springframework.core.serializer.DefaultSerializer.serialize(DefaultSerializer.java:46)
	at org.springframework.core.serializer.Serializer.serializeToByteArray(Serializer.java:56)
	at org.springframework.core.serializer.support.SerializingConverter.convert(SerializingConverter.java:60)
	... 70 common frames omitted
2026-05-26 14:20:42 [http-nio-8080-exec-3] INFO  com.accounting.service.BudgetService - 计算预算使用情况: 1
2026-05-26 14:20:42 [http-nio-8080-exec-3] INFO  com.accounting.service.BudgetService - 根据ID获取预算: 1
2026-05-26 14:20:42 [http-nio-8080-exec-5] INFO  com.accounting.service.BudgetService - 计算预算使用情况: 1
2026-05-26 14:20:42 [http-nio-8080-exec-5] INFO  com.accounting.service.BudgetService - 根据ID获取预算: 1
2026-05-26 14:20:42 [http-nio-8080-exec-5] INFO  com.accounting.service.BudgetService - 计算预算使用情况: 1
2026-05-26 14:20:42 [http-nio-8080-exec-5] INFO  com.accounting.service.BudgetService - 根据ID获取预算: 1
2026-05-26 14:20:42 [http-nio-8080-exec-3] INFO  com.accounting.service.BudgetService - 计算预算使用情况: 1
2026-05-26 14:20:42 [http-nio-8080-exec-3] INFO  com.accounting.service.BudgetService - 根据ID获取预算: 1
2026-05-26 14:20:42 [http-nio-8080-exec-3] INFO  c.a.service.DashboardService - 检查异常消费: 月均支出=0.00
2026-05-26 14:20:42 [http-nio-8080-exec-5] INFO  c.a.service.DashboardService - 检查异常消费: 月均支出=0.00
2026-05-26 14:20:42 [http-nio-8080-exec-3] ERROR c.a.exception.GlobalExceptionHandler - 系统异常: 
org.springframework.data.redis.serializer.SerializationException: Cannot serialize; nested exception is org.springframework.core.serializer.support.SerializationFailedException: Failed to serialize object using DefaultSerializer; nested exception is java.lang.IllegalArgumentException: DefaultSerializer requires a Serializable payload but received an object of type [com.accounting.dto.DashboardDTO]
	at org.springframework.data.redis.serializer.JdkSerializationRedisSerializer.serialize(JdkSerializationRedisSerializer.java:96)
	at org.springframework.data.redis.serializer.DefaultRedisElementWriter.write(DefaultRedisElementWriter.java:44)
	at org.springframework.data.redis.serializer.RedisSerializationContext$SerializationPair.write(RedisSerializationContext.java:290)
	at org.springframework.data.redis.cache.RedisCache.serializeCacheValue(RedisCache.java:285)
	at org.springframework.data.redis.cache.RedisCache.put(RedisCache.java:171)
	at org.springframework.cache.interceptor.AbstractCacheInvoker.doPut(AbstractCacheInvoker.java:87)
	at org.springframework.cache.interceptor.CacheAspectSupport$CachePutRequest.apply(CacheAspectSupport.java:837)
	at org.springframework.cache.interceptor.CacheAspectSupport.execute(CacheAspectSupport.java:429)
	at org.springframework.cache.interceptor.CacheAspectSupport.execute(CacheAspectSupport.java:345)
	at org.springframework.cache.interceptor.CacheInterceptor.invoke(CacheInterceptor.java:64)
	at org.springframework.aop.framework.ReflectiveMethodInvocation.proceed(ReflectiveMethodInvocation.java:186)
	at org.springframework.aop.framework.CglibAopProxy$CglibMethodInvocation.proceed(CglibAopProxy.java:762)
	at org.springframework.aop.framework.CglibAopProxy$DynamicAdvisedInterceptor.intercept(CglibAopProxy.java:707)
	at com.accounting.service.DashboardService$$EnhancerBySpringCGLIB$$4b3890c.getDashboardData(<generated>)
	at com.accounting.controller.DashboardController.getDashboardData(DashboardController.java:27)
	at java.base/jdk.internal.reflect.NativeMethodAccessorImpl.invoke0(Native Method)
	at java.base/jdk.internal.reflect.NativeMethodAccessorImpl.invoke(NativeMethodAccessorImpl.java:62)
	at java.base/jdk.internal.reflect.DelegatingMethodAccessorImpl.invoke(DelegatingMethodAccessorImpl.java:43)
	at java.base/java.lang.reflect.Method.invoke(Method.java:566)
	at org.springframework.web.method.support.InvocableHandlerMethod.doInvoke(InvocableHandlerMethod.java:205)
	at org.springframework.web.method.support.InvocableHandlerMethod.invokeForRequest(InvocableHandlerMethod.java:150)
	at org.springframework.web.servlet.mvc.method.annotation.ServletInvocableHandlerMethod.invokeAndHandle(ServletInvocableHandlerMethod.java:117)
	at org.springframework.web.servlet.mvc.method.annotation.RequestMappingHandlerAdapter.invokeHandlerMethod(RequestMappingHandlerAdapter.java:895)
	at org.springframework.web.servlet.mvc.method.annotation.RequestMappingHandlerAdapter.handleInternal(RequestMappingHandlerAdapter.java:808)
	at org.springframework.web.servlet.mvc.method.AbstractHandlerMethodAdapter.handle(AbstractHandlerMethodAdapter.java:87)
	at org.springframework.web.servlet.DispatcherServlet.doDispatch(DispatcherServlet.java:1072)
	at org.springframework.web.servlet.DispatcherServlet.doService(DispatcherServlet.java:965)
	at org.springframework.web.servlet.FrameworkServlet.processRequest(FrameworkServlet.java:1006)
	at org.springframework.web.servlet.FrameworkServlet.doGet(FrameworkServlet.java:898)
	at javax.servlet.http.HttpServlet.service(HttpServlet.java:529)
	at org.springframework.web.servlet.FrameworkServlet.service(FrameworkServlet.java:883)
	at javax.servlet.http.HttpServlet.service(HttpServlet.java:623)
	at org.apache.catalina.core.ApplicationFilterChain.internalDoFilter(ApplicationFilterChain.java:209)
	at org.apache.catalina.core.ApplicationFilterChain.doFilter(ApplicationFilterChain.java:153)
	at org.apache.tomcat.websocket.server.WsFilter.doFilter(WsFilter.java:51)
	at org.apache.catalina.core.ApplicationFilterChain.internalDoFilter(ApplicationFilterChain.java:178)
	at org.apache.catalina.core.ApplicationFilterChain.doFilter(ApplicationFilterChain.java:153)
	at org.springframework.web.filter.CorsFilter.doFilterInternal(CorsFilter.java:91)
	at org.springframework.web.filter.OncePerRequestFilter.doFilter(OncePerRequestFilter.java:117)
	at org.apache.catalina.core.ApplicationFilterChain.internalDoFilter(ApplicationFilterChain.java:178)
	at org.apache.catalina.core.ApplicationFilterChain.doFilter(ApplicationFilterChain.java:153)
	at org.springframework.web.filter.RequestContextFilter.doFilterInternal(RequestContextFilter.java:100)
	at org.springframework.web.filter.OncePerRequestFilter.doFilter(OncePerRequestFilter.java:117)
	at org.apache.catalina.core.ApplicationFilterChain.internalDoFilter(ApplicationFilterChain.java:178)
	at org.apache.catalina.core.ApplicationFilterChain.doFilter(ApplicationFilterChain.java:153)
	at org.springframework.web.filter.FormContentFilter.doFilterInternal(FormContentFilter.java:93)
	at org.springframework.web.filter.OncePerRequestFilter.doFilter(OncePerRequestFilter.java:117)
	at org.apache.catalina.core.ApplicationFilterChain.internalDoFilter(ApplicationFilterChain.java:178)
	at org.apache.catalina.core.ApplicationFilterChain.doFilter(ApplicationFilterChain.java:153)
	at org.springframework.web.filter.CharacterEncodingFilter.doFilterInternal(CharacterEncodingFilter.java:201)
	at org.springframework.web.filter.OncePerRequestFilter.doFilter(OncePerRequestFilter.java:117)
	at org.apache.catalina.core.ApplicationFilterChain.internalDoFilter(ApplicationFilterChain.java:178)
	at org.apache.catalina.core.ApplicationFilterChain.doFilter(ApplicationFilterChain.java:153)
	at org.apache.catalina.core.StandardWrapperValve.invoke(StandardWrapperValve.java:168)
	at org.apache.catalina.core.StandardContextValve.invoke(StandardContextValve.java:90)
	at org.apache.catalina.authenticator.AuthenticatorBase.invoke(AuthenticatorBase.java:481)
	at org.apache.catalina.core.StandardHostValve.invoke(StandardHostValve.java:130)
	at org.apache.catalina.valves.ErrorReportValve.invoke(ErrorReportValve.java:93)
	at org.apache.catalina.core.StandardEngineValve.invoke(StandardEngineValve.java:74)
	at org.apache.catalina.connector.CoyoteAdapter.service(CoyoteAdapter.java:342)
	at org.apache.coyote.http11.Http11Processor.service(Http11Processor.java:390)
	at org.apache.coyote.AbstractProcessorLight.process(AbstractProcessorLight.java:63)
	at org.apache.coyote.AbstractProtocol$ConnectionHandler.process(AbstractProtocol.java:928)
	at org.apache.tomcat.util.net.NioEndpoint$SocketProcessor.doRun(NioEndpoint.java:1794)
	at org.apache.tomcat.util.net.SocketProcessorBase.run(SocketProcessorBase.java:52)
	at org.apache.tomcat.util.threads.ThreadPoolExecutor.runWorker(ThreadPoolExecutor.java:1191)
	at org.apache.tomcat.util.threads.ThreadPoolExecutor$Worker.run(ThreadPoolExecutor.java:659)
	at org.apache.tomcat.util.threads.TaskThread$WrappingRunnable.run(TaskThread.java:61)
	at java.base/java.lang.Thread.run(Thread.java:834)
Caused by: org.springframework.core.serializer.support.SerializationFailedException: Failed to serialize object using DefaultSerializer; nested exception is java.lang.IllegalArgumentException: DefaultSerializer requires a Serializable payload but received an object of type [com.accounting.dto.DashboardDTO]
	at org.springframework.core.serializer.support.SerializingConverter.convert(SerializingConverter.java:64)
	at org.springframework.core.serializer.support.SerializingConverter.convert(SerializingConverter.java:33)
	at org.springframework.data.redis.serializer.JdkSerializationRedisSerializer.serialize(JdkSerializationRedisSerializer.java:94)
	... 68 common frames omitted
Caused by: java.lang.IllegalArgumentException: DefaultSerializer requires a Serializable payload but received an object of type [com.accounting.dto.DashboardDTO]
	at org.springframework.core.serializer.DefaultSerializer.serialize(DefaultSerializer.java:43)
	at org.springframework.core.serializer.Serializer.serializeToByteArray(Serializer.java:56)
	at org.springframework.core.serializer.support.SerializingConverter.convert(SerializingConverter.java:60)
	... 70 common frames omitted
2026-05-26 14:20:42 [http-nio-8080-exec-5] ERROR c.a.exception.GlobalExceptionHandler - 系统异常: 
org.springframework.data.redis.serializer.SerializationException: Cannot serialize; nested exception is org.springframework.core.serializer.support.SerializationFailedException: Failed to serialize object using DefaultSerializer; nested exception is java.lang.IllegalArgumentException: DefaultSerializer requires a Serializable payload but received an object of type [com.accounting.dto.DashboardDTO]
	at org.springframework.data.redis.serializer.JdkSerializationRedisSerializer.serialize(JdkSerializationRedisSerializer.java:96)
	at org.springframework.data.redis.serializer.DefaultRedisElementWriter.write(DefaultRedisElementWriter.java:44)
	at org.springframework.data.redis.serializer.RedisSerializationContext$SerializationPair.write(RedisSerializationContext.java:290)
	at org.springframework.data.redis.cache.RedisCache.serializeCacheValue(RedisCache.java:285)
	at org.springframework.data.redis.cache.RedisCache.put(RedisCache.java:171)
	at org.springframework.cache.interceptor.AbstractCacheInvoker.doPut(AbstractCacheInvoker.java:87)
	at org.springframework.cache.interceptor.CacheAspectSupport$CachePutRequest.apply(CacheAspectSupport.java:837)
	at org.springframework.cache.interceptor.CacheAspectSupport.execute(CacheAspectSupport.java:429)
	at org.springframework.cache.interceptor.CacheAspectSupport.execute(CacheAspectSupport.java:345)
	at org.springframework.cache.interceptor.CacheInterceptor.invoke(CacheInterceptor.java:64)
	at org.springframework.aop.framework.ReflectiveMethodInvocation.proceed(ReflectiveMethodInvocation.java:186)
	at org.springframework.aop.framework.CglibAopProxy$CglibMethodInvocation.proceed(CglibAopProxy.java:762)
	at org.springframework.aop.framework.CglibAopProxy$DynamicAdvisedInterceptor.intercept(CglibAopProxy.java:707)
	at com.accounting.service.DashboardService$$EnhancerBySpringCGLIB$$4b3890c.getDashboardData(<generated>)
	at com.accounting.controller.DashboardController.getDashboardData(DashboardController.java:27)
	at java.base/jdk.internal.reflect.NativeMethodAccessorImpl.invoke0(Native Method)
	at java.base/jdk.internal.reflect.NativeMethodAccessorImpl.invoke(NativeMethodAccessorImpl.java:62)
	at java.base/jdk.internal.reflect.DelegatingMethodAccessorImpl.invoke(DelegatingMethodAccessorImpl.java:43)
	at java.base/java.lang.reflect.Method.invoke(Method.java:566)
	at org.springframework.web.method.support.InvocableHandlerMethod.doInvoke(InvocableHandlerMethod.java:205)
	at org.springframework.web.method.support.InvocableHandlerMethod.invokeForRequest(InvocableHandlerMethod.java:150)
	at org.springframework.web.servlet.mvc.method.annotation.ServletInvocableHandlerMethod.invokeAndHandle(ServletInvocableHandlerMethod.java:117)
	at org.springframework.web.servlet.mvc.method.annotation.RequestMappingHandlerAdapter.invokeHandlerMethod(RequestMappingHandlerAdapter.java:895)
	at org.springframework.web.servlet.mvc.method.annotation.RequestMappingHandlerAdapter.handleInternal(RequestMappingHandlerAdapter.java:808)
	at org.springframework.web.servlet.mvc.method.AbstractHandlerMethodAdapter.handle(AbstractHandlerMethodAdapter.java:87)
	at org.springframework.web.servlet.DispatcherServlet.doDispatch(DispatcherServlet.java:1072)
	at org.springframework.web.servlet.DispatcherServlet.doService(DispatcherServlet.java:965)
	at org.springframework.web.servlet.FrameworkServlet.processRequest(FrameworkServlet.java:1006)
	at org.springframework.web.servlet.FrameworkServlet.doGet(FrameworkServlet.java:898)
	at javax.servlet.http.HttpServlet.service(HttpServlet.java:529)
	at org.springframework.web.servlet.FrameworkServlet.service(FrameworkServlet.java:883)
	at javax.servlet.http.HttpServlet.service(HttpServlet.java:623)
	at org.apache.catalina.core.ApplicationFilterChain.internalDoFilter(ApplicationFilterChain.java:209)
	at org.apache.catalina.core.ApplicationFilterChain.doFilter(ApplicationFilterChain.java:153)
	at org.apache.tomcat.websocket.server.WsFilter.doFilter(WsFilter.java:51)
	at org.apache.catalina.core.ApplicationFilterChain.internalDoFilter(ApplicationFilterChain.java:178)
	at org.apache.catalina.core.ApplicationFilterChain.doFilter(ApplicationFilterChain.java:153)
	at org.springframework.web.filter.CorsFilter.doFilterInternal(CorsFilter.java:91)
	at org.springframework.web.filter.OncePerRequestFilter.doFilter(OncePerRequestFilter.java:117)
	at org.apache.catalina.core.ApplicationFilterChain.internalDoFilter(ApplicationFilterChain.java:178)
	at org.apache.catalina.core.ApplicationFilterChain.doFilter(ApplicationFilterChain.java:153)
	at org.springframework.web.filter.RequestContextFilter.doFilterInternal(RequestContextFilter.java:100)
	at org.springframework.web.filter.OncePerRequestFilter.doFilter(OncePerRequestFilter.java:117)
	at org.apache.catalina.core.ApplicationFilterChain.internalDoFilter(ApplicationFilterChain.java:178)
	at org.apache.catalina.core.ApplicationFilterChain.doFilter(ApplicationFilterChain.java:153)
	at org.springframework.web.filter.FormContentFilter.doFilterInternal(FormContentFilter.java:93)
	at org.springframework.web.filter.OncePerRequestFilter.doFilter(OncePerRequestFilter.java:117)
	at org.apache.catalina.core.ApplicationFilterChain.internalDoFilter(ApplicationFilterChain.java:178)
	at org.apache.catalina.core.ApplicationFilterChain.doFilter(ApplicationFilterChain.java:153)
	at org.springframework.web.filter.CharacterEncodingFilter.doFilterInternal(CharacterEncodingFilter.java:201)
	at org.springframework.web.filter.OncePerRequestFilter.doFilter(OncePerRequestFilter.java:117)
	at org.apache.catalina.core.ApplicationFilterChain.internalDoFilter(ApplicationFilterChain.java:178)
	at org.apache.catalina.core.ApplicationFilterChain.doFilter(ApplicationFilterChain.java:153)
	at org.apache.catalina.core.StandardWrapperValve.invoke(StandardWrapperValve.java:168)
	at org.apache.catalina.core.StandardContextValve.invoke(StandardContextValve.java:90)
	at org.apache.catalina.authenticator.AuthenticatorBase.invoke(AuthenticatorBase.java:481)
	at org.apache.catalina.core.StandardHostValve.invoke(StandardHostValve.java:130)
	at org.apache.catalina.valves.ErrorReportValve.invoke(ErrorReportValve.java:93)
	at org.apache.catalina.core.StandardEngineValve.invoke(StandardEngineValve.java:74)
	at org.apache.catalina.connector.CoyoteAdapter.service(CoyoteAdapter.java:342)
	at org.apache.coyote.http11.Http11Processor.service(Http11Processor.java:390)
	at org.apache.coyote.AbstractProcessorLight.process(AbstractProcessorLight.java:63)
	at org.apache.coyote.AbstractProtocol$ConnectionHandler.process(AbstractProtocol.java:928)
	at org.apache.tomcat.util.net.NioEndpoint$SocketProcessor.doRun(NioEndpoint.java:1794)
	at org.apache.tomcat.util.net.SocketProcessorBase.run(SocketProcessorBase.java:52)
	at org.apache.tomcat.util.threads.ThreadPoolExecutor.runWorker(ThreadPoolExecutor.java:1191)
	at org.apache.tomcat.util.threads.ThreadPoolExecutor$Worker.run(ThreadPoolExecutor.java:659)
	at org.apache.tomcat.util.threads.TaskThread$WrappingRunnable.run(TaskThread.java:61)
	at java.base/java.lang.Thread.run(Thread.java:834)
Caused by: org.springframework.core.serializer.support.SerializationFailedException: Failed to serialize object using DefaultSerializer; nested exception is java.lang.IllegalArgumentException: DefaultSerializer requires a Serializable payload but received an object of type [com.accounting.dto.DashboardDTO]
	at org.springframework.core.serializer.support.SerializingConverter.convert(SerializingConverter.java:64)
	at org.springframework.core.serializer.support.SerializingConverter.convert(SerializingConverter.java:33)
	at org.springframework.data.redis.serializer.JdkSerializationRedisSerializer.serialize(JdkSerializationRedisSerializer.java:94)
	... 68 common frames omitted
Caused by: java.lang.IllegalArgumentException: DefaultSerializer requires a Serializable payload but received an object of type [com.accounting.dto.DashboardDTO]
	at org.springframework.core.serializer.DefaultSerializer.serialize(DefaultSerializer.java:43)
	at org.springframework.core.serializer.Serializer.serializeToByteArray(Serializer.java:56)
	at org.springframework.core.serializer.support.SerializingConverter.convert(SerializingConverter.java:60)
	... 70 common frames omitted
2026-05-26 14:21:30 [http-nio-8080-exec-2] INFO  c.a.controller.DashboardController - API: 获取看板数据
2026-05-26 14:21:30 [http-nio-8080-exec-8] INFO  c.a.controller.BillController - API: 获取最近30天的账单
2026-05-26 14:21:30 [http-nio-8080-exec-10] INFO  c.a.controller.CategoryController - API: 按类型获取分类: EXPENSE
2026-05-26 14:21:30 [http-nio-8080-exec-8] INFO  com.accounting.service.BillService - 获取最近30天的账单
2026-05-26 14:21:30 [http-nio-8080-exec-2] INFO  c.a.service.DashboardService - 获取看板数据
2026-05-26 14:21:30 [http-nio-8080-exec-10] INFO  c.accounting.service.CategoryService - 获取支出分类列表
2026-05-26 14:21:30 [http-nio-8080-exec-8] DEBUG com.accounting.service.BillService - 从Redis缓存获取最近30天账单
2026-05-26 14:21:30 [http-nio-8080-exec-10] ERROR c.a.exception.GlobalExceptionHandler - 系统异常: 
org.springframework.data.redis.serializer.SerializationException: Cannot serialize; nested exception is org.springframework.core.serializer.support.SerializationFailedException: Failed to serialize object using DefaultSerializer; nested exception is java.io.NotSerializableException: com.accounting.entity.Category
	at org.springframework.data.redis.serializer.JdkSerializationRedisSerializer.serialize(JdkSerializationRedisSerializer.java:96)
	at org.springframework.data.redis.serializer.DefaultRedisElementWriter.write(DefaultRedisElementWriter.java:44)
	at org.springframework.data.redis.serializer.RedisSerializationContext$SerializationPair.write(RedisSerializationContext.java:290)
	at org.springframework.data.redis.cache.RedisCache.serializeCacheValue(RedisCache.java:285)
	at org.springframework.data.redis.cache.RedisCache.put(RedisCache.java:171)
	at org.springframework.cache.interceptor.AbstractCacheInvoker.doPut(AbstractCacheInvoker.java:87)
	at org.springframework.cache.interceptor.CacheAspectSupport$CachePutRequest.apply(CacheAspectSupport.java:837)
	at org.springframework.cache.interceptor.CacheAspectSupport.execute(CacheAspectSupport.java:429)
	at org.springframework.cache.interceptor.CacheAspectSupport.execute(CacheAspectSupport.java:345)
	at org.springframework.cache.interceptor.CacheInterceptor.invoke(CacheInterceptor.java:64)
	at org.springframework.aop.framework.ReflectiveMethodInvocation.proceed(ReflectiveMethodInvocation.java:186)
	at org.springframework.aop.framework.CglibAopProxy$CglibMethodInvocation.proceed(CglibAopProxy.java:762)
	at org.springframework.aop.framework.CglibAopProxy$DynamicAdvisedInterceptor.intercept(CglibAopProxy.java:707)
	at com.accounting.service.CategoryService$$EnhancerBySpringCGLIB$$cbe36f79.getCategoriesByType(<generated>)
	at com.accounting.controller.CategoryController.getCategoriesByType(CategoryController.java:38)
	at java.base/jdk.internal.reflect.NativeMethodAccessorImpl.invoke0(Native Method)
	at java.base/jdk.internal.reflect.NativeMethodAccessorImpl.invoke(NativeMethodAccessorImpl.java:62)
	at java.base/jdk.internal.reflect.DelegatingMethodAccessorImpl.invoke(DelegatingMethodAccessorImpl.java:43)
	at java.base/java.lang.reflect.Method.invoke(Method.java:566)
	at org.springframework.web.method.support.InvocableHandlerMethod.doInvoke(InvocableHandlerMethod.java:205)
	at org.springframework.web.method.support.InvocableHandlerMethod.invokeForRequest(InvocableHandlerMethod.java:150)
	at org.springframework.web.servlet.mvc.method.annotation.ServletInvocableHandlerMethod.invokeAndHandle(ServletInvocableHandlerMethod.java:117)
	at org.springframework.web.servlet.mvc.method.annotation.RequestMappingHandlerAdapter.invokeHandlerMethod(RequestMappingHandlerAdapter.java:895)
	at org.springframework.web.servlet.mvc.method.annotation.RequestMappingHandlerAdapter.handleInternal(RequestMappingHandlerAdapter.java:808)
	at org.springframework.web.servlet.mvc.method.AbstractHandlerMethodAdapter.handle(AbstractHandlerMethodAdapter.java:87)
	at org.springframework.web.servlet.DispatcherServlet.doDispatch(DispatcherServlet.java:1072)
	at org.springframework.web.servlet.DispatcherServlet.doService(DispatcherServlet.java:965)
	at org.springframework.web.servlet.FrameworkServlet.processRequest(FrameworkServlet.java:1006)
	at org.springframework.web.servlet.FrameworkServlet.doGet(FrameworkServlet.java:898)
	at javax.servlet.http.HttpServlet.service(HttpServlet.java:529)
	at org.springframework.web.servlet.FrameworkServlet.service(FrameworkServlet.java:883)
	at javax.servlet.http.HttpServlet.service(HttpServlet.java:623)
	at org.apache.catalina.core.ApplicationFilterChain.internalDoFilter(ApplicationFilterChain.java:209)
	at org.apache.catalina.core.ApplicationFilterChain.doFilter(ApplicationFilterChain.java:153)
	at org.apache.tomcat.websocket.server.WsFilter.doFilter(WsFilter.java:51)
	at org.apache.catalina.core.ApplicationFilterChain.internalDoFilter(ApplicationFilterChain.java:178)
	at org.apache.catalina.core.ApplicationFilterChain.doFilter(ApplicationFilterChain.java:153)
	at org.springframework.web.filter.CorsFilter.doFilterInternal(CorsFilter.java:91)
	at org.springframework.web.filter.OncePerRequestFilter.doFilter(OncePerRequestFilter.java:117)
	at org.apache.catalina.core.ApplicationFilterChain.internalDoFilter(ApplicationFilterChain.java:178)
	at org.apache.catalina.core.ApplicationFilterChain.doFilter(ApplicationFilterChain.java:153)
	at org.springframework.web.filter.RequestContextFilter.doFilterInternal(RequestContextFilter.java:100)
	at org.springframework.web.filter.OncePerRequestFilter.doFilter(OncePerRequestFilter.java:117)
	at org.apache.catalina.core.ApplicationFilterChain.internalDoFilter(ApplicationFilterChain.java:178)
	at org.apache.catalina.core.ApplicationFilterChain.doFilter(ApplicationFilterChain.java:153)
	at org.springframework.web.filter.FormContentFilter.doFilterInternal(FormContentFilter.java:93)
	at org.springframework.web.filter.OncePerRequestFilter.doFilter(OncePerRequestFilter.java:117)
	at org.apache.catalina.core.ApplicationFilterChain.internalDoFilter(ApplicationFilterChain.java:178)
	at org.apache.catalina.core.ApplicationFilterChain.doFilter(ApplicationFilterChain.java:153)
	at org.springframework.web.filter.CharacterEncodingFilter.doFilterInternal(CharacterEncodingFilter.java:201)
	at org.springframework.web.filter.OncePerRequestFilter.doFilter(OncePerRequestFilter.java:117)
	at org.apache.catalina.core.ApplicationFilterChain.internalDoFilter(ApplicationFilterChain.java:178)
	at org.apache.catalina.core.ApplicationFilterChain.doFilter(ApplicationFilterChain.java:153)
	at org.apache.catalina.core.StandardWrapperValve.invoke(StandardWrapperValve.java:168)
	at org.apache.catalina.core.StandardContextValve.invoke(StandardContextValve.java:90)
	at org.apache.catalina.authenticator.AuthenticatorBase.invoke(AuthenticatorBase.java:481)
	at org.apache.catalina.core.StandardHostValve.invoke(StandardHostValve.java:130)
	at org.apache.catalina.valves.ErrorReportValve.invoke(ErrorReportValve.java:93)
	at org.apache.catalina.core.StandardEngineValve.invoke(StandardEngineValve.java:74)
	at org.apache.catalina.connector.CoyoteAdapter.service(CoyoteAdapter.java:342)
	at org.apache.coyote.http11.Http11Processor.service(Http11Processor.java:390)
	at org.apache.coyote.AbstractProcessorLight.process(AbstractProcessorLight.java:63)
	at org.apache.coyote.AbstractProtocol$ConnectionHandler.process(AbstractProtocol.java:928)
	at org.apache.tomcat.util.net.NioEndpoint$SocketProcessor.doRun(NioEndpoint.java:1794)
	at org.apache.tomcat.util.net.SocketProcessorBase.run(SocketProcessorBase.java:52)
	at org.apache.tomcat.util.threads.ThreadPoolExecutor.runWorker(ThreadPoolExecutor.java:1191)
	at org.apache.tomcat.util.threads.ThreadPoolExecutor$Worker.run(ThreadPoolExecutor.java:659)
	at org.apache.tomcat.util.threads.TaskThread$WrappingRunnable.run(TaskThread.java:61)
	at java.base/java.lang.Thread.run(Thread.java:834)
Caused by: org.springframework.core.serializer.support.SerializationFailedException: Failed to serialize object using DefaultSerializer; nested exception is java.io.NotSerializableException: com.accounting.entity.Category
	at org.springframework.core.serializer.support.SerializingConverter.convert(SerializingConverter.java:64)
	at org.springframework.core.serializer.support.SerializingConverter.convert(SerializingConverter.java:33)
	at org.springframework.data.redis.serializer.JdkSerializationRedisSerializer.serialize(JdkSerializationRedisSerializer.java:94)
	... 68 common frames omitted
Caused by: java.io.NotSerializableException: com.accounting.entity.Category
	at java.base/java.io.ObjectOutputStream.writeObject0(ObjectOutputStream.java:1185)
	at java.base/java.io.ObjectOutputStream.writeObject(ObjectOutputStream.java:349)
	at java.base/java.util.ArrayList.writeObject(ArrayList.java:896)
	at java.base/jdk.internal.reflect.GeneratedMethodAccessor62.invoke(Unknown Source)
	at java.base/jdk.internal.reflect.DelegatingMethodAccessorImpl.invoke(DelegatingMethodAccessorImpl.java:43)
	at java.base/java.lang.reflect.Method.invoke(Method.java:566)
	at java.base/java.io.ObjectStreamClass.invokeWriteObject(ObjectStreamClass.java:1130)
	at java.base/java.io.ObjectOutputStream.writeSerialData(ObjectOutputStream.java:1497)
	at java.base/java.io.ObjectOutputStream.writeOrdinaryObject(ObjectOutputStream.java:1433)
	at java.base/java.io.ObjectOutputStream.writeObject0(ObjectOutputStream.java:1179)
	at java.base/java.io.ObjectOutputStream.writeObject(ObjectOutputStream.java:349)
	at org.springframework.core.serializer.DefaultSerializer.serialize(DefaultSerializer.java:46)
	at org.springframework.core.serializer.Serializer.serializeToByteArray(Serializer.java:56)
	at org.springframework.core.serializer.support.SerializingConverter.convert(SerializingConverter.java:60)
	... 70 common frames omitted
2026-05-26 14:21:30 [http-nio-8080-exec-2] INFO  com.accounting.service.BudgetService - 获取当前生效的预算列表
2026-05-26 14:21:30 [http-nio-8080-exec-2] INFO  com.accounting.service.BudgetService - 计算预算使用情况: 1
2026-05-26 14:21:30 [http-nio-8080-exec-2] INFO  com.accounting.service.BudgetService - 根据ID获取预算: 1
2026-05-26 14:21:30 [http-nio-8080-exec-2] INFO  com.accounting.service.BudgetService - 计算预算使用情况: 1
2026-05-26 14:21:30 [http-nio-8080-exec-2] INFO  com.accounting.service.BudgetService - 根据ID获取预算: 1
2026-05-26 14:21:30 [http-nio-8080-exec-2] INFO  c.a.service.DashboardService - 检查异常消费: 月均支出=0.00
2026-05-26 14:21:30 [http-nio-8080-exec-2] ERROR c.a.exception.GlobalExceptionHandler - 系统异常: 
org.springframework.data.redis.serializer.SerializationException: Cannot serialize; nested exception is org.springframework.core.serializer.support.SerializationFailedException: Failed to serialize object using DefaultSerializer; nested exception is java.lang.IllegalArgumentException: DefaultSerializer requires a Serializable payload but received an object of type [com.accounting.dto.DashboardDTO]
	at org.springframework.data.redis.serializer.JdkSerializationRedisSerializer.serialize(JdkSerializationRedisSerializer.java:96)
	at org.springframework.data.redis.serializer.DefaultRedisElementWriter.write(DefaultRedisElementWriter.java:44)
	at org.springframework.data.redis.serializer.RedisSerializationContext$SerializationPair.write(RedisSerializationContext.java:290)
	at org.springframework.data.redis.cache.RedisCache.serializeCacheValue(RedisCache.java:285)
	at org.springframework.data.redis.cache.RedisCache.put(RedisCache.java:171)
	at org.springframework.cache.interceptor.AbstractCacheInvoker.doPut(AbstractCacheInvoker.java:87)
	at org.springframework.cache.interceptor.CacheAspectSupport$CachePutRequest.apply(CacheAspectSupport.java:837)
	at org.springframework.cache.interceptor.CacheAspectSupport.execute(CacheAspectSupport.java:429)
	at org.springframework.cache.interceptor.CacheAspectSupport.execute(CacheAspectSupport.java:345)
	at org.springframework.cache.interceptor.CacheInterceptor.invoke(CacheInterceptor.java:64)
	at org.springframework.aop.framework.ReflectiveMethodInvocation.proceed(ReflectiveMethodInvocation.java:186)
	at org.springframework.aop.framework.CglibAopProxy$CglibMethodInvocation.proceed(CglibAopProxy.java:762)
	at org.springframework.aop.framework.CglibAopProxy$DynamicAdvisedInterceptor.intercept(CglibAopProxy.java:707)
	at com.accounting.service.DashboardService$$EnhancerBySpringCGLIB$$4b3890c.getDashboardData(<generated>)
	at com.accounting.controller.DashboardController.getDashboardData(DashboardController.java:27)
	at java.base/jdk.internal.reflect.NativeMethodAccessorImpl.invoke0(Native Method)
	at java.base/jdk.internal.reflect.NativeMethodAccessorImpl.invoke(NativeMethodAccessorImpl.java:62)
	at java.base/jdk.internal.reflect.DelegatingMethodAccessorImpl.invoke(DelegatingMethodAccessorImpl.java:43)
	at java.base/java.lang.reflect.Method.invoke(Method.java:566)
	at org.springframework.web.method.support.InvocableHandlerMethod.doInvoke(InvocableHandlerMethod.java:205)
	at org.springframework.web.method.support.InvocableHandlerMethod.invokeForRequest(InvocableHandlerMethod.java:150)
	at org.springframework.web.servlet.mvc.method.annotation.ServletInvocableHandlerMethod.invokeAndHandle(ServletInvocableHandlerMethod.java:117)
	at org.springframework.web.servlet.mvc.method.annotation.RequestMappingHandlerAdapter.invokeHandlerMethod(RequestMappingHandlerAdapter.java:895)
	at org.springframework.web.servlet.mvc.method.annotation.RequestMappingHandlerAdapter.handleInternal(RequestMappingHandlerAdapter.java:808)
	at org.springframework.web.servlet.mvc.method.AbstractHandlerMethodAdapter.handle(AbstractHandlerMethodAdapter.java:87)
	at org.springframework.web.servlet.DispatcherServlet.doDispatch(DispatcherServlet.java:1072)
	at org.springframework.web.servlet.DispatcherServlet.doService(DispatcherServlet.java:965)
	at org.springframework.web.servlet.FrameworkServlet.processRequest(FrameworkServlet.java:1006)
	at org.springframework.web.servlet.FrameworkServlet.doGet(FrameworkServlet.java:898)
	at javax.servlet.http.HttpServlet.service(HttpServlet.java:529)
	at org.springframework.web.servlet.FrameworkServlet.service(FrameworkServlet.java:883)
	at javax.servlet.http.HttpServlet.service(HttpServlet.java:623)
	at org.apache.catalina.core.ApplicationFilterChain.internalDoFilter(ApplicationFilterChain.java:209)
	at org.apache.catalina.core.ApplicationFilterChain.doFilter(ApplicationFilterChain.java:153)
	at org.apache.tomcat.websocket.server.WsFilter.doFilter(WsFilter.java:51)
	at org.apache.catalina.core.ApplicationFilterChain.internalDoFilter(ApplicationFilterChain.java:178)
	at org.apache.catalina.core.ApplicationFilterChain.doFilter(ApplicationFilterChain.java:153)
	at org.springframework.web.filter.CorsFilter.doFilterInternal(CorsFilter.java:91)
	at org.springframework.web.filter.OncePerRequestFilter.doFilter(OncePerRequestFilter.java:117)
	at org.apache.catalina.core.ApplicationFilterChain.internalDoFilter(ApplicationFilterChain.java:178)
	at org.apache.catalina.core.ApplicationFilterChain.doFilter(ApplicationFilterChain.java:153)
	at org.springframework.web.filter.RequestContextFilter.doFilterInternal(RequestContextFilter.java:100)
	at org.springframework.web.filter.OncePerRequestFilter.doFilter(OncePerRequestFilter.java:117)
	at org.apache.catalina.core.ApplicationFilterChain.internalDoFilter(ApplicationFilterChain.java:178)
	at org.apache.catalina.core.ApplicationFilterChain.doFilter(ApplicationFilterChain.java:153)
	at org.springframework.web.filter.FormContentFilter.doFilterInternal(FormContentFilter.java:93)
	at org.springframework.web.filter.OncePerRequestFilter.doFilter(OncePerRequestFilter.java:117)
	at org.apache.catalina.core.ApplicationFilterChain.internalDoFilter(ApplicationFilterChain.java:178)
	at org.apache.catalina.core.ApplicationFilterChain.doFilter(ApplicationFilterChain.java:153)
	at org.springframework.web.filter.CharacterEncodingFilter.doFilterInternal(CharacterEncodingFilter.java:201)
	at org.springframework.web.filter.OncePerRequestFilter.doFilter(OncePerRequestFilter.java:117)
	at org.apache.catalina.core.ApplicationFilterChain.internalDoFilter(ApplicationFilterChain.java:178)
	at org.apache.catalina.core.ApplicationFilterChain.doFilter(ApplicationFilterChain.java:153)
	at org.apache.catalina.core.StandardWrapperValve.invoke(StandardWrapperValve.java:168)
	at org.apache.catalina.core.StandardContextValve.invoke(StandardContextValve.java:90)
	at org.apache.catalina.authenticator.AuthenticatorBase.invoke(AuthenticatorBase.java:481)
	at org.apache.catalina.core.StandardHostValve.invoke(StandardHostValve.java:130)
	at org.apache.catalina.valves.ErrorReportValve.invoke(ErrorReportValve.java:93)
	at org.apache.catalina.core.StandardEngineValve.invoke(StandardEngineValve.java:74)
	at org.apache.catalina.connector.CoyoteAdapter.service(CoyoteAdapter.java:342)
	at org.apache.coyote.http11.Http11Processor.service(Http11Processor.java:390)
	at org.apache.coyote.AbstractProcessorLight.process(AbstractProcessorLight.java:63)
	at org.apache.coyote.AbstractProtocol$ConnectionHandler.process(AbstractProtocol.java:928)
	at org.apache.tomcat.util.net.NioEndpoint$SocketProcessor.doRun(NioEndpoint.java:1794)
	at org.apache.tomcat.util.net.SocketProcessorBase.run(SocketProcessorBase.java:52)
	at org.apache.tomcat.util.threads.ThreadPoolExecutor.runWorker(ThreadPoolExecutor.java:1191)
	at org.apache.tomcat.util.threads.ThreadPoolExecutor$Worker.run(ThreadPoolExecutor.java:659)
	at org.apache.tomcat.util.threads.TaskThread$WrappingRunnable.run(TaskThread.java:61)
	at java.base/java.lang.Thread.run(Thread.java:834)
Caused by: org.springframework.core.serializer.support.SerializationFailedException: Failed to serialize object using DefaultSerializer; nested exception is java.lang.IllegalArgumentException: DefaultSerializer requires a Serializable payload but received an object of type [com.accounting.dto.DashboardDTO]
	at org.springframework.core.serializer.support.SerializingConverter.convert(SerializingConverter.java:64)
	at org.springframework.core.serializer.support.SerializingConverter.convert(SerializingConverter.java:33)
	at org.springframework.data.redis.serializer.JdkSerializationRedisSerializer.serialize(JdkSerializationRedisSerializer.java:94)
	... 68 common frames omitted
Caused by: java.lang.IllegalArgumentException: DefaultSerializer requires a Serializable payload but received an object of type [com.accounting.dto.DashboardDTO]
	at org.springframework.core.serializer.DefaultSerializer.serialize(DefaultSerializer.java:43)
	at org.springframework.core.serializer.Serializer.serializeToByteArray(Serializer.java:56)
	at org.springframework.core.serializer.support.SerializingConverter.convert(SerializingConverter.java:60)
	... 70 common frames omitted
2026-05-26 14:21:41 [main] INFO  com.accounting.AccountingApplication - Starting AccountingApplication using Java 11 on MSI with PID 17344 (D:\Aijava\javaproject\260509\solocodeJava\v70\appsysjava70\backend\target\classes started by 20807 in D:\Aijava\javaproject\260509\solocodeJava\v70\appsysjava70\backend)
2026-05-26 14:21:41 [main] DEBUG com.accounting.AccountingApplication - Running with Spring Boot v2.7.18, Spring v5.3.31
2026-05-26 14:21:41 [main] INFO  com.accounting.AccountingApplication - No active profile set, falling back to 1 default profile: "default"
2026-05-26 14:21:42 [main] INFO  o.s.d.r.c.RepositoryConfigurationDelegate - Multiple Spring Data modules found, entering strict repository configuration mode
2026-05-26 14:21:42 [main] INFO  o.s.d.r.c.RepositoryConfigurationDelegate - Bootstrapping Spring Data JPA repositories in DEFAULT mode.
2026-05-26 14:21:42 [main] INFO  o.s.d.r.c.RepositoryConfigurationDelegate - Finished Spring Data repository scanning in 57 ms. Found 5 JPA repository interfaces.
2026-05-26 14:21:42 [main] INFO  o.s.d.r.c.RepositoryConfigurationDelegate - Multiple Spring Data modules found, entering strict repository configuration mode
2026-05-26 14:21:42 [main] INFO  o.s.d.r.c.RepositoryConfigurationDelegate - Bootstrapping Spring Data Redis repositories in DEFAULT mode.
2026-05-26 14:21:42 [main] INFO  o.s.d.r.c.RepositoryConfigurationExtensionSupport - Spring Data Redis - Could not safely identify store assignment for repository candidate interface com.accounting.repository.AccountRepository; If you want this repository to be a Redis repository, consider annotating your entities with one of these annotations: org.springframework.data.redis.core.RedisHash (preferred), or consider extending one of the following types with your repository: org.springframework.data.keyvalue.repository.KeyValueRepository
2026-05-26 14:21:42 [main] INFO  o.s.d.r.c.RepositoryConfigurationExtensionSupport - Spring Data Redis - Could not safely identify store assignment for repository candidate interface com.accounting.repository.BillRepository; If you want this repository to be a Redis repository, consider annotating your entities with one of these annotations: org.springframework.data.redis.core.RedisHash (preferred), or consider extending one of the following types with your repository: org.springframework.data.keyvalue.repository.KeyValueRepository
2026-05-26 14:21:42 [main] INFO  o.s.d.r.c.RepositoryConfigurationExtensionSupport - Spring Data Redis - Could not safely identify store assignment for repository candidate interface com.accounting.repository.BillTemplateRepository; If you want this repository to be a Redis repository, consider annotating your entities with one of these annotations: org.springframework.data.redis.core.RedisHash (preferred), or consider extending one of the following types with your repository: org.springframework.data.keyvalue.repository.KeyValueRepository
2026-05-26 14:21:42 [main] INFO  o.s.d.r.c.RepositoryConfigurationExtensionSupport - Spring Data Redis - Could not safely identify store assignment for repository candidate interface com.accounting.repository.BudgetRepository; If you want this repository to be a Redis repository, consider annotating your entities with one of these annotations: org.springframework.data.redis.core.RedisHash (preferred), or consider extending one of the following types with your repository: org.springframework.data.keyvalue.repository.KeyValueRepository
2026-05-26 14:21:42 [main] INFO  o.s.d.r.c.RepositoryConfigurationExtensionSupport - Spring Data Redis - Could not safely identify store assignment for repository candidate interface com.accounting.repository.CategoryRepository; If you want this repository to be a Redis repository, consider annotating your entities with one of these annotations: org.springframework.data.redis.core.RedisHash (preferred), or consider extending one of the following types with your repository: org.springframework.data.keyvalue.repository.KeyValueRepository
2026-05-26 14:21:42 [main] INFO  o.s.d.r.c.RepositoryConfigurationDelegate - Finished Spring Data repository scanning in 9 ms. Found 0 Redis repository interfaces.
2026-05-26 14:21:43 [main] INFO  o.s.b.w.e.tomcat.TomcatWebServer - Tomcat initialized with port(s): 8080 (http)
2026-05-26 14:21:43 [main] INFO  o.a.catalina.core.StandardService - Starting service [Tomcat]
2026-05-26 14:21:43 [main] INFO  o.a.catalina.core.StandardEngine - Starting Servlet engine: [Apache Tomcat/9.0.83]
2026-05-26 14:21:43 [main] INFO  o.a.c.c.C.[.[localhost].[/api] - Initializing Spring embedded WebApplicationContext
2026-05-26 14:21:43 [main] INFO  o.s.b.w.s.c.ServletWebServerApplicationContext - Root WebApplicationContext: initialization completed in 1132 ms
2026-05-26 14:21:43 [main] INFO  com.zaxxer.hikari.HikariDataSource - HikariPool-1 - Starting...
2026-05-26 14:21:43 [main] INFO  com.zaxxer.hikari.HikariDataSource - HikariPool-1 - Start completed.
2026-05-26 14:21:43 [main] INFO  o.s.b.a.h.H2ConsoleAutoConfiguration - H2 console available at '/h2-console'. Database available at 'jdbc:h2:mem:accountingdb'
2026-05-26 14:21:43 [main] INFO  o.h.jpa.internal.util.LogHelper - HHH000204: Processing PersistenceUnitInfo [name: default]
2026-05-26 14:21:43 [main] INFO  org.hibernate.Version - HHH000412: Hibernate ORM core version 5.6.15.Final
2026-05-26 14:21:43 [main] INFO  o.h.annotations.common.Version - HCANN000001: Hibernate Commons Annotations {5.1.2.Final}
2026-05-26 14:21:43 [main] INFO  org.hibernate.dialect.Dialect - HHH000400: Using dialect: org.hibernate.dialect.H2Dialect
2026-05-26 14:21:44 [main] INFO  o.h.e.t.j.p.i.JtaPlatformInitiator - HHH000490: Using JtaPlatform implementation: [org.hibernate.engine.transaction.jta.platform.internal.NoJtaPlatform]
2026-05-26 14:21:44 [main] INFO  o.s.o.j.LocalContainerEntityManagerFactoryBean - Initialized JPA EntityManagerFactory for persistence unit 'default'
2026-05-26 14:21:44 [main] WARN  o.s.b.a.o.j.JpaBaseConfiguration$JpaWebConfiguration - spring.jpa.open-in-view is enabled by default. Therefore, database queries may be performed during view rendering. Explicitly configure spring.jpa.open-in-view to disable this warning
2026-05-26 14:21:45 [main] INFO  o.s.b.w.e.tomcat.TomcatWebServer - Tomcat started on port(s): 8080 (http) with context path '/api'
2026-05-26 14:21:45 [main] INFO  com.accounting.AccountingApplication - Started AccountingApplication in 3.884 seconds (JVM running for 4.889)
2026-05-26 14:21:45 [main] INFO  c.accounting.config.DataInitializer - 初始化分类数据...
2026-05-26 14:21:45 [main] INFO  c.accounting.config.DataInitializer - 分类数据初始化完成，共13条
2026-05-26 14:21:45 [main] INFO  c.accounting.config.DataInitializer - 初始化账户数据...
2026-05-26 14:21:45 [main] INFO  c.accounting.config.DataInitializer - 账户数据初始化完成，共4条
2026-05-26 14:21:45 [main] INFO  c.accounting.config.DataInitializer - 初始化预算数据...
2026-05-26 14:21:45 [main] INFO  c.accounting.config.DataInitializer - 预算数据初始化完成
2026-05-26 14:21:49 [http-nio-8080-exec-1] INFO  o.a.c.c.C.[.[localhost].[/api] - Initializing Spring DispatcherServlet 'dispatcherServlet'
2026-05-26 14:21:49 [http-nio-8080-exec-1] INFO  o.s.web.servlet.DispatcherServlet - Initializing Servlet 'dispatcherServlet'
2026-05-26 14:21:49 [http-nio-8080-exec-1] INFO  o.s.web.servlet.DispatcherServlet - Completed initialization in 1 ms
2026-05-26 14:21:49 [http-nio-8080-exec-1] INFO  c.a.controller.DashboardController - API: 获取看板数据
2026-05-26 14:21:49 [http-nio-8080-exec-4] INFO  c.a.controller.BillController - API: 获取最近30天的账单
2026-05-26 14:21:49 [http-nio-8080-exec-3] INFO  c.a.controller.CategoryController - API: 按类型获取分类: EXPENSE
2026-05-26 14:21:49 [http-nio-8080-exec-4] INFO  com.accounting.service.BillService - 获取最近30天的账单
2026-05-26 14:21:49 [http-nio-8080-exec-1] INFO  c.a.service.DashboardService - 获取看板数据
2026-05-26 14:21:49 [http-nio-8080-exec-3] INFO  c.accounting.service.CategoryService - 获取支出分类列表
2026-05-26 14:21:49 [http-nio-8080-exec-1] INFO  com.accounting.service.BudgetService - 获取当前生效的预算列表
2026-05-26 14:21:49 [http-nio-8080-exec-4] DEBUG com.accounting.service.BillService - 从Redis缓存获取最近30天账单
2026-05-26 14:21:49 [http-nio-8080-exec-1] INFO  com.accounting.service.BudgetService - 计算预算使用情况: 1
2026-05-26 14:21:49 [http-nio-8080-exec-3] ERROR c.a.exception.GlobalExceptionHandler - 系统异常: 
org.springframework.data.redis.serializer.SerializationException: Cannot serialize; nested exception is org.springframework.core.serializer.support.SerializationFailedException: Failed to serialize object using DefaultSerializer; nested exception is java.io.NotSerializableException: com.accounting.entity.Category
	at org.springframework.data.redis.serializer.JdkSerializationRedisSerializer.serialize(JdkSerializationRedisSerializer.java:96)
	at org.springframework.data.redis.serializer.DefaultRedisElementWriter.write(DefaultRedisElementWriter.java:44)
	at org.springframework.data.redis.serializer.RedisSerializationContext$SerializationPair.write(RedisSerializationContext.java:290)
	at org.springframework.data.redis.cache.RedisCache.serializeCacheValue(RedisCache.java:285)
	at org.springframework.data.redis.cache.RedisCache.put(RedisCache.java:171)
	at org.springframework.cache.interceptor.AbstractCacheInvoker.doPut(AbstractCacheInvoker.java:87)
	at org.springframework.cache.interceptor.CacheAspectSupport$CachePutRequest.apply(CacheAspectSupport.java:837)
	at org.springframework.cache.interceptor.CacheAspectSupport.execute(CacheAspectSupport.java:429)
	at org.springframework.cache.interceptor.CacheAspectSupport.execute(CacheAspectSupport.java:345)
	at org.springframework.cache.interceptor.CacheInterceptor.invoke(CacheInterceptor.java:64)
	at org.springframework.aop.framework.ReflectiveMethodInvocation.proceed(ReflectiveMethodInvocation.java:186)
	at org.springframework.aop.framework.CglibAopProxy$CglibMethodInvocation.proceed(CglibAopProxy.java:762)
	at org.springframework.aop.framework.CglibAopProxy$DynamicAdvisedInterceptor.intercept(CglibAopProxy.java:707)
	at com.accounting.service.CategoryService$$EnhancerBySpringCGLIB$$fc63dcf4.getCategoriesByType(<generated>)
	at com.accounting.controller.CategoryController.getCategoriesByType(CategoryController.java:38)
	at java.base/jdk.internal.reflect.NativeMethodAccessorImpl.invoke0(Native Method)
	at java.base/jdk.internal.reflect.NativeMethodAccessorImpl.invoke(NativeMethodAccessorImpl.java:62)
	at java.base/jdk.internal.reflect.DelegatingMethodAccessorImpl.invoke(DelegatingMethodAccessorImpl.java:43)
	at java.base/java.lang.reflect.Method.invoke(Method.java:566)
	at org.springframework.web.method.support.InvocableHandlerMethod.doInvoke(InvocableHandlerMethod.java:205)
	at org.springframework.web.method.support.InvocableHandlerMethod.invokeForRequest(InvocableHandlerMethod.java:150)
	at org.springframework.web.servlet.mvc.method.annotation.ServletInvocableHandlerMethod.invokeAndHandle(ServletInvocableHandlerMethod.java:117)
	at org.springframework.web.servlet.mvc.method.annotation.RequestMappingHandlerAdapter.invokeHandlerMethod(RequestMappingHandlerAdapter.java:895)
	at org.springframework.web.servlet.mvc.method.annotation.RequestMappingHandlerAdapter.handleInternal(RequestMappingHandlerAdapter.java:808)
	at org.springframework.web.servlet.mvc.method.AbstractHandlerMethodAdapter.handle(AbstractHandlerMethodAdapter.java:87)
	at org.springframework.web.servlet.DispatcherServlet.doDispatch(DispatcherServlet.java:1072)
	at org.springframework.web.servlet.DispatcherServlet.doService(DispatcherServlet.java:965)
	at org.springframework.web.servlet.FrameworkServlet.processRequest(FrameworkServlet.java:1006)
	at org.springframework.web.servlet.FrameworkServlet.doGet(FrameworkServlet.java:898)
	at javax.servlet.http.HttpServlet.service(HttpServlet.java:529)
	at org.springframework.web.servlet.FrameworkServlet.service(FrameworkServlet.java:883)
	at javax.servlet.http.HttpServlet.service(HttpServlet.java:623)
	at org.apache.catalina.core.ApplicationFilterChain.internalDoFilter(ApplicationFilterChain.java:209)
	at org.apache.catalina.core.ApplicationFilterChain.doFilter(ApplicationFilterChain.java:153)
	at org.apache.tomcat.websocket.server.WsFilter.doFilter(WsFilter.java:51)
	at org.apache.catalina.core.ApplicationFilterChain.internalDoFilter(ApplicationFilterChain.java:178)
	at org.apache.catalina.core.ApplicationFilterChain.doFilter(ApplicationFilterChain.java:153)
	at org.springframework.web.filter.CorsFilter.doFilterInternal(CorsFilter.java:91)
	at org.springframework.web.filter.OncePerRequestFilter.doFilter(OncePerRequestFilter.java:117)
	at org.apache.catalina.core.ApplicationFilterChain.internalDoFilter(ApplicationFilterChain.java:178)
	at org.apache.catalina.core.ApplicationFilterChain.doFilter(ApplicationFilterChain.java:153)
	at org.springframework.web.filter.RequestContextFilter.doFilterInternal(RequestContextFilter.java:100)
	at org.springframework.web.filter.OncePerRequestFilter.doFilter(OncePerRequestFilter.java:117)
	at org.apache.catalina.core.ApplicationFilterChain.internalDoFilter(ApplicationFilterChain.java:178)
	at org.apache.catalina.core.ApplicationFilterChain.doFilter(ApplicationFilterChain.java:153)
	at org.springframework.web.filter.FormContentFilter.doFilterInternal(FormContentFilter.java:93)
	at org.springframework.web.filter.OncePerRequestFilter.doFilter(OncePerRequestFilter.java:117)
	at org.apache.catalina.core.ApplicationFilterChain.internalDoFilter(ApplicationFilterChain.java:178)
	at org.apache.catalina.core.ApplicationFilterChain.doFilter(ApplicationFilterChain.java:153)
	at org.springframework.web.filter.CharacterEncodingFilter.doFilterInternal(CharacterEncodingFilter.java:201)
	at org.springframework.web.filter.OncePerRequestFilter.doFilter(OncePerRequestFilter.java:117)
	at org.apache.catalina.core.ApplicationFilterChain.internalDoFilter(ApplicationFilterChain.java:178)
	at org.apache.catalina.core.ApplicationFilterChain.doFilter(ApplicationFilterChain.java:153)
	at org.apache.catalina.core.StandardWrapperValve.invoke(StandardWrapperValve.java:168)
	at org.apache.catalina.core.StandardContextValve.invoke(StandardContextValve.java:90)
	at org.apache.catalina.authenticator.AuthenticatorBase.invoke(AuthenticatorBase.java:481)
	at org.apache.catalina.core.StandardHostValve.invoke(StandardHostValve.java:130)
	at org.apache.catalina.valves.ErrorReportValve.invoke(ErrorReportValve.java:93)
	at org.apache.catalina.core.StandardEngineValve.invoke(StandardEngineValve.java:74)
	at org.apache.catalina.connector.CoyoteAdapter.service(CoyoteAdapter.java:342)
	at org.apache.coyote.http11.Http11Processor.service(Http11Processor.java:390)
	at org.apache.coyote.AbstractProcessorLight.process(AbstractProcessorLight.java:63)
	at org.apache.coyote.AbstractProtocol$ConnectionHandler.process(AbstractProtocol.java:928)
	at org.apache.tomcat.util.net.NioEndpoint$SocketProcessor.doRun(NioEndpoint.java:1794)
	at org.apache.tomcat.util.net.SocketProcessorBase.run(SocketProcessorBase.java:52)
	at org.apache.tomcat.util.threads.ThreadPoolExecutor.runWorker(ThreadPoolExecutor.java:1191)
	at org.apache.tomcat.util.threads.ThreadPoolExecutor$Worker.run(ThreadPoolExecutor.java:659)
	at org.apache.tomcat.util.threads.TaskThread$WrappingRunnable.run(TaskThread.java:61)
	at java.base/java.lang.Thread.run(Thread.java:834)
Caused by: org.springframework.core.serializer.support.SerializationFailedException: Failed to serialize object using DefaultSerializer; nested exception is java.io.NotSerializableException: com.accounting.entity.Category
	at org.springframework.core.serializer.support.SerializingConverter.convert(SerializingConverter.java:64)
	at org.springframework.core.serializer.support.SerializingConverter.convert(SerializingConverter.java:33)
	at org.springframework.data.redis.serializer.JdkSerializationRedisSerializer.serialize(JdkSerializationRedisSerializer.java:94)
	... 68 common frames omitted
Caused by: java.io.NotSerializableException: com.accounting.entity.Category
	at java.base/java.io.ObjectOutputStream.writeObject0(ObjectOutputStream.java:1185)
	at java.base/java.io.ObjectOutputStream.writeObject(ObjectOutputStream.java:349)
	at java.base/java.util.ArrayList.writeObject(ArrayList.java:896)
	at java.base/jdk.internal.reflect.NativeMethodAccessorImpl.invoke0(Native Method)
	at java.base/jdk.internal.reflect.NativeMethodAccessorImpl.invoke(NativeMethodAccessorImpl.java:62)
	at java.base/jdk.internal.reflect.DelegatingMethodAccessorImpl.invoke(DelegatingMethodAccessorImpl.java:43)
	at java.base/java.lang.reflect.Method.invoke(Method.java:566)
	at java.base/java.io.ObjectStreamClass.invokeWriteObject(ObjectStreamClass.java:1130)
	at java.base/java.io.ObjectOutputStream.writeSerialData(ObjectOutputStream.java:1497)
	at java.base/java.io.ObjectOutputStream.writeOrdinaryObject(ObjectOutputStream.java:1433)
	at java.base/java.io.ObjectOutputStream.writeObject0(ObjectOutputStream.java:1179)
	at java.base/java.io.ObjectOutputStream.writeObject(ObjectOutputStream.java:349)
	at org.springframework.core.serializer.DefaultSerializer.serialize(DefaultSerializer.java:46)
	at org.springframework.core.serializer.Serializer.serializeToByteArray(Serializer.java:56)
	at org.springframework.core.serializer.support.SerializingConverter.convert(SerializingConverter.java:60)
	... 70 common frames omitted
2026-05-26 14:21:49 [http-nio-8080-exec-1] INFO  com.accounting.service.BudgetService - 根据ID获取预算: 1
2026-05-26 14:21:49 [http-nio-8080-exec-1] INFO  com.accounting.service.BudgetService - 计算预算使用情况: 1
2026-05-26 14:21:49 [http-nio-8080-exec-1] INFO  com.accounting.service.BudgetService - 根据ID获取预算: 1
2026-05-26 14:21:49 [http-nio-8080-exec-1] INFO  c.a.service.DashboardService - 检查异常消费: 月均支出=0.00
2026-05-26 14:21:49 [http-nio-8080-exec-1] ERROR c.a.exception.GlobalExceptionHandler - 系统异常: 
org.springframework.data.redis.serializer.SerializationException: Cannot serialize; nested exception is org.springframework.core.serializer.support.SerializationFailedException: Failed to serialize object using DefaultSerializer; nested exception is java.lang.IllegalArgumentException: DefaultSerializer requires a Serializable payload but received an object of type [com.accounting.dto.DashboardDTO]
	at org.springframework.data.redis.serializer.JdkSerializationRedisSerializer.serialize(JdkSerializationRedisSerializer.java:96)
	at org.springframework.data.redis.serializer.DefaultRedisElementWriter.write(DefaultRedisElementWriter.java:44)
	at org.springframework.data.redis.serializer.RedisSerializationContext$SerializationPair.write(RedisSerializationContext.java:290)
	at org.springframework.data.redis.cache.RedisCache.serializeCacheValue(RedisCache.java:285)
	at org.springframework.data.redis.cache.RedisCache.put(RedisCache.java:171)
	at org.springframework.cache.interceptor.AbstractCacheInvoker.doPut(AbstractCacheInvoker.java:87)
	at org.springframework.cache.interceptor.CacheAspectSupport$CachePutRequest.apply(CacheAspectSupport.java:837)
	at org.springframework.cache.interceptor.CacheAspectSupport.execute(CacheAspectSupport.java:429)
	at org.springframework.cache.interceptor.CacheAspectSupport.execute(CacheAspectSupport.java:345)
	at org.springframework.cache.interceptor.CacheInterceptor.invoke(CacheInterceptor.java:64)
	at org.springframework.aop.framework.ReflectiveMethodInvocation.proceed(ReflectiveMethodInvocation.java:186)
	at org.springframework.aop.framework.CglibAopProxy$CglibMethodInvocation.proceed(CglibAopProxy.java:762)
	at org.springframework.aop.framework.CglibAopProxy$DynamicAdvisedInterceptor.intercept(CglibAopProxy.java:707)
	at com.accounting.service.DashboardService$$EnhancerBySpringCGLIB$$cb815804.getDashboardData(<generated>)
	at com.accounting.controller.DashboardController.getDashboardData(DashboardController.java:27)
	at java.base/jdk.internal.reflect.NativeMethodAccessorImpl.invoke0(Native Method)
	at java.base/jdk.internal.reflect.NativeMethodAccessorImpl.invoke(NativeMethodAccessorImpl.java:62)
	at java.base/jdk.internal.reflect.DelegatingMethodAccessorImpl.invoke(DelegatingMethodAccessorImpl.java:43)
	at java.base/java.lang.reflect.Method.invoke(Method.java:566)
	at org.springframework.web.method.support.InvocableHandlerMethod.doInvoke(InvocableHandlerMethod.java:205)
	at org.springframework.web.method.support.InvocableHandlerMethod.invokeForRequest(InvocableHandlerMethod.java:150)
	at org.springframework.web.servlet.mvc.method.annotation.ServletInvocableHandlerMethod.invokeAndHandle(ServletInvocableHandlerMethod.java:117)
	at org.springframework.web.servlet.mvc.method.annotation.RequestMappingHandlerAdapter.invokeHandlerMethod(RequestMappingHandlerAdapter.java:895)
	at org.springframework.web.servlet.mvc.method.annotation.RequestMappingHandlerAdapter.handleInternal(RequestMappingHandlerAdapter.java:808)
	at org.springframework.web.servlet.mvc.method.AbstractHandlerMethodAdapter.handle(AbstractHandlerMethodAdapter.java:87)
	at org.springframework.web.servlet.DispatcherServlet.doDispatch(DispatcherServlet.java:1072)
	at org.springframework.web.servlet.DispatcherServlet.doService(DispatcherServlet.java:965)
	at org.springframework.web.servlet.FrameworkServlet.processRequest(FrameworkServlet.java:1006)
	at org.springframework.web.servlet.FrameworkServlet.doGet(FrameworkServlet.java:898)
	at javax.servlet.http.HttpServlet.service(HttpServlet.java:529)
	at org.springframework.web.servlet.FrameworkServlet.service(FrameworkServlet.java:883)
	at javax.servlet.http.HttpServlet.service(HttpServlet.java:623)
	at org.apache.catalina.core.ApplicationFilterChain.internalDoFilter(ApplicationFilterChain.java:209)
	at org.apache.catalina.core.ApplicationFilterChain.doFilter(ApplicationFilterChain.java:153)
	at org.apache.tomcat.websocket.server.WsFilter.doFilter(WsFilter.java:51)
	at org.apache.catalina.core.ApplicationFilterChain.internalDoFilter(ApplicationFilterChain.java:178)
	at org.apache.catalina.core.ApplicationFilterChain.doFilter(ApplicationFilterChain.java:153)
	at org.springframework.web.filter.CorsFilter.doFilterInternal(CorsFilter.java:91)
	at org.springframework.web.filter.OncePerRequestFilter.doFilter(OncePerRequestFilter.java:117)
	at org.apache.catalina.core.ApplicationFilterChain.internalDoFilter(ApplicationFilterChain.java:178)
	at org.apache.catalina.core.ApplicationFilterChain.doFilter(ApplicationFilterChain.java:153)
	at org.springframework.web.filter.RequestContextFilter.doFilterInternal(RequestContextFilter.java:100)
	at org.springframework.web.filter.OncePerRequestFilter.doFilter(OncePerRequestFilter.java:117)
	at org.apache.catalina.core.ApplicationFilterChain.internalDoFilter(ApplicationFilterChain.java:178)
	at org.apache.catalina.core.ApplicationFilterChain.doFilter(ApplicationFilterChain.java:153)
	at org.springframework.web.filter.FormContentFilter.doFilterInternal(FormContentFilter.java:93)
	at org.springframework.web.filter.OncePerRequestFilter.doFilter(OncePerRequestFilter.java:117)
	at org.apache.catalina.core.ApplicationFilterChain.internalDoFilter(ApplicationFilterChain.java:178)
	at org.apache.catalina.core.ApplicationFilterChain.doFilter(ApplicationFilterChain.java:153)
	at org.springframework.web.filter.CharacterEncodingFilter.doFilterInternal(CharacterEncodingFilter.java:201)
	at org.springframework.web.filter.OncePerRequestFilter.doFilter(OncePerRequestFilter.java:117)
	at org.apache.catalina.core.ApplicationFilterChain.internalDoFilter(ApplicationFilterChain.java:178)
	at org.apache.catalina.core.ApplicationFilterChain.doFilter(ApplicationFilterChain.java:153)
	at org.apache.catalina.core.StandardWrapperValve.invoke(StandardWrapperValve.java:168)
	at org.apache.catalina.core.StandardContextValve.invoke(StandardContextValve.java:90)
	at org.apache.catalina.authenticator.AuthenticatorBase.invoke(AuthenticatorBase.java:481)
	at org.apache.catalina.core.StandardHostValve.invoke(StandardHostValve.java:130)
	at org.apache.catalina.valves.ErrorReportValve.invoke(ErrorReportValve.java:93)
	at org.apache.catalina.core.StandardEngineValve.invoke(StandardEngineValve.java:74)
	at org.apache.catalina.connector.CoyoteAdapter.service(CoyoteAdapter.java:342)
	at org.apache.coyote.http11.Http11Processor.service(Http11Processor.java:390)
	at org.apache.coyote.AbstractProcessorLight.process(AbstractProcessorLight.java:63)
	at org.apache.coyote.AbstractProtocol$ConnectionHandler.process(AbstractProtocol.java:928)
	at org.apache.tomcat.util.net.NioEndpoint$SocketProcessor.doRun(NioEndpoint.java:1794)
	at org.apache.tomcat.util.net.SocketProcessorBase.run(SocketProcessorBase.java:52)
	at org.apache.tomcat.util.threads.ThreadPoolExecutor.runWorker(ThreadPoolExecutor.java:1191)
	at org.apache.tomcat.util.threads.ThreadPoolExecutor$Worker.run(ThreadPoolExecutor.java:659)
	at org.apache.tomcat.util.threads.TaskThread$WrappingRunnable.run(TaskThread.java:61)
	at java.base/java.lang.Thread.run(Thread.java:834)
Caused by: org.springframework.core.serializer.support.SerializationFailedException: Failed to serialize object using DefaultSerializer; nested exception is java.lang.IllegalArgumentException: DefaultSerializer requires a Serializable payload but received an object of type [com.accounting.dto.DashboardDTO]
	at org.springframework.core.serializer.support.SerializingConverter.convert(SerializingConverter.java:64)
	at org.springframework.core.serializer.support.SerializingConverter.convert(SerializingConverter.java:33)
	at org.springframework.data.redis.serializer.JdkSerializationRedisSerializer.serialize(JdkSerializationRedisSerializer.java:94)
	... 68 common frames omitted
Caused by: java.lang.IllegalArgumentException: DefaultSerializer requires a Serializable payload but received an object of type [com.accounting.dto.DashboardDTO]
	at org.springframework.core.serializer.DefaultSerializer.serialize(DefaultSerializer.java:43)
	at org.springframework.core.serializer.Serializer.serializeToByteArray(Serializer.java:56)
	at org.springframework.core.serializer.support.SerializingConverter.convert(SerializingConverter.java:60)
	... 70 common frames omitted
2026-05-26 14:21:52 [http-nio-8080-exec-2] INFO  c.a.controller.CategoryController - API: 获取全部分类
2026-05-26 14:21:52 [http-nio-8080-exec-5] INFO  c.a.controller.AccountController - API: 获取全部账户
2026-05-26 14:21:52 [http-nio-8080-exec-2] INFO  c.accounting.service.CategoryService - 获取全部分类列表
2026-05-26 14:21:52 [http-nio-8080-exec-5] INFO  c.accounting.service.AccountService - 获取全部账户列表
2026-05-26 14:21:52 [http-nio-8080-exec-5] ERROR c.a.exception.GlobalExceptionHandler - 系统异常: 
org.springframework.data.redis.serializer.SerializationException: Cannot serialize; nested exception is org.springframework.core.serializer.support.SerializationFailedException: Failed to serialize object using DefaultSerializer; nested exception is java.io.NotSerializableException: com.accounting.entity.Account
	at org.springframework.data.redis.serializer.JdkSerializationRedisSerializer.serialize(JdkSerializationRedisSerializer.java:96)
	at org.springframework.data.redis.serializer.DefaultRedisElementWriter.write(DefaultRedisElementWriter.java:44)
	at org.springframework.data.redis.serializer.RedisSerializationContext$SerializationPair.write(RedisSerializationContext.java:290)
	at org.springframework.data.redis.cache.RedisCache.serializeCacheValue(RedisCache.java:285)
	at org.springframework.data.redis.cache.RedisCache.put(RedisCache.java:171)
	at org.springframework.cache.interceptor.AbstractCacheInvoker.doPut(AbstractCacheInvoker.java:87)
	at org.springframework.cache.interceptor.CacheAspectSupport$CachePutRequest.apply(CacheAspectSupport.java:837)
	at org.springframework.cache.interceptor.CacheAspectSupport.execute(CacheAspectSupport.java:429)
	at org.springframework.cache.interceptor.CacheAspectSupport.execute(CacheAspectSupport.java:345)
	at org.springframework.cache.interceptor.CacheInterceptor.invoke(CacheInterceptor.java:64)
	at org.springframework.aop.framework.ReflectiveMethodInvocation.proceed(ReflectiveMethodInvocation.java:186)
	at org.springframework.aop.framework.CglibAopProxy$CglibMethodInvocation.proceed(CglibAopProxy.java:762)
	at org.springframework.aop.framework.CglibAopProxy$DynamicAdvisedInterceptor.intercept(CglibAopProxy.java:707)
	at com.accounting.service.AccountService$$EnhancerBySpringCGLIB$$7937e465.getAllAccounts(<generated>)
	at com.accounting.controller.AccountController.getAllAccounts(AccountController.java:29)
	at java.base/jdk.internal.reflect.NativeMethodAccessorImpl.invoke0(Native Method)
	at java.base/jdk.internal.reflect.NativeMethodAccessorImpl.invoke(NativeMethodAccessorImpl.java:62)
	at java.base/jdk.internal.reflect.DelegatingMethodAccessorImpl.invoke(DelegatingMethodAccessorImpl.java:43)
	at java.base/java.lang.reflect.Method.invoke(Method.java:566)
	at org.springframework.web.method.support.InvocableHandlerMethod.doInvoke(InvocableHandlerMethod.java:205)
	at org.springframework.web.method.support.InvocableHandlerMethod.invokeForRequest(InvocableHandlerMethod.java:150)
	at org.springframework.web.servlet.mvc.method.annotation.ServletInvocableHandlerMethod.invokeAndHandle(ServletInvocableHandlerMethod.java:117)
	at org.springframework.web.servlet.mvc.method.annotation.RequestMappingHandlerAdapter.invokeHandlerMethod(RequestMappingHandlerAdapter.java:895)
	at org.springframework.web.servlet.mvc.method.annotation.RequestMappingHandlerAdapter.handleInternal(RequestMappingHandlerAdapter.java:808)
	at org.springframework.web.servlet.mvc.method.AbstractHandlerMethodAdapter.handle(AbstractHandlerMethodAdapter.java:87)
	at org.springframework.web.servlet.DispatcherServlet.doDispatch(DispatcherServlet.java:1072)
	at org.springframework.web.servlet.DispatcherServlet.doService(DispatcherServlet.java:965)
	at org.springframework.web.servlet.FrameworkServlet.processRequest(FrameworkServlet.java:1006)
	at org.springframework.web.servlet.FrameworkServlet.doGet(FrameworkServlet.java:898)
	at javax.servlet.http.HttpServlet.service(HttpServlet.java:529)
	at org.springframework.web.servlet.FrameworkServlet.service(FrameworkServlet.java:883)
	at javax.servlet.http.HttpServlet.service(HttpServlet.java:623)
	at org.apache.catalina.core.ApplicationFilterChain.internalDoFilter(ApplicationFilterChain.java:209)
	at org.apache.catalina.core.ApplicationFilterChain.doFilter(ApplicationFilterChain.java:153)
	at org.apache.tomcat.websocket.server.WsFilter.doFilter(WsFilter.java:51)
	at org.apache.catalina.core.ApplicationFilterChain.internalDoFilter(ApplicationFilterChain.java:178)
	at org.apache.catalina.core.ApplicationFilterChain.doFilter(ApplicationFilterChain.java:153)
	at org.springframework.web.filter.CorsFilter.doFilterInternal(CorsFilter.java:91)
	at org.springframework.web.filter.OncePerRequestFilter.doFilter(OncePerRequestFilter.java:117)
	at org.apache.catalina.core.ApplicationFilterChain.internalDoFilter(ApplicationFilterChain.java:178)
	at org.apache.catalina.core.ApplicationFilterChain.doFilter(ApplicationFilterChain.java:153)
	at org.springframework.web.filter.RequestContextFilter.doFilterInternal(RequestContextFilter.java:100)
	at org.springframework.web.filter.OncePerRequestFilter.doFilter(OncePerRequestFilter.java:117)
	at org.apache.catalina.core.ApplicationFilterChain.internalDoFilter(ApplicationFilterChain.java:178)
	at org.apache.catalina.core.ApplicationFilterChain.doFilter(ApplicationFilterChain.java:153)
	at org.springframework.web.filter.FormContentFilter.doFilterInternal(FormContentFilter.java:93)
	at org.springframework.web.filter.OncePerRequestFilter.doFilter(OncePerRequestFilter.java:117)
	at org.apache.catalina.core.ApplicationFilterChain.internalDoFilter(ApplicationFilterChain.java:178)
	at org.apache.catalina.core.ApplicationFilterChain.doFilter(ApplicationFilterChain.java:153)
	at org.springframework.web.filter.CharacterEncodingFilter.doFilterInternal(CharacterEncodingFilter.java:201)
	at org.springframework.web.filter.OncePerRequestFilter.doFilter(OncePerRequestFilter.java:117)
	at org.apache.catalina.core.ApplicationFilterChain.internalDoFilter(ApplicationFilterChain.java:178)
	at org.apache.catalina.core.ApplicationFilterChain.doFilter(ApplicationFilterChain.java:153)
	at org.apache.catalina.core.StandardWrapperValve.invoke(StandardWrapperValve.java:168)
	at org.apache.catalina.core.StandardContextValve.invoke(StandardContextValve.java:90)
	at org.apache.catalina.authenticator.AuthenticatorBase.invoke(AuthenticatorBase.java:481)
	at org.apache.catalina.core.StandardHostValve.invoke(StandardHostValve.java:130)
	at org.apache.catalina.valves.ErrorReportValve.invoke(ErrorReportValve.java:93)
	at org.apache.catalina.core.StandardEngineValve.invoke(StandardEngineValve.java:74)
	at org.apache.catalina.connector.CoyoteAdapter.service(CoyoteAdapter.java:342)
	at org.apache.coyote.http11.Http11Processor.service(Http11Processor.java:390)
	at org.apache.coyote.AbstractProcessorLight.process(AbstractProcessorLight.java:63)
	at org.apache.coyote.AbstractProtocol$ConnectionHandler.process(AbstractProtocol.java:928)
	at org.apache.tomcat.util.net.NioEndpoint$SocketProcessor.doRun(NioEndpoint.java:1794)
	at org.apache.tomcat.util.net.SocketProcessorBase.run(SocketProcessorBase.java:52)
	at org.apache.tomcat.util.threads.ThreadPoolExecutor.runWorker(ThreadPoolExecutor.java:1191)
	at org.apache.tomcat.util.threads.ThreadPoolExecutor$Worker.run(ThreadPoolExecutor.java:659)
	at org.apache.tomcat.util.threads.TaskThread$WrappingRunnable.run(TaskThread.java:61)
	at java.base/java.lang.Thread.run(Thread.java:834)
Caused by: org.springframework.core.serializer.support.SerializationFailedException: Failed to serialize object using DefaultSerializer; nested exception is java.io.NotSerializableException: com.accounting.entity.Account
	at org.springframework.core.serializer.support.SerializingConverter.convert(SerializingConverter.java:64)
	at org.springframework.core.serializer.support.SerializingConverter.convert(SerializingConverter.java:33)
	at org.springframework.data.redis.serializer.JdkSerializationRedisSerializer.serialize(JdkSerializationRedisSerializer.java:94)
	... 68 common frames omitted
Caused by: java.io.NotSerializableException: com.accounting.entity.Account
	at java.base/java.io.ObjectOutputStream.writeObject0(ObjectOutputStream.java:1185)
	at java.base/java.io.ObjectOutputStream.writeObject(ObjectOutputStream.java:349)
	at java.base/java.util.ArrayList.writeObject(ArrayList.java:896)
	at java.base/jdk.internal.reflect.NativeMethodAccessorImpl.invoke0(Native Method)
	at java.base/jdk.internal.reflect.NativeMethodAccessorImpl.invoke(NativeMethodAccessorImpl.java:62)
	at java.base/jdk.internal.reflect.DelegatingMethodAccessorImpl.invoke(DelegatingMethodAccessorImpl.java:43)
	at java.base/java.lang.reflect.Method.invoke(Method.java:566)
	at java.base/java.io.ObjectStreamClass.invokeWriteObject(ObjectStreamClass.java:1130)
	at java.base/java.io.ObjectOutputStream.writeSerialData(ObjectOutputStream.java:1497)
	at java.base/java.io.ObjectOutputStream.writeOrdinaryObject(ObjectOutputStream.java:1433)
	at java.base/java.io.ObjectOutputStream.writeObject0(ObjectOutputStream.java:1179)
	at java.base/java.io.ObjectOutputStream.writeObject(ObjectOutputStream.java:349)
	at org.springframework.core.serializer.DefaultSerializer.serialize(DefaultSerializer.java:46)
	at org.springframework.core.serializer.Serializer.serializeToByteArray(Serializer.java:56)
	at org.springframework.core.serializer.support.SerializingConverter.convert(SerializingConverter.java:60)
	... 70 common frames omitted
2026-05-26 14:21:52 [http-nio-8080-exec-2] ERROR c.a.exception.GlobalExceptionHandler - 系统异常: 
org.springframework.data.redis.serializer.SerializationException: Cannot serialize; nested exception is org.springframework.core.serializer.support.SerializationFailedException: Failed to serialize object using DefaultSerializer; nested exception is java.io.NotSerializableException: com.accounting.entity.Category
	at org.springframework.data.redis.serializer.JdkSerializationRedisSerializer.serialize(JdkSerializationRedisSerializer.java:96)
	at org.springframework.data.redis.serializer.DefaultRedisElementWriter.write(DefaultRedisElementWriter.java:44)
	at org.springframework.data.redis.serializer.RedisSerializationContext$SerializationPair.write(RedisSerializationContext.java:290)
	at org.springframework.data.redis.cache.RedisCache.serializeCacheValue(RedisCache.java:285)
	at org.springframework.data.redis.cache.RedisCache.put(RedisCache.java:171)
	at org.springframework.cache.interceptor.AbstractCacheInvoker.doPut(AbstractCacheInvoker.java:87)
	at org.springframework.cache.interceptor.CacheAspectSupport$CachePutRequest.apply(CacheAspectSupport.java:837)
	at org.springframework.cache.interceptor.CacheAspectSupport.execute(CacheAspectSupport.java:429)
	at org.springframework.cache.interceptor.CacheAspectSupport.execute(CacheAspectSupport.java:345)
	at org.springframework.cache.interceptor.CacheInterceptor.invoke(CacheInterceptor.java:64)
	at org.springframework.aop.framework.ReflectiveMethodInvocation.proceed(ReflectiveMethodInvocation.java:186)
	at org.springframework.aop.framework.CglibAopProxy$CglibMethodInvocation.proceed(CglibAopProxy.java:762)
	at org.springframework.aop.framework.CglibAopProxy$DynamicAdvisedInterceptor.intercept(CglibAopProxy.java:707)
	at com.accounting.service.CategoryService$$EnhancerBySpringCGLIB$$fc63dcf4.getAllCategories(<generated>)
	at com.accounting.controller.CategoryController.getAllCategories(CategoryController.java:29)
	at java.base/jdk.internal.reflect.NativeMethodAccessorImpl.invoke0(Native Method)
	at java.base/jdk.internal.reflect.NativeMethodAccessorImpl.invoke(NativeMethodAccessorImpl.java:62)
	at java.base/jdk.internal.reflect.DelegatingMethodAccessorImpl.invoke(DelegatingMethodAccessorImpl.java:43)
	at java.base/java.lang.reflect.Method.invoke(Method.java:566)
	at org.springframework.web.method.support.InvocableHandlerMethod.doInvoke(InvocableHandlerMethod.java:205)
	at org.springframework.web.method.support.InvocableHandlerMethod.invokeForRequest(InvocableHandlerMethod.java:150)
	at org.springframework.web.servlet.mvc.method.annotation.ServletInvocableHandlerMethod.invokeAndHandle(ServletInvocableHandlerMethod.java:117)
	at org.springframework.web.servlet.mvc.method.annotation.RequestMappingHandlerAdapter.invokeHandlerMethod(RequestMappingHandlerAdapter.java:895)
	at org.springframework.web.servlet.mvc.method.annotation.RequestMappingHandlerAdapter.handleInternal(RequestMappingHandlerAdapter.java:808)
	at org.springframework.web.servlet.mvc.method.AbstractHandlerMethodAdapter.handle(AbstractHandlerMethodAdapter.java:87)
	at org.springframework.web.servlet.DispatcherServlet.doDispatch(DispatcherServlet.java:1072)
	at org.springframework.web.servlet.DispatcherServlet.doService(DispatcherServlet.java:965)
	at org.springframework.web.servlet.FrameworkServlet.processRequest(FrameworkServlet.java:1006)
	at org.springframework.web.servlet.FrameworkServlet.doGet(FrameworkServlet.java:898)
	at javax.servlet.http.HttpServlet.service(HttpServlet.java:529)
	at org.springframework.web.servlet.FrameworkServlet.service(FrameworkServlet.java:883)
	at javax.servlet.http.HttpServlet.service(HttpServlet.java:623)
	at org.apache.catalina.core.ApplicationFilterChain.internalDoFilter(ApplicationFilterChain.java:209)
	at org.apache.catalina.core.ApplicationFilterChain.doFilter(ApplicationFilterChain.java:153)
	at org.apache.tomcat.websocket.server.WsFilter.doFilter(WsFilter.java:51)
	at org.apache.catalina.core.ApplicationFilterChain.internalDoFilter(ApplicationFilterChain.java:178)
	at org.apache.catalina.core.ApplicationFilterChain.doFilter(ApplicationFilterChain.java:153)
	at org.springframework.web.filter.CorsFilter.doFilterInternal(CorsFilter.java:91)
	at org.springframework.web.filter.OncePerRequestFilter.doFilter(OncePerRequestFilter.java:117)
	at org.apache.catalina.core.ApplicationFilterChain.internalDoFilter(ApplicationFilterChain.java:178)
	at org.apache.catalina.core.ApplicationFilterChain.doFilter(ApplicationFilterChain.java:153)
	at org.springframework.web.filter.RequestContextFilter.doFilterInternal(RequestContextFilter.java:100)
	at org.springframework.web.filter.OncePerRequestFilter.doFilter(OncePerRequestFilter.java:117)
	at org.apache.catalina.core.ApplicationFilterChain.internalDoFilter(ApplicationFilterChain.java:178)
	at org.apache.catalina.core.ApplicationFilterChain.doFilter(ApplicationFilterChain.java:153)
	at org.springframework.web.filter.FormContentFilter.doFilterInternal(FormContentFilter.java:93)
	at org.springframework.web.filter.OncePerRequestFilter.doFilter(OncePerRequestFilter.java:117)
	at org.apache.catalina.core.ApplicationFilterChain.internalDoFilter(ApplicationFilterChain.java:178)
	at org.apache.catalina.core.ApplicationFilterChain.doFilter(ApplicationFilterChain.java:153)
	at org.springframework.web.filter.CharacterEncodingFilter.doFilterInternal(CharacterEncodingFilter.java:201)
	at org.springframework.web.filter.OncePerRequestFilter.doFilter(OncePerRequestFilter.java:117)
	at org.apache.catalina.core.ApplicationFilterChain.internalDoFilter(ApplicationFilterChain.java:178)
	at org.apache.catalina.core.ApplicationFilterChain.doFilter(ApplicationFilterChain.java:153)
	at org.apache.catalina.core.StandardWrapperValve.invoke(StandardWrapperValve.java:168)
	at org.apache.catalina.core.StandardContextValve.invoke(StandardContextValve.java:90)
	at org.apache.catalina.authenticator.AuthenticatorBase.invoke(AuthenticatorBase.java:481)
	at org.apache.catalina.core.StandardHostValve.invoke(StandardHostValve.java:130)
	at org.apache.catalina.valves.ErrorReportValve.invoke(ErrorReportValve.java:93)
	at org.apache.catalina.core.StandardEngineValve.invoke(StandardEngineValve.java:74)
	at org.apache.catalina.connector.CoyoteAdapter.service(CoyoteAdapter.java:342)
	at org.apache.coyote.http11.Http11Processor.service(Http11Processor.java:390)
	at org.apache.coyote.AbstractProcessorLight.process(AbstractProcessorLight.java:63)
	at org.apache.coyote.AbstractProtocol$ConnectionHandler.process(AbstractProtocol.java:928)
	at org.apache.tomcat.util.net.NioEndpoint$SocketProcessor.doRun(NioEndpoint.java:1794)
	at org.apache.tomcat.util.net.SocketProcessorBase.run(SocketProcessorBase.java:52)
	at org.apache.tomcat.util.threads.ThreadPoolExecutor.runWorker(ThreadPoolExecutor.java:1191)
	at org.apache.tomcat.util.threads.ThreadPoolExecutor$Worker.run(ThreadPoolExecutor.java:659)
	at org.apache.tomcat.util.threads.TaskThread$WrappingRunnable.run(TaskThread.java:61)
	at java.base/java.lang.Thread.run(Thread.java:834)
Caused by: org.springframework.core.serializer.support.SerializationFailedException: Failed to serialize object using DefaultSerializer; nested exception is java.io.NotSerializableException: com.accounting.entity.Category
	at org.springframework.core.serializer.support.SerializingConverter.convert(SerializingConverter.java:64)
	at org.springframework.core.serializer.support.SerializingConverter.convert(SerializingConverter.java:33)
	at org.springframework.data.redis.serializer.JdkSerializationRedisSerializer.serialize(JdkSerializationRedisSerializer.java:94)
	... 68 common frames omitted
Caused by: java.io.NotSerializableException: com.accounting.entity.Category
	at java.base/java.io.ObjectOutputStream.writeObject0(ObjectOutputStream.java:1185)
	at java.base/java.io.ObjectOutputStream.writeObject(ObjectOutputStream.java:349)
	at java.base/java.util.ArrayList.writeObject(ArrayList.java:896)
	at java.base/jdk.internal.reflect.NativeMethodAccessorImpl.invoke0(Native Method)
	at java.base/jdk.internal.reflect.NativeMethodAccessorImpl.invoke(NativeMethodAccessorImpl.java:62)
	at java.base/jdk.internal.reflect.DelegatingMethodAccessorImpl.invoke(DelegatingMethodAccessorImpl.java:43)
	at java.base/java.lang.reflect.Method.invoke(Method.java:566)
	at java.base/java.io.ObjectStreamClass.invokeWriteObject(ObjectStreamClass.java:1130)
	at java.base/java.io.ObjectOutputStream.writeSerialData(ObjectOutputStream.java:1497)
	at java.base/java.io.ObjectOutputStream.writeOrdinaryObject(ObjectOutputStream.java:1433)
	at java.base/java.io.ObjectOutputStream.writeObject0(ObjectOutputStream.java:1179)
	at java.base/java.io.ObjectOutputStream.writeObject(ObjectOutputStream.java:349)
	at org.springframework.core.serializer.DefaultSerializer.serialize(DefaultSerializer.java:46)
	at org.springframework.core.serializer.Serializer.serializeToByteArray(Serializer.java:56)
	at org.springframework.core.serializer.support.SerializingConverter.convert(SerializingConverter.java:60)
	... 70 common frames omitted
2026-05-26 14:21:52 [http-nio-8080-exec-6] INFO  c.a.controller.DashboardController - API: 获取看板数据
2026-05-26 14:21:52 [http-nio-8080-exec-6] INFO  c.a.service.DashboardService - 获取看板数据
2026-05-26 14:21:52 [http-nio-8080-exec-7] INFO  c.a.controller.BillController - API: 获取最近30天的账单
2026-05-26 14:21:52 [http-nio-8080-exec-7] INFO  com.accounting.service.BillService - 获取最近30天的账单
2026-05-26 14:21:52 [http-nio-8080-exec-8] INFO  c.a.controller.CategoryController - API: 按类型获取分类: EXPENSE
2026-05-26 14:21:52 [http-nio-8080-exec-8] INFO  c.accounting.service.CategoryService - 获取支出分类列表
2026-05-26 14:21:52 [http-nio-8080-exec-7] DEBUG com.accounting.service.BillService - 从Redis缓存获取最近30天账单
2026-05-26 14:21:52 [http-nio-8080-exec-6] INFO  com.accounting.service.BudgetService - 获取当前生效的预算列表
2026-05-26 14:21:52 [http-nio-8080-exec-6] INFO  com.accounting.service.BudgetService - 计算预算使用情况: 1
2026-05-26 14:21:52 [http-nio-8080-exec-6] INFO  com.accounting.service.BudgetService - 根据ID获取预算: 1
2026-05-26 14:21:52 [http-nio-8080-exec-6] INFO  com.accounting.service.BudgetService - 计算预算使用情况: 1
2026-05-26 14:21:52 [http-nio-8080-exec-6] INFO  com.accounting.service.BudgetService - 根据ID获取预算: 1
2026-05-26 14:21:52 [http-nio-8080-exec-7] INFO  c.a.controller.BillController - API: 获取最近30天的账单
2026-05-26 14:21:52 [http-nio-8080-exec-7] INFO  com.accounting.service.BillService - 获取最近30天的账单
2026-05-26 14:21:52 [http-nio-8080-exec-6] INFO  c.a.service.DashboardService - 检查异常消费: 月均支出=0.00
2026-05-26 14:21:52 [http-nio-8080-exec-7] DEBUG com.accounting.service.BillService - 从Redis缓存获取最近30天账单
2026-05-26 14:21:52 [http-nio-8080-exec-6] ERROR c.a.exception.GlobalExceptionHandler - 系统异常: 
org.springframework.data.redis.serializer.SerializationException: Cannot serialize; nested exception is org.springframework.core.serializer.support.SerializationFailedException: Failed to serialize object using DefaultSerializer; nested exception is java.lang.IllegalArgumentException: DefaultSerializer requires a Serializable payload but received an object of type [com.accounting.dto.DashboardDTO]
	at org.springframework.data.redis.serializer.JdkSerializationRedisSerializer.serialize(JdkSerializationRedisSerializer.java:96)
	at org.springframework.data.redis.serializer.DefaultRedisElementWriter.write(DefaultRedisElementWriter.java:44)
	at org.springframework.data.redis.serializer.RedisSerializationContext$SerializationPair.write(RedisSerializationContext.java:290)
	at org.springframework.data.redis.cache.RedisCache.serializeCacheValue(RedisCache.java:285)
	at org.springframework.data.redis.cache.RedisCache.put(RedisCache.java:171)
	at org.springframework.cache.interceptor.AbstractCacheInvoker.doPut(AbstractCacheInvoker.java:87)
	at org.springframework.cache.interceptor.CacheAspectSupport$CachePutRequest.apply(CacheAspectSupport.java:837)
	at org.springframework.cache.interceptor.CacheAspectSupport.execute(CacheAspectSupport.java:429)
	at org.springframework.cache.interceptor.CacheAspectSupport.execute(CacheAspectSupport.java:345)
	at org.springframework.cache.interceptor.CacheInterceptor.invoke(CacheInterceptor.java:64)
	at org.springframework.aop.framework.ReflectiveMethodInvocation.proceed(ReflectiveMethodInvocation.java:186)
	at org.springframework.aop.framework.CglibAopProxy$CglibMethodInvocation.proceed(CglibAopProxy.java:762)
	at org.springframework.aop.framework.CglibAopProxy$DynamicAdvisedInterceptor.intercept(CglibAopProxy.java:707)
	at com.accounting.service.DashboardService$$EnhancerBySpringCGLIB$$cb815804.getDashboardData(<generated>)
	at com.accounting.controller.DashboardController.getDashboardData(DashboardController.java:27)
	at java.base/jdk.internal.reflect.NativeMethodAccessorImpl.invoke0(Native Method)
	at java.base/jdk.internal.reflect.NativeMethodAccessorImpl.invoke(NativeMethodAccessorImpl.java:62)
	at java.base/jdk.internal.reflect.DelegatingMethodAccessorImpl.invoke(DelegatingMethodAccessorImpl.java:43)
	at java.base/java.lang.reflect.Method.invoke(Method.java:566)
	at org.springframework.web.method.support.InvocableHandlerMethod.doInvoke(InvocableHandlerMethod.java:205)
	at org.springframework.web.method.support.InvocableHandlerMethod.invokeForRequest(InvocableHandlerMethod.java:150)
	at org.springframework.web.servlet.mvc.method.annotation.ServletInvocableHandlerMethod.invokeAndHandle(ServletInvocableHandlerMethod.java:117)
	at org.springframework.web.servlet.mvc.method.annotation.RequestMappingHandlerAdapter.invokeHandlerMethod(RequestMappingHandlerAdapter.java:895)
	at org.springframework.web.servlet.mvc.method.annotation.RequestMappingHandlerAdapter.handleInternal(RequestMappingHandlerAdapter.java:808)
	at org.springframework.web.servlet.mvc.method.AbstractHandlerMethodAdapter.handle(AbstractHandlerMethodAdapter.java:87)
	at org.springframework.web.servlet.DispatcherServlet.doDispatch(DispatcherServlet.java:1072)
	at org.springframework.web.servlet.DispatcherServlet.doService(DispatcherServlet.java:965)
	at org.springframework.web.servlet.FrameworkServlet.processRequest(FrameworkServlet.java:1006)
	at org.springframework.web.servlet.FrameworkServlet.doGet(FrameworkServlet.java:898)
	at javax.servlet.http.HttpServlet.service(HttpServlet.java:529)
	at org.springframework.web.servlet.FrameworkServlet.service(FrameworkServlet.java:883)
	at javax.servlet.http.HttpServlet.service(HttpServlet.java:623)
	at org.apache.catalina.core.ApplicationFilterChain.internalDoFilter(ApplicationFilterChain.java:209)
	at org.apache.catalina.core.ApplicationFilterChain.doFilter(ApplicationFilterChain.java:153)
	at org.apache.tomcat.websocket.server.WsFilter.doFilter(WsFilter.java:51)
	at org.apache.catalina.core.ApplicationFilterChain.internalDoFilter(ApplicationFilterChain.java:178)
	at org.apache.catalina.core.ApplicationFilterChain.doFilter(ApplicationFilterChain.java:153)
	at org.springframework.web.filter.CorsFilter.doFilterInternal(CorsFilter.java:91)
	at org.springframework.web.filter.OncePerRequestFilter.doFilter(OncePerRequestFilter.java:117)
	at org.apache.catalina.core.ApplicationFilterChain.internalDoFilter(ApplicationFilterChain.java:178)
	at org.apache.catalina.core.ApplicationFilterChain.doFilter(ApplicationFilterChain.java:153)
	at org.springframework.web.filter.RequestContextFilter.doFilterInternal(RequestContextFilter.java:100)
	at org.springframework.web.filter.OncePerRequestFilter.doFilter(OncePerRequestFilter.java:117)
	at org.apache.catalina.core.ApplicationFilterChain.internalDoFilter(ApplicationFilterChain.java:178)
	at org.apache.catalina.core.ApplicationFilterChain.doFilter(ApplicationFilterChain.java:153)
	at org.springframework.web.filter.FormContentFilter.doFilterInternal(FormContentFilter.java:93)
	at org.springframework.web.filter.OncePerRequestFilter.doFilter(OncePerRequestFilter.java:117)
	at org.apache.catalina.core.ApplicationFilterChain.internalDoFilter(ApplicationFilterChain.java:178)
	at org.apache.catalina.core.ApplicationFilterChain.doFilter(ApplicationFilterChain.java:153)
	at org.springframework.web.filter.CharacterEncodingFilter.doFilterInternal(CharacterEncodingFilter.java:201)
	at org.springframework.web.filter.OncePerRequestFilter.doFilter(OncePerRequestFilter.java:117)
	at org.apache.catalina.core.ApplicationFilterChain.internalDoFilter(ApplicationFilterChain.java:178)
	at org.apache.catalina.core.ApplicationFilterChain.doFilter(ApplicationFilterChain.java:153)
	at org.apache.catalina.core.StandardWrapperValve.invoke(StandardWrapperValve.java:168)
	at org.apache.catalina.core.StandardContextValve.invoke(StandardContextValve.java:90)
	at org.apache.catalina.authenticator.AuthenticatorBase.invoke(AuthenticatorBase.java:481)
	at org.apache.catalina.core.StandardHostValve.invoke(StandardHostValve.java:130)
	at org.apache.catalina.valves.ErrorReportValve.invoke(ErrorReportValve.java:93)
	at org.apache.catalina.core.StandardEngineValve.invoke(StandardEngineValve.java:74)
	at org.apache.catalina.connector.CoyoteAdapter.service(CoyoteAdapter.java:342)
	at org.apache.coyote.http11.Http11Processor.service(Http11Processor.java:390)
	at org.apache.coyote.AbstractProcessorLight.process(AbstractProcessorLight.java:63)
	at org.apache.coyote.AbstractProtocol$ConnectionHandler.process(AbstractProtocol.java:928)
	at org.apache.tomcat.util.net.NioEndpoint$SocketProcessor.doRun(NioEndpoint.java:1794)
	at org.apache.tomcat.util.net.SocketProcessorBase.run(SocketProcessorBase.java:52)
	at org.apache.tomcat.util.threads.ThreadPoolExecutor.runWorker(ThreadPoolExecutor.java:1191)
	at org.apache.tomcat.util.threads.ThreadPoolExecutor$Worker.run(ThreadPoolExecutor.java:659)
	at org.apache.tomcat.util.threads.TaskThread$WrappingRunnable.run(TaskThread.java:61)
	at java.base/java.lang.Thread.run(Thread.java:834)
Caused by: org.springframework.core.serializer.support.SerializationFailedException: Failed to serialize object using DefaultSerializer; nested exception is java.lang.IllegalArgumentException: DefaultSerializer requires a Serializable payload but received an object of type [com.accounting.dto.DashboardDTO]
	at org.springframework.core.serializer.support.SerializingConverter.convert(SerializingConverter.java:64)
	at org.springframework.core.serializer.support.SerializingConverter.convert(SerializingConverter.java:33)
	at org.springframework.data.redis.serializer.JdkSerializationRedisSerializer.serialize(JdkSerializationRedisSerializer.java:94)
	... 68 common frames omitted
Caused by: java.lang.IllegalArgumentException: DefaultSerializer requires a Serializable payload but received an object of type [com.accounting.dto.DashboardDTO]
	at org.springframework.core.serializer.DefaultSerializer.serialize(DefaultSerializer.java:43)
	at org.springframework.core.serializer.Serializer.serializeToByteArray(Serializer.java:56)
	at org.springframework.core.serializer.support.SerializingConverter.convert(SerializingConverter.java:60)
	... 70 common frames omitted
2026-05-26 14:21:52 [http-nio-8080-exec-8] ERROR c.a.exception.GlobalExceptionHandler - 系统异常: 
org.springframework.data.redis.serializer.SerializationException: Cannot serialize; nested exception is org.springframework.core.serializer.support.SerializationFailedException: Failed to serialize object using DefaultSerializer; nested exception is java.io.NotSerializableException: com.accounting.entity.Category
	at org.springframework.data.redis.serializer.JdkSerializationRedisSerializer.serialize(JdkSerializationRedisSerializer.java:96)
	at org.springframework.data.redis.serializer.DefaultRedisElementWriter.write(DefaultRedisElementWriter.java:44)
	at org.springframework.data.redis.serializer.RedisSerializationContext$SerializationPair.write(RedisSerializationContext.java:290)
	at org.springframework.data.redis.cache.RedisCache.serializeCacheValue(RedisCache.java:285)
	at org.springframework.data.redis.cache.RedisCache.put(RedisCache.java:171)
	at org.springframework.cache.interceptor.AbstractCacheInvoker.doPut(AbstractCacheInvoker.java:87)
	at org.springframework.cache.interceptor.CacheAspectSupport$CachePutRequest.apply(CacheAspectSupport.java:837)
	at org.springframework.cache.interceptor.CacheAspectSupport.execute(CacheAspectSupport.java:429)
	at org.springframework.cache.interceptor.CacheAspectSupport.execute(CacheAspectSupport.java:345)
	at org.springframework.cache.interceptor.CacheInterceptor.invoke(CacheInterceptor.java:64)
	at org.springframework.aop.framework.ReflectiveMethodInvocation.proceed(ReflectiveMethodInvocation.java:186)
	at org.springframework.aop.framework.CglibAopProxy$CglibMethodInvocation.proceed(CglibAopProxy.java:762)
	at org.springframework.aop.framework.CglibAopProxy$DynamicAdvisedInterceptor.intercept(CglibAopProxy.java:707)
	at com.accounting.service.CategoryService$$EnhancerBySpringCGLIB$$fc63dcf4.getCategoriesByType(<generated>)
	at com.accounting.controller.CategoryController.getCategoriesByType(CategoryController.java:38)
	at java.base/jdk.internal.reflect.NativeMethodAccessorImpl.invoke0(Native Method)
	at java.base/jdk.internal.reflect.NativeMethodAccessorImpl.invoke(NativeMethodAccessorImpl.java:62)
	at java.base/jdk.internal.reflect.DelegatingMethodAccessorImpl.invoke(DelegatingMethodAccessorImpl.java:43)
	at java.base/java.lang.reflect.Method.invoke(Method.java:566)
	at org.springframework.web.method.support.InvocableHandlerMethod.doInvoke(InvocableHandlerMethod.java:205)
	at org.springframework.web.method.support.InvocableHandlerMethod.invokeForRequest(InvocableHandlerMethod.java:150)
	at org.springframework.web.servlet.mvc.method.annotation.ServletInvocableHandlerMethod.invokeAndHandle(ServletInvocableHandlerMethod.java:117)
	at org.springframework.web.servlet.mvc.method.annotation.RequestMappingHandlerAdapter.invokeHandlerMethod(RequestMappingHandlerAdapter.java:895)
	at org.springframework.web.servlet.mvc.method.annotation.RequestMappingHandlerAdapter.handleInternal(RequestMappingHandlerAdapter.java:808)
	at org.springframework.web.servlet.mvc.method.AbstractHandlerMethodAdapter.handle(AbstractHandlerMethodAdapter.java:87)
	at org.springframework.web.servlet.DispatcherServlet.doDispatch(DispatcherServlet.java:1072)
	at org.springframework.web.servlet.DispatcherServlet.doService(DispatcherServlet.java:965)
	at org.springframework.web.servlet.FrameworkServlet.processRequest(FrameworkServlet.java:1006)
	at org.springframework.web.servlet.FrameworkServlet.doGet(FrameworkServlet.java:898)
	at javax.servlet.http.HttpServlet.service(HttpServlet.java:529)
	at org.springframework.web.servlet.FrameworkServlet.service(FrameworkServlet.java:883)
	at javax.servlet.http.HttpServlet.service(HttpServlet.java:623)
	at org.apache.catalina.core.ApplicationFilterChain.internalDoFilter(ApplicationFilterChain.java:209)
	at org.apache.catalina.core.ApplicationFilterChain.doFilter(ApplicationFilterChain.java:153)
	at org.apache.tomcat.websocket.server.WsFilter.doFilter(WsFilter.java:51)
	at org.apache.catalina.core.ApplicationFilterChain.internalDoFilter(ApplicationFilterChain.java:178)
	at org.apache.catalina.core.ApplicationFilterChain.doFilter(ApplicationFilterChain.java:153)
	at org.springframework.web.filter.CorsFilter.doFilterInternal(CorsFilter.java:91)
	at org.springframework.web.filter.OncePerRequestFilter.doFilter(OncePerRequestFilter.java:117)
	at org.apache.catalina.core.ApplicationFilterChain.internalDoFilter(ApplicationFilterChain.java:178)
	at org.apache.catalina.core.ApplicationFilterChain.doFilter(ApplicationFilterChain.java:153)
	at org.springframework.web.filter.RequestContextFilter.doFilterInternal(RequestContextFilter.java:100)
	at org.springframework.web.filter.OncePerRequestFilter.doFilter(OncePerRequestFilter.java:117)
	at org.apache.catalina.core.ApplicationFilterChain.internalDoFilter(ApplicationFilterChain.java:178)
	at org.apache.catalina.core.ApplicationFilterChain.doFilter(ApplicationFilterChain.java:153)
	at org.springframework.web.filter.FormContentFilter.doFilterInternal(FormContentFilter.java:93)
	at org.springframework.web.filter.OncePerRequestFilter.doFilter(OncePerRequestFilter.java:117)
	at org.apache.catalina.core.ApplicationFilterChain.internalDoFilter(ApplicationFilterChain.java:178)
	at org.apache.catalina.core.ApplicationFilterChain.doFilter(ApplicationFilterChain.java:153)
	at org.springframework.web.filter.CharacterEncodingFilter.doFilterInternal(CharacterEncodingFilter.java:201)
	at org.springframework.web.filter.OncePerRequestFilter.doFilter(OncePerRequestFilter.java:117)
	at org.apache.catalina.core.ApplicationFilterChain.internalDoFilter(ApplicationFilterChain.java:178)
	at org.apache.catalina.core.ApplicationFilterChain.doFilter(ApplicationFilterChain.java:153)
	at org.apache.catalina.core.StandardWrapperValve.invoke(StandardWrapperValve.java:168)
	at org.apache.catalina.core.StandardContextValve.invoke(StandardContextValve.java:90)
	at org.apache.catalina.authenticator.AuthenticatorBase.invoke(AuthenticatorBase.java:481)
	at org.apache.catalina.core.StandardHostValve.invoke(StandardHostValve.java:130)
	at org.apache.catalina.valves.ErrorReportValve.invoke(ErrorReportValve.java:93)
	at org.apache.catalina.core.StandardEngineValve.invoke(StandardEngineValve.java:74)
	at org.apache.catalina.connector.CoyoteAdapter.service(CoyoteAdapter.java:342)
	at org.apache.coyote.http11.Http11Processor.service(Http11Processor.java:390)
	at org.apache.coyote.AbstractProcessorLight.process(AbstractProcessorLight.java:63)
	at org.apache.coyote.AbstractProtocol$ConnectionHandler.process(AbstractProtocol.java:928)
	at org.apache.tomcat.util.net.NioEndpoint$SocketProcessor.doRun(NioEndpoint.java:1794)
	at org.apache.tomcat.util.net.SocketProcessorBase.run(SocketProcessorBase.java:52)
	at org.apache.tomcat.util.threads.ThreadPoolExecutor.runWorker(ThreadPoolExecutor.java:1191)
	at org.apache.tomcat.util.threads.ThreadPoolExecutor$Worker.run(ThreadPoolExecutor.java:659)
	at org.apache.tomcat.util.threads.TaskThread$WrappingRunnable.run(TaskThread.java:61)
	at java.base/java.lang.Thread.run(Thread.java:834)
Caused by: org.springframework.core.serializer.support.SerializationFailedException: Failed to serialize object using DefaultSerializer; nested exception is java.io.NotSerializableException: com.accounting.entity.Category
	at org.springframework.core.serializer.support.SerializingConverter.convert(SerializingConverter.java:64)
	at org.springframework.core.serializer.support.SerializingConverter.convert(SerializingConverter.java:33)
	at org.springframework.data.redis.serializer.JdkSerializationRedisSerializer.serialize(JdkSerializationRedisSerializer.java:94)
	... 68 common frames omitted
Caused by: java.io.NotSerializableException: com.accounting.entity.Category
	at java.base/java.io.ObjectOutputStream.writeObject0(ObjectOutputStream.java:1185)
	at java.base/java.io.ObjectOutputStream.writeObject(ObjectOutputStream.java:349)
	at java.base/java.util.ArrayList.writeObject(ArrayList.java:896)
	at java.base/jdk.internal.reflect.NativeMethodAccessorImpl.invoke0(Native Method)
	at java.base/jdk.internal.reflect.NativeMethodAccessorImpl.invoke(NativeMethodAccessorImpl.java:62)
	at java.base/jdk.internal.reflect.DelegatingMethodAccessorImpl.invoke(DelegatingMethodAccessorImpl.java:43)
	at java.base/java.lang.reflect.Method.invoke(Method.java:566)
	at java.base/java.io.ObjectStreamClass.invokeWriteObject(ObjectStreamClass.java:1130)
	at java.base/java.io.ObjectOutputStream.writeSerialData(ObjectOutputStream.java:1497)
	at java.base/java.io.ObjectOutputStream.writeOrdinaryObject(ObjectOutputStream.java:1433)
	at java.base/java.io.ObjectOutputStream.writeObject0(ObjectOutputStream.java:1179)
	at java.base/java.io.ObjectOutputStream.writeObject(ObjectOutputStream.java:349)
	at org.springframework.core.serializer.DefaultSerializer.serialize(DefaultSerializer.java:46)
	at org.springframework.core.serializer.Serializer.serializeToByteArray(Serializer.java:56)
	at org.springframework.core.serializer.support.SerializingConverter.convert(SerializingConverter.java:60)
	... 70 common frames omitted
2026-05-26 14:21:52 [http-nio-8080-exec-9] INFO  c.a.controller.DashboardController - API: 获取看板数据
2026-05-26 14:21:52 [http-nio-8080-exec-9] INFO  c.a.service.DashboardService - 获取看板数据
2026-05-26 14:21:52 [http-nio-8080-exec-10] INFO  c.a.controller.CategoryController - API: 按类型获取分类: EXPENSE
2026-05-26 14:21:52 [http-nio-8080-exec-10] INFO  c.accounting.service.CategoryService - 获取支出分类列表
2026-05-26 14:21:52 [http-nio-8080-exec-9] INFO  com.accounting.service.BudgetService - 获取当前生效的预算列表
2026-05-26 14:21:52 [http-nio-8080-exec-9] INFO  com.accounting.service.BudgetService - 计算预算使用情况: 1
2026-05-26 14:21:52 [http-nio-8080-exec-9] INFO  com.accounting.service.BudgetService - 根据ID获取预算: 1
2026-05-26 14:21:52 [http-nio-8080-exec-10] ERROR c.a.exception.GlobalExceptionHandler - 系统异常: 
org.springframework.data.redis.serializer.SerializationException: Cannot serialize; nested exception is org.springframework.core.serializer.support.SerializationFailedException: Failed to serialize object using DefaultSerializer; nested exception is java.io.NotSerializableException: com.accounting.entity.Category
	at org.springframework.data.redis.serializer.JdkSerializationRedisSerializer.serialize(JdkSerializationRedisSerializer.java:96)
	at org.springframework.data.redis.serializer.DefaultRedisElementWriter.write(DefaultRedisElementWriter.java:44)
	at org.springframework.data.redis.serializer.RedisSerializationContext$SerializationPair.write(RedisSerializationContext.java:290)
	at org.springframework.data.redis.cache.RedisCache.serializeCacheValue(RedisCache.java:285)
	at org.springframework.data.redis.cache.RedisCache.put(RedisCache.java:171)
	at org.springframework.cache.interceptor.AbstractCacheInvoker.doPut(AbstractCacheInvoker.java:87)
	at org.springframework.cache.interceptor.CacheAspectSupport$CachePutRequest.apply(CacheAspectSupport.java:837)
	at org.springframework.cache.interceptor.CacheAspectSupport.execute(CacheAspectSupport.java:429)
	at org.springframework.cache.interceptor.CacheAspectSupport.execute(CacheAspectSupport.java:345)
	at org.springframework.cache.interceptor.CacheInterceptor.invoke(CacheInterceptor.java:64)
	at org.springframework.aop.framework.ReflectiveMethodInvocation.proceed(ReflectiveMethodInvocation.java:186)
	at org.springframework.aop.framework.CglibAopProxy$CglibMethodInvocation.proceed(CglibAopProxy.java:762)
	at org.springframework.aop.framework.CglibAopProxy$DynamicAdvisedInterceptor.intercept(CglibAopProxy.java:707)
	at com.accounting.service.CategoryService$$EnhancerBySpringCGLIB$$fc63dcf4.getCategoriesByType(<generated>)
	at com.accounting.controller.CategoryController.getCategoriesByType(CategoryController.java:38)
	at java.base/jdk.internal.reflect.NativeMethodAccessorImpl.invoke0(Native Method)
	at java.base/jdk.internal.reflect.NativeMethodAccessorImpl.invoke(NativeMethodAccessorImpl.java:62)
	at java.base/jdk.internal.reflect.DelegatingMethodAccessorImpl.invoke(DelegatingMethodAccessorImpl.java:43)
	at java.base/java.lang.reflect.Method.invoke(Method.java:566)
	at org.springframework.web.method.support.InvocableHandlerMethod.doInvoke(InvocableHandlerMethod.java:205)
	at org.springframework.web.method.support.InvocableHandlerMethod.invokeForRequest(InvocableHandlerMethod.java:150)
	at org.springframework.web.servlet.mvc.method.annotation.ServletInvocableHandlerMethod.invokeAndHandle(ServletInvocableHandlerMethod.java:117)
	at org.springframework.web.servlet.mvc.method.annotation.RequestMappingHandlerAdapter.invokeHandlerMethod(RequestMappingHandlerAdapter.java:895)
	at org.springframework.web.servlet.mvc.method.annotation.RequestMappingHandlerAdapter.handleInternal(RequestMappingHandlerAdapter.java:808)
	at org.springframework.web.servlet.mvc.method.AbstractHandlerMethodAdapter.handle(AbstractHandlerMethodAdapter.java:87)
	at org.springframework.web.servlet.DispatcherServlet.doDispatch(DispatcherServlet.java:1072)
	at org.springframework.web.servlet.DispatcherServlet.doService(DispatcherServlet.java:965)
	at org.springframework.web.servlet.FrameworkServlet.processRequest(FrameworkServlet.java:1006)
	at org.springframework.web.servlet.FrameworkServlet.doGet(FrameworkServlet.java:898)
	at javax.servlet.http.HttpServlet.service(HttpServlet.java:529)
	at org.springframework.web.servlet.FrameworkServlet.service(FrameworkServlet.java:883)
	at javax.servlet.http.HttpServlet.service(HttpServlet.java:623)
	at org.apache.catalina.core.ApplicationFilterChain.internalDoFilter(ApplicationFilterChain.java:209)
	at org.apache.catalina.core.ApplicationFilterChain.doFilter(ApplicationFilterChain.java:153)
	at org.apache.tomcat.websocket.server.WsFilter.doFilter(WsFilter.java:51)
	at org.apache.catalina.core.ApplicationFilterChain.internalDoFilter(ApplicationFilterChain.java:178)
	at org.apache.catalina.core.ApplicationFilterChain.doFilter(ApplicationFilterChain.java:153)
	at org.springframework.web.filter.CorsFilter.doFilterInternal(CorsFilter.java:91)
	at org.springframework.web.filter.OncePerRequestFilter.doFilter(OncePerRequestFilter.java:117)
	at org.apache.catalina.core.ApplicationFilterChain.internalDoFilter(ApplicationFilterChain.java:178)
	at org.apache.catalina.core.ApplicationFilterChain.doFilter(ApplicationFilterChain.java:153)
	at org.springframework.web.filter.RequestContextFilter.doFilterInternal(RequestContextFilter.java:100)
	at org.springframework.web.filter.OncePerRequestFilter.doFilter(OncePerRequestFilter.java:117)
	at org.apache.catalina.core.ApplicationFilterChain.internalDoFilter(ApplicationFilterChain.java:178)
	at org.apache.catalina.core.ApplicationFilterChain.doFilter(ApplicationFilterChain.java:153)
	at org.springframework.web.filter.FormContentFilter.doFilterInternal(FormContentFilter.java:93)
	at org.springframework.web.filter.OncePerRequestFilter.doFilter(OncePerRequestFilter.java:117)
	at org.apache.catalina.core.ApplicationFilterChain.internalDoFilter(ApplicationFilterChain.java:178)
	at org.apache.catalina.core.ApplicationFilterChain.doFilter(ApplicationFilterChain.java:153)
	at org.springframework.web.filter.CharacterEncodingFilter.doFilterInternal(CharacterEncodingFilter.java:201)
	at org.springframework.web.filter.OncePerRequestFilter.doFilter(OncePerRequestFilter.java:117)
	at org.apache.catalina.core.ApplicationFilterChain.internalDoFilter(ApplicationFilterChain.java:178)
	at org.apache.catalina.core.ApplicationFilterChain.doFilter(ApplicationFilterChain.java:153)
	at org.apache.catalina.core.StandardWrapperValve.invoke(StandardWrapperValve.java:168)
	at org.apache.catalina.core.StandardContextValve.invoke(StandardContextValve.java:90)
	at org.apache.catalina.authenticator.AuthenticatorBase.invoke(AuthenticatorBase.java:481)
	at org.apache.catalina.core.StandardHostValve.invoke(StandardHostValve.java:130)
	at org.apache.catalina.valves.ErrorReportValve.invoke(ErrorReportValve.java:93)
	at org.apache.catalina.core.StandardEngineValve.invoke(StandardEngineValve.java:74)
	at org.apache.catalina.connector.CoyoteAdapter.service(CoyoteAdapter.java:342)
	at org.apache.coyote.http11.Http11Processor.service(Http11Processor.java:390)
	at org.apache.coyote.AbstractProcessorLight.process(AbstractProcessorLight.java:63)
	at org.apache.coyote.AbstractProtocol$ConnectionHandler.process(AbstractProtocol.java:928)
	at org.apache.tomcat.util.net.NioEndpoint$SocketProcessor.doRun(NioEndpoint.java:1794)
	at org.apache.tomcat.util.net.SocketProcessorBase.run(SocketProcessorBase.java:52)
	at org.apache.tomcat.util.threads.ThreadPoolExecutor.runWorker(ThreadPoolExecutor.java:1191)
	at org.apache.tomcat.util.threads.ThreadPoolExecutor$Worker.run(ThreadPoolExecutor.java:659)
	at org.apache.tomcat.util.threads.TaskThread$WrappingRunnable.run(TaskThread.java:61)
	at java.base/java.lang.Thread.run(Thread.java:834)
Caused by: org.springframework.core.serializer.support.SerializationFailedException: Failed to serialize object using DefaultSerializer; nested exception is java.io.NotSerializableException: com.accounting.entity.Category
	at org.springframework.core.serializer.support.SerializingConverter.convert(SerializingConverter.java:64)
	at org.springframework.core.serializer.support.SerializingConverter.convert(SerializingConverter.java:33)
	at org.springframework.data.redis.serializer.JdkSerializationRedisSerializer.serialize(JdkSerializationRedisSerializer.java:94)
	... 68 common frames omitted
Caused by: java.io.NotSerializableException: com.accounting.entity.Category
	at java.base/java.io.ObjectOutputStream.writeObject0(ObjectOutputStream.java:1185)
	at java.base/java.io.ObjectOutputStream.writeObject(ObjectOutputStream.java:349)
	at java.base/java.util.ArrayList.writeObject(ArrayList.java:896)
	at java.base/jdk.internal.reflect.NativeMethodAccessorImpl.invoke0(Native Method)
	at java.base/jdk.internal.reflect.NativeMethodAccessorImpl.invoke(NativeMethodAccessorImpl.java:62)
	at java.base/jdk.internal.reflect.DelegatingMethodAccessorImpl.invoke(DelegatingMethodAccessorImpl.java:43)
	at java.base/java.lang.reflect.Method.invoke(Method.java:566)
	at java.base/java.io.ObjectStreamClass.invokeWriteObject(ObjectStreamClass.java:1130)
	at java.base/java.io.ObjectOutputStream.writeSerialData(ObjectOutputStream.java:1497)
	at java.base/java.io.ObjectOutputStream.writeOrdinaryObject(ObjectOutputStream.java:1433)
	at java.base/java.io.ObjectOutputStream.writeObject0(ObjectOutputStream.java:1179)
	at java.base/java.io.ObjectOutputStream.writeObject(ObjectOutputStream.java:349)
	at org.springframework.core.serializer.DefaultSerializer.serialize(DefaultSerializer.java:46)
	at org.springframework.core.serializer.Serializer.serializeToByteArray(Serializer.java:56)
	at org.springframework.core.serializer.support.SerializingConverter.convert(SerializingConverter.java:60)
	... 70 common frames omitted
2026-05-26 14:21:52 [http-nio-8080-exec-9] INFO  com.accounting.service.BudgetService - 计算预算使用情况: 1
2026-05-26 14:21:52 [http-nio-8080-exec-9] INFO  com.accounting.service.BudgetService - 根据ID获取预算: 1
2026-05-26 14:21:52 [http-nio-8080-exec-9] INFO  c.a.service.DashboardService - 检查异常消费: 月均支出=0.00
2026-05-26 14:21:52 [http-nio-8080-exec-9] ERROR c.a.exception.GlobalExceptionHandler - 系统异常: 
org.springframework.data.redis.serializer.SerializationException: Cannot serialize; nested exception is org.springframework.core.serializer.support.SerializationFailedException: Failed to serialize object using DefaultSerializer; nested exception is java.lang.IllegalArgumentException: DefaultSerializer requires a Serializable payload but received an object of type [com.accounting.dto.DashboardDTO]
	at org.springframework.data.redis.serializer.JdkSerializationRedisSerializer.serialize(JdkSerializationRedisSerializer.java:96)
	at org.springframework.data.redis.serializer.DefaultRedisElementWriter.write(DefaultRedisElementWriter.java:44)
	at org.springframework.data.redis.serializer.RedisSerializationContext$SerializationPair.write(RedisSerializationContext.java:290)
	at org.springframework.data.redis.cache.RedisCache.serializeCacheValue(RedisCache.java:285)
	at org.springframework.data.redis.cache.RedisCache.put(RedisCache.java:171)
	at org.springframework.cache.interceptor.AbstractCacheInvoker.doPut(AbstractCacheInvoker.java:87)
	at org.springframework.cache.interceptor.CacheAspectSupport$CachePutRequest.apply(CacheAspectSupport.java:837)
	at org.springframework.cache.interceptor.CacheAspectSupport.execute(CacheAspectSupport.java:429)
	at org.springframework.cache.interceptor.CacheAspectSupport.execute(CacheAspectSupport.java:345)
	at org.springframework.cache.interceptor.CacheInterceptor.invoke(CacheInterceptor.java:64)
	at org.springframework.aop.framework.ReflectiveMethodInvocation.proceed(ReflectiveMethodInvocation.java:186)
	at org.springframework.aop.framework.CglibAopProxy$CglibMethodInvocation.proceed(CglibAopProxy.java:762)
	at org.springframework.aop.framework.CglibAopProxy$DynamicAdvisedInterceptor.intercept(CglibAopProxy.java:707)
	at com.accounting.service.DashboardService$$EnhancerBySpringCGLIB$$cb815804.getDashboardData(<generated>)
	at com.accounting.controller.DashboardController.getDashboardData(DashboardController.java:27)
	at java.base/jdk.internal.reflect.NativeMethodAccessorImpl.invoke0(Native Method)
	at java.base/jdk.internal.reflect.NativeMethodAccessorImpl.invoke(NativeMethodAccessorImpl.java:62)
	at java.base/jdk.internal.reflect.DelegatingMethodAccessorImpl.invoke(DelegatingMethodAccessorImpl.java:43)
	at java.base/java.lang.reflect.Method.invoke(Method.java:566)
	at org.springframework.web.method.support.InvocableHandlerMethod.doInvoke(InvocableHandlerMethod.java:205)
	at org.springframework.web.method.support.InvocableHandlerMethod.invokeForRequest(InvocableHandlerMethod.java:150)
	at org.springframework.web.servlet.mvc.method.annotation.ServletInvocableHandlerMethod.invokeAndHandle(ServletInvocableHandlerMethod.java:117)
	at org.springframework.web.servlet.mvc.method.annotation.RequestMappingHandlerAdapter.invokeHandlerMethod(RequestMappingHandlerAdapter.java:895)
	at org.springframework.web.servlet.mvc.method.annotation.RequestMappingHandlerAdapter.handleInternal(RequestMappingHandlerAdapter.java:808)
	at org.springframework.web.servlet.mvc.method.AbstractHandlerMethodAdapter.handle(AbstractHandlerMethodAdapter.java:87)
	at org.springframework.web.servlet.DispatcherServlet.doDispatch(DispatcherServlet.java:1072)
	at org.springframework.web.servlet.DispatcherServlet.doService(DispatcherServlet.java:965)
	at org.springframework.web.servlet.FrameworkServlet.processRequest(FrameworkServlet.java:1006)
	at org.springframework.web.servlet.FrameworkServlet.doGet(FrameworkServlet.java:898)
	at javax.servlet.http.HttpServlet.service(HttpServlet.java:529)
	at org.springframework.web.servlet.FrameworkServlet.service(FrameworkServlet.java:883)
	at javax.servlet.http.HttpServlet.service(HttpServlet.java:623)
	at org.apache.catalina.core.ApplicationFilterChain.internalDoFilter(ApplicationFilterChain.java:209)
	at org.apache.catalina.core.ApplicationFilterChain.doFilter(ApplicationFilterChain.java:153)
	at org.apache.tomcat.websocket.server.WsFilter.doFilter(WsFilter.java:51)
	at org.apache.catalina.core.ApplicationFilterChain.internalDoFilter(ApplicationFilterChain.java:178)
	at org.apache.catalina.core.ApplicationFilterChain.doFilter(ApplicationFilterChain.java:153)
	at org.springframework.web.filter.CorsFilter.doFilterInternal(CorsFilter.java:91)
	at org.springframework.web.filter.OncePerRequestFilter.doFilter(OncePerRequestFilter.java:117)
	at org.apache.catalina.core.ApplicationFilterChain.internalDoFilter(ApplicationFilterChain.java:178)
	at org.apache.catalina.core.ApplicationFilterChain.doFilter(ApplicationFilterChain.java:153)
	at org.springframework.web.filter.RequestContextFilter.doFilterInternal(RequestContextFilter.java:100)
	at org.springframework.web.filter.OncePerRequestFilter.doFilter(OncePerRequestFilter.java:117)
	at org.apache.catalina.core.ApplicationFilterChain.internalDoFilter(ApplicationFilterChain.java:178)
	at org.apache.catalina.core.ApplicationFilterChain.doFilter(ApplicationFilterChain.java:153)
	at org.springframework.web.filter.FormContentFilter.doFilterInternal(FormContentFilter.java:93)
	at org.springframework.web.filter.OncePerRequestFilter.doFilter(OncePerRequestFilter.java:117)
	at org.apache.catalina.core.ApplicationFilterChain.internalDoFilter(ApplicationFilterChain.java:178)
	at org.apache.catalina.core.ApplicationFilterChain.doFilter(ApplicationFilterChain.java:153)
	at org.springframework.web.filter.CharacterEncodingFilter.doFilterInternal(CharacterEncodingFilter.java:201)
	at org.springframework.web.filter.OncePerRequestFilter.doFilter(OncePerRequestFilter.java:117)
	at org.apache.catalina.core.ApplicationFilterChain.internalDoFilter(ApplicationFilterChain.java:178)
	at org.apache.catalina.core.ApplicationFilterChain.doFilter(ApplicationFilterChain.java:153)
	at org.apache.catalina.core.StandardWrapperValve.invoke(StandardWrapperValve.java:168)
	at org.apache.catalina.core.StandardContextValve.invoke(StandardContextValve.java:90)
	at org.apache.catalina.authenticator.AuthenticatorBase.invoke(AuthenticatorBase.java:481)
	at org.apache.catalina.core.StandardHostValve.invoke(StandardHostValve.java:130)
	at org.apache.catalina.valves.ErrorReportValve.invoke(ErrorReportValve.java:93)
	at org.apache.catalina.core.StandardEngineValve.invoke(StandardEngineValve.java:74)
	at org.apache.catalina.connector.CoyoteAdapter.service(CoyoteAdapter.java:342)
	at org.apache.coyote.http11.Http11Processor.service(Http11Processor.java:390)
	at org.apache.coyote.AbstractProcessorLight.process(AbstractProcessorLight.java:63)
	at org.apache.coyote.AbstractProtocol$ConnectionHandler.process(AbstractProtocol.java:928)
	at org.apache.tomcat.util.net.NioEndpoint$SocketProcessor.doRun(NioEndpoint.java:1794)
	at org.apache.tomcat.util.net.SocketProcessorBase.run(SocketProcessorBase.java:52)
	at org.apache.tomcat.util.threads.ThreadPoolExecutor.runWorker(ThreadPoolExecutor.java:1191)
	at org.apache.tomcat.util.threads.ThreadPoolExecutor$Worker.run(ThreadPoolExecutor.java:659)
	at org.apache.tomcat.util.threads.TaskThread$WrappingRunnable.run(TaskThread.java:61)
	at java.base/java.lang.Thread.run(Thread.java:834)
Caused by: org.springframework.core.serializer.support.SerializationFailedException: Failed to serialize object using DefaultSerializer; nested exception is java.lang.IllegalArgumentException: DefaultSerializer requires a Serializable payload but received an object of type [com.accounting.dto.DashboardDTO]
	at org.springframework.core.serializer.support.SerializingConverter.convert(SerializingConverter.java:64)
	at org.springframework.core.serializer.support.SerializingConverter.convert(SerializingConverter.java:33)
	at org.springframework.data.redis.serializer.JdkSerializationRedisSerializer.serialize(JdkSerializationRedisSerializer.java:94)
	... 68 common frames omitted
Caused by: java.lang.IllegalArgumentException: DefaultSerializer requires a Serializable payload but received an object of type [com.accounting.dto.DashboardDTO]
	at org.springframework.core.serializer.DefaultSerializer.serialize(DefaultSerializer.java:43)
	at org.springframework.core.serializer.Serializer.serializeToByteArray(Serializer.java:56)
	at org.springframework.core.serializer.support.SerializingConverter.convert(SerializingConverter.java:60)
	... 70 common frames omitted
2026-05-26 14:22:33 [http-nio-8080-exec-1] INFO  c.a.controller.BillController - API: 获取最近30天的账单
2026-05-26 14:22:33 [http-nio-8080-exec-4] INFO  c.a.controller.DashboardController - API: 获取看板数据
2026-05-26 14:22:33 [http-nio-8080-exec-1] INFO  com.accounting.service.BillService - 获取最近30天的账单
2026-05-26 14:22:33 [http-nio-8080-exec-4] INFO  c.a.service.DashboardService - 获取看板数据
2026-05-26 14:22:33 [http-nio-8080-exec-1] DEBUG com.accounting.service.BillService - 从Redis缓存获取最近30天账单
2026-05-26 14:22:33 [http-nio-8080-exec-3] INFO  c.a.controller.CategoryController - API: 按类型获取分类: EXPENSE
2026-05-26 14:22:33 [http-nio-8080-exec-3] INFO  c.accounting.service.CategoryService - 获取支出分类列表
2026-05-26 14:22:33 [http-nio-8080-exec-4] INFO  com.accounting.service.BudgetService - 获取当前生效的预算列表
2026-05-26 14:22:33 [http-nio-8080-exec-4] INFO  com.accounting.service.BudgetService - 计算预算使用情况: 1
2026-05-26 14:22:33 [http-nio-8080-exec-4] INFO  com.accounting.service.BudgetService - 根据ID获取预算: 1
2026-05-26 14:22:33 [http-nio-8080-exec-4] INFO  com.accounting.service.BudgetService - 计算预算使用情况: 1
2026-05-26 14:22:33 [http-nio-8080-exec-4] INFO  com.accounting.service.BudgetService - 根据ID获取预算: 1
2026-05-26 14:22:33 [http-nio-8080-exec-3] ERROR c.a.exception.GlobalExceptionHandler - 系统异常: 
org.springframework.data.redis.serializer.SerializationException: Cannot serialize; nested exception is org.springframework.core.serializer.support.SerializationFailedException: Failed to serialize object using DefaultSerializer; nested exception is java.io.NotSerializableException: com.accounting.entity.Category
	at org.springframework.data.redis.serializer.JdkSerializationRedisSerializer.serialize(JdkSerializationRedisSerializer.java:96)
	at org.springframework.data.redis.serializer.DefaultRedisElementWriter.write(DefaultRedisElementWriter.java:44)
	at org.springframework.data.redis.serializer.RedisSerializationContext$SerializationPair.write(RedisSerializationContext.java:290)
	at org.springframework.data.redis.cache.RedisCache.serializeCacheValue(RedisCache.java:285)
	at org.springframework.data.redis.cache.RedisCache.put(RedisCache.java:171)
	at org.springframework.cache.interceptor.AbstractCacheInvoker.doPut(AbstractCacheInvoker.java:87)
	at org.springframework.cache.interceptor.CacheAspectSupport$CachePutRequest.apply(CacheAspectSupport.java:837)
	at org.springframework.cache.interceptor.CacheAspectSupport.execute(CacheAspectSupport.java:429)
	at org.springframework.cache.interceptor.CacheAspectSupport.execute(CacheAspectSupport.java:345)
	at org.springframework.cache.interceptor.CacheInterceptor.invoke(CacheInterceptor.java:64)
	at org.springframework.aop.framework.ReflectiveMethodInvocation.proceed(ReflectiveMethodInvocation.java:186)
	at org.springframework.aop.framework.CglibAopProxy$CglibMethodInvocation.proceed(CglibAopProxy.java:762)
	at org.springframework.aop.framework.CglibAopProxy$DynamicAdvisedInterceptor.intercept(CglibAopProxy.java:707)
	at com.accounting.service.CategoryService$$EnhancerBySpringCGLIB$$fc63dcf4.getCategoriesByType(<generated>)
	at com.accounting.controller.CategoryController.getCategoriesByType(CategoryController.java:38)
	at java.base/jdk.internal.reflect.NativeMethodAccessorImpl.invoke0(Native Method)
	at java.base/jdk.internal.reflect.NativeMethodAccessorImpl.invoke(NativeMethodAccessorImpl.java:62)
	at java.base/jdk.internal.reflect.DelegatingMethodAccessorImpl.invoke(DelegatingMethodAccessorImpl.java:43)
	at java.base/java.lang.reflect.Method.invoke(Method.java:566)
	at org.springframework.web.method.support.InvocableHandlerMethod.doInvoke(InvocableHandlerMethod.java:205)
	at org.springframework.web.method.support.InvocableHandlerMethod.invokeForRequest(InvocableHandlerMethod.java:150)
	at org.springframework.web.servlet.mvc.method.annotation.ServletInvocableHandlerMethod.invokeAndHandle(ServletInvocableHandlerMethod.java:117)
	at org.springframework.web.servlet.mvc.method.annotation.RequestMappingHandlerAdapter.invokeHandlerMethod(RequestMappingHandlerAdapter.java:895)
	at org.springframework.web.servlet.mvc.method.annotation.RequestMappingHandlerAdapter.handleInternal(RequestMappingHandlerAdapter.java:808)
	at org.springframework.web.servlet.mvc.method.AbstractHandlerMethodAdapter.handle(AbstractHandlerMethodAdapter.java:87)
	at org.springframework.web.servlet.DispatcherServlet.doDispatch(DispatcherServlet.java:1072)
	at org.springframework.web.servlet.DispatcherServlet.doService(DispatcherServlet.java:965)
	at org.springframework.web.servlet.FrameworkServlet.processRequest(FrameworkServlet.java:1006)
	at org.springframework.web.servlet.FrameworkServlet.doGet(FrameworkServlet.java:898)
	at javax.servlet.http.HttpServlet.service(HttpServlet.java:529)
	at org.springframework.web.servlet.FrameworkServlet.service(FrameworkServlet.java:883)
	at javax.servlet.http.HttpServlet.service(HttpServlet.java:623)
	at org.apache.catalina.core.ApplicationFilterChain.internalDoFilter(ApplicationFilterChain.java:209)
	at org.apache.catalina.core.ApplicationFilterChain.doFilter(ApplicationFilterChain.java:153)
	at org.apache.tomcat.websocket.server.WsFilter.doFilter(WsFilter.java:51)
	at org.apache.catalina.core.ApplicationFilterChain.internalDoFilter(ApplicationFilterChain.java:178)
	at org.apache.catalina.core.ApplicationFilterChain.doFilter(ApplicationFilterChain.java:153)
	at org.springframework.web.filter.CorsFilter.doFilterInternal(CorsFilter.java:91)
	at org.springframework.web.filter.OncePerRequestFilter.doFilter(OncePerRequestFilter.java:117)
	at org.apache.catalina.core.ApplicationFilterChain.internalDoFilter(ApplicationFilterChain.java:178)
	at org.apache.catalina.core.ApplicationFilterChain.doFilter(ApplicationFilterChain.java:153)
	at org.springframework.web.filter.RequestContextFilter.doFilterInternal(RequestContextFilter.java:100)
	at org.springframework.web.filter.OncePerRequestFilter.doFilter(OncePerRequestFilter.java:117)
	at org.apache.catalina.core.ApplicationFilterChain.internalDoFilter(ApplicationFilterChain.java:178)
	at org.apache.catalina.core.ApplicationFilterChain.doFilter(ApplicationFilterChain.java:153)
	at org.springframework.web.filter.FormContentFilter.doFilterInternal(FormContentFilter.java:93)
	at org.springframework.web.filter.OncePerRequestFilter.doFilter(OncePerRequestFilter.java:117)
	at org.apache.catalina.core.ApplicationFilterChain.internalDoFilter(ApplicationFilterChain.java:178)
	at org.apache.catalina.core.ApplicationFilterChain.doFilter(ApplicationFilterChain.java:153)
	at org.springframework.web.filter.CharacterEncodingFilter.doFilterInternal(CharacterEncodingFilter.java:201)
	at org.springframework.web.filter.OncePerRequestFilter.doFilter(OncePerRequestFilter.java:117)
	at org.apache.catalina.core.ApplicationFilterChain.internalDoFilter(ApplicationFilterChain.java:178)
	at org.apache.catalina.core.ApplicationFilterChain.doFilter(ApplicationFilterChain.java:153)
	at org.apache.catalina.core.StandardWrapperValve.invoke(StandardWrapperValve.java:168)
	at org.apache.catalina.core.StandardContextValve.invoke(StandardContextValve.java:90)
	at org.apache.catalina.authenticator.AuthenticatorBase.invoke(AuthenticatorBase.java:481)
	at org.apache.catalina.core.StandardHostValve.invoke(StandardHostValve.java:130)
	at org.apache.catalina.valves.ErrorReportValve.invoke(ErrorReportValve.java:93)
	at org.apache.catalina.core.StandardEngineValve.invoke(StandardEngineValve.java:74)
	at org.apache.catalina.connector.CoyoteAdapter.service(CoyoteAdapter.java:342)
	at org.apache.coyote.http11.Http11Processor.service(Http11Processor.java:390)
	at org.apache.coyote.AbstractProcessorLight.process(AbstractProcessorLight.java:63)
	at org.apache.coyote.AbstractProtocol$ConnectionHandler.process(AbstractProtocol.java:928)
	at org.apache.tomcat.util.net.NioEndpoint$SocketProcessor.doRun(NioEndpoint.java:1794)
	at org.apache.tomcat.util.net.SocketProcessorBase.run(SocketProcessorBase.java:52)
	at org.apache.tomcat.util.threads.ThreadPoolExecutor.runWorker(ThreadPoolExecutor.java:1191)
	at org.apache.tomcat.util.threads.ThreadPoolExecutor$Worker.run(ThreadPoolExecutor.java:659)
	at org.apache.tomcat.util.threads.TaskThread$WrappingRunnable.run(TaskThread.java:61)
	at java.base/java.lang.Thread.run(Thread.java:834)
Caused by: org.springframework.core.serializer.support.SerializationFailedException: Failed to serialize object using DefaultSerializer; nested exception is java.io.NotSerializableException: com.accounting.entity.Category
	at org.springframework.core.serializer.support.SerializingConverter.convert(SerializingConverter.java:64)
	at org.springframework.core.serializer.support.SerializingConverter.convert(SerializingConverter.java:33)
	at org.springframework.data.redis.serializer.JdkSerializationRedisSerializer.serialize(JdkSerializationRedisSerializer.java:94)
	... 68 common frames omitted
Caused by: java.io.NotSerializableException: com.accounting.entity.Category
	at java.base/java.io.ObjectOutputStream.writeObject0(ObjectOutputStream.java:1185)
	at java.base/java.io.ObjectOutputStream.writeObject(ObjectOutputStream.java:349)
	at java.base/java.util.ArrayList.writeObject(ArrayList.java:896)
	at java.base/jdk.internal.reflect.NativeMethodAccessorImpl.invoke0(Native Method)
	at java.base/jdk.internal.reflect.NativeMethodAccessorImpl.invoke(NativeMethodAccessorImpl.java:62)
	at java.base/jdk.internal.reflect.DelegatingMethodAccessorImpl.invoke(DelegatingMethodAccessorImpl.java:43)
	at java.base/java.lang.reflect.Method.invoke(Method.java:566)
	at java.base/java.io.ObjectStreamClass.invokeWriteObject(ObjectStreamClass.java:1130)
	at java.base/java.io.ObjectOutputStream.writeSerialData(ObjectOutputStream.java:1497)
	at java.base/java.io.ObjectOutputStream.writeOrdinaryObject(ObjectOutputStream.java:1433)
	at java.base/java.io.ObjectOutputStream.writeObject0(ObjectOutputStream.java:1179)
	at java.base/java.io.ObjectOutputStream.writeObject(ObjectOutputStream.java:349)
	at org.springframework.core.serializer.DefaultSerializer.serialize(DefaultSerializer.java:46)
	at org.springframework.core.serializer.Serializer.serializeToByteArray(Serializer.java:56)
	at org.springframework.core.serializer.support.SerializingConverter.convert(SerializingConverter.java:60)
	... 70 common frames omitted
2026-05-26 14:22:33 [http-nio-8080-exec-4] INFO  c.a.service.DashboardService - 检查异常消费: 月均支出=0.00
2026-05-26 14:22:33 [http-nio-8080-exec-4] ERROR c.a.exception.GlobalExceptionHandler - 系统异常: 
org.springframework.data.redis.serializer.SerializationException: Cannot serialize; nested exception is org.springframework.core.serializer.support.SerializationFailedException: Failed to serialize object using DefaultSerializer; nested exception is java.lang.IllegalArgumentException: DefaultSerializer requires a Serializable payload but received an object of type [com.accounting.dto.DashboardDTO]
	at org.springframework.data.redis.serializer.JdkSerializationRedisSerializer.serialize(JdkSerializationRedisSerializer.java:96)
	at org.springframework.data.redis.serializer.DefaultRedisElementWriter.write(DefaultRedisElementWriter.java:44)
	at org.springframework.data.redis.serializer.RedisSerializationContext$SerializationPair.write(RedisSerializationContext.java:290)
	at org.springframework.data.redis.cache.RedisCache.serializeCacheValue(RedisCache.java:285)
	at org.springframework.data.redis.cache.RedisCache.put(RedisCache.java:171)
	at org.springframework.cache.interceptor.AbstractCacheInvoker.doPut(AbstractCacheInvoker.java:87)
	at org.springframework.cache.interceptor.CacheAspectSupport$CachePutRequest.apply(CacheAspectSupport.java:837)
	at org.springframework.cache.interceptor.CacheAspectSupport.execute(CacheAspectSupport.java:429)
	at org.springframework.cache.interceptor.CacheAspectSupport.execute(CacheAspectSupport.java:345)
	at org.springframework.cache.interceptor.CacheInterceptor.invoke(CacheInterceptor.java:64)
	at org.springframework.aop.framework.ReflectiveMethodInvocation.proceed(ReflectiveMethodInvocation.java:186)
	at org.springframework.aop.framework.CglibAopProxy$CglibMethodInvocation.proceed(CglibAopProxy.java:762)
	at org.springframework.aop.framework.CglibAopProxy$DynamicAdvisedInterceptor.intercept(CglibAopProxy.java:707)
	at com.accounting.service.DashboardService$$EnhancerBySpringCGLIB$$cb815804.getDashboardData(<generated>)
	at com.accounting.controller.DashboardController.getDashboardData(DashboardController.java:27)
	at java.base/jdk.internal.reflect.NativeMethodAccessorImpl.invoke0(Native Method)
	at java.base/jdk.internal.reflect.NativeMethodAccessorImpl.invoke(NativeMethodAccessorImpl.java:62)
	at java.base/jdk.internal.reflect.DelegatingMethodAccessorImpl.invoke(DelegatingMethodAccessorImpl.java:43)
	at java.base/java.lang.reflect.Method.invoke(Method.java:566)
	at org.springframework.web.method.support.InvocableHandlerMethod.doInvoke(InvocableHandlerMethod.java:205)
	at org.springframework.web.method.support.InvocableHandlerMethod.invokeForRequest(InvocableHandlerMethod.java:150)
	at org.springframework.web.servlet.mvc.method.annotation.ServletInvocableHandlerMethod.invokeAndHandle(ServletInvocableHandlerMethod.java:117)
	at org.springframework.web.servlet.mvc.method.annotation.RequestMappingHandlerAdapter.invokeHandlerMethod(RequestMappingHandlerAdapter.java:895)
	at org.springframework.web.servlet.mvc.method.annotation.RequestMappingHandlerAdapter.handleInternal(RequestMappingHandlerAdapter.java:808)
	at org.springframework.web.servlet.mvc.method.AbstractHandlerMethodAdapter.handle(AbstractHandlerMethodAdapter.java:87)
	at org.springframework.web.servlet.DispatcherServlet.doDispatch(DispatcherServlet.java:1072)
	at org.springframework.web.servlet.DispatcherServlet.doService(DispatcherServlet.java:965)
	at org.springframework.web.servlet.FrameworkServlet.processRequest(FrameworkServlet.java:1006)
	at org.springframework.web.servlet.FrameworkServlet.doGet(FrameworkServlet.java:898)
	at javax.servlet.http.HttpServlet.service(HttpServlet.java:529)
	at org.springframework.web.servlet.FrameworkServlet.service(FrameworkServlet.java:883)
	at javax.servlet.http.HttpServlet.service(HttpServlet.java:623)
	at org.apache.catalina.core.ApplicationFilterChain.internalDoFilter(ApplicationFilterChain.java:209)
	at org.apache.catalina.core.ApplicationFilterChain.doFilter(ApplicationFilterChain.java:153)
	at org.apache.tomcat.websocket.server.WsFilter.doFilter(WsFilter.java:51)
	at org.apache.catalina.core.ApplicationFilterChain.internalDoFilter(ApplicationFilterChain.java:178)
	at org.apache.catalina.core.ApplicationFilterChain.doFilter(ApplicationFilterChain.java:153)
	at org.springframework.web.filter.CorsFilter.doFilterInternal(CorsFilter.java:91)
	at org.springframework.web.filter.OncePerRequestFilter.doFilter(OncePerRequestFilter.java:117)
	at org.apache.catalina.core.ApplicationFilterChain.internalDoFilter(ApplicationFilterChain.java:178)
	at org.apache.catalina.core.ApplicationFilterChain.doFilter(ApplicationFilterChain.java:153)
	at org.springframework.web.filter.RequestContextFilter.doFilterInternal(RequestContextFilter.java:100)
	at org.springframework.web.filter.OncePerRequestFilter.doFilter(OncePerRequestFilter.java:117)
	at org.apache.catalina.core.ApplicationFilterChain.internalDoFilter(ApplicationFilterChain.java:178)
	at org.apache.catalina.core.ApplicationFilterChain.doFilter(ApplicationFilterChain.java:153)
	at org.springframework.web.filter.FormContentFilter.doFilterInternal(FormContentFilter.java:93)
	at org.springframework.web.filter.OncePerRequestFilter.doFilter(OncePerRequestFilter.java:117)
	at org.apache.catalina.core.ApplicationFilterChain.internalDoFilter(ApplicationFilterChain.java:178)
	at org.apache.catalina.core.ApplicationFilterChain.doFilter(ApplicationFilterChain.java:153)
	at org.springframework.web.filter.CharacterEncodingFilter.doFilterInternal(CharacterEncodingFilter.java:201)
	at org.springframework.web.filter.OncePerRequestFilter.doFilter(OncePerRequestFilter.java:117)
	at org.apache.catalina.core.ApplicationFilterChain.internalDoFilter(ApplicationFilterChain.java:178)
	at org.apache.catalina.core.ApplicationFilterChain.doFilter(ApplicationFilterChain.java:153)
	at org.apache.catalina.core.StandardWrapperValve.invoke(StandardWrapperValve.java:168)
	at org.apache.catalina.core.StandardContextValve.invoke(StandardContextValve.java:90)
	at org.apache.catalina.authenticator.AuthenticatorBase.invoke(AuthenticatorBase.java:481)
	at org.apache.catalina.core.StandardHostValve.invoke(StandardHostValve.java:130)
	at org.apache.catalina.valves.ErrorReportValve.invoke(ErrorReportValve.java:93)
	at org.apache.catalina.core.StandardEngineValve.invoke(StandardEngineValve.java:74)
	at org.apache.catalina.connector.CoyoteAdapter.service(CoyoteAdapter.java:342)
	at org.apache.coyote.http11.Http11Processor.service(Http11Processor.java:390)
	at org.apache.coyote.AbstractProcessorLight.process(AbstractProcessorLight.java:63)
	at org.apache.coyote.AbstractProtocol$ConnectionHandler.process(AbstractProtocol.java:928)
	at org.apache.tomcat.util.net.NioEndpoint$SocketProcessor.doRun(NioEndpoint.java:1794)
	at org.apache.tomcat.util.net.SocketProcessorBase.run(SocketProcessorBase.java:52)
	at org.apache.tomcat.util.threads.ThreadPoolExecutor.runWorker(ThreadPoolExecutor.java:1191)
	at org.apache.tomcat.util.threads.ThreadPoolExecutor$Worker.run(ThreadPoolExecutor.java:659)
	at org.apache.tomcat.util.threads.TaskThread$WrappingRunnable.run(TaskThread.java:61)
	at java.base/java.lang.Thread.run(Thread.java:834)
Caused by: org.springframework.core.serializer.support.SerializationFailedException: Failed to serialize object using DefaultSerializer; nested exception is java.lang.IllegalArgumentException: DefaultSerializer requires a Serializable payload but received an object of type [com.accounting.dto.DashboardDTO]
	at org.springframework.core.serializer.support.SerializingConverter.convert(SerializingConverter.java:64)
	at org.springframework.core.serializer.support.SerializingConverter.convert(SerializingConverter.java:33)
	at org.springframework.data.redis.serializer.JdkSerializationRedisSerializer.serialize(JdkSerializationRedisSerializer.java:94)
	... 68 common frames omitted
Caused by: java.lang.IllegalArgumentException: DefaultSerializer requires a Serializable payload but received an object of type [com.accounting.dto.DashboardDTO]
	at org.springframework.core.serializer.DefaultSerializer.serialize(DefaultSerializer.java:43)
	at org.springframework.core.serializer.Serializer.serializeToByteArray(Serializer.java:56)
	at org.springframework.core.serializer.support.SerializingConverter.convert(SerializingConverter.java:60)
	... 70 common frames omitted
2026-05-26 14:23:15 [http-nio-8080-exec-2] INFO  c.a.controller.DashboardController - API: 获取看板数据
2026-05-26 14:23:15 [http-nio-8080-exec-5] INFO  c.a.controller.BillController - API: 获取最近30天的账单
2026-05-26 14:23:15 [http-nio-8080-exec-2] INFO  c.a.service.DashboardService - 获取看板数据
2026-05-26 14:23:15 [http-nio-8080-exec-5] INFO  com.accounting.service.BillService - 获取最近30天的账单
2026-05-26 14:23:15 [http-nio-8080-exec-5] DEBUG com.accounting.service.BillService - 从Redis缓存获取最近30天账单
2026-05-26 14:23:15 [http-nio-8080-exec-7] INFO  c.a.controller.CategoryController - API: 按类型获取分类: EXPENSE
2026-05-26 14:23:15 [http-nio-8080-exec-2] INFO  com.accounting.service.BudgetService - 获取当前生效的预算列表
2026-05-26 14:23:15 [http-nio-8080-exec-7] INFO  c.accounting.service.CategoryService - 获取支出分类列表
2026-05-26 14:23:15 [http-nio-8080-exec-2] INFO  com.accounting.service.BudgetService - 计算预算使用情况: 1
2026-05-26 14:23:15 [http-nio-8080-exec-2] INFO  com.accounting.service.BudgetService - 根据ID获取预算: 1
2026-05-26 14:23:15 [http-nio-8080-exec-2] INFO  com.accounting.service.BudgetService - 计算预算使用情况: 1
2026-05-26 14:23:15 [http-nio-8080-exec-2] INFO  com.accounting.service.BudgetService - 根据ID获取预算: 1
2026-05-26 14:23:15 [http-nio-8080-exec-2] INFO  c.a.service.DashboardService - 检查异常消费: 月均支出=0.00
2026-05-26 14:23:15 [http-nio-8080-exec-7] ERROR c.a.exception.GlobalExceptionHandler - 系统异常: 
org.springframework.data.redis.serializer.SerializationException: Cannot serialize; nested exception is org.springframework.core.serializer.support.SerializationFailedException: Failed to serialize object using DefaultSerializer; nested exception is java.io.NotSerializableException: com.accounting.entity.Category
	at org.springframework.data.redis.serializer.JdkSerializationRedisSerializer.serialize(JdkSerializationRedisSerializer.java:96)
	at org.springframework.data.redis.serializer.DefaultRedisElementWriter.write(DefaultRedisElementWriter.java:44)
	at org.springframework.data.redis.serializer.RedisSerializationContext$SerializationPair.write(RedisSerializationContext.java:290)
	at org.springframework.data.redis.cache.RedisCache.serializeCacheValue(RedisCache.java:285)
	at org.springframework.data.redis.cache.RedisCache.put(RedisCache.java:171)
	at org.springframework.cache.interceptor.AbstractCacheInvoker.doPut(AbstractCacheInvoker.java:87)
	at org.springframework.cache.interceptor.CacheAspectSupport$CachePutRequest.apply(CacheAspectSupport.java:837)
	at org.springframework.cache.interceptor.CacheAspectSupport.execute(CacheAspectSupport.java:429)
	at org.springframework.cache.interceptor.CacheAspectSupport.execute(CacheAspectSupport.java:345)
	at org.springframework.cache.interceptor.CacheInterceptor.invoke(CacheInterceptor.java:64)
	at org.springframework.aop.framework.ReflectiveMethodInvocation.proceed(ReflectiveMethodInvocation.java:186)
	at org.springframework.aop.framework.CglibAopProxy$CglibMethodInvocation.proceed(CglibAopProxy.java:762)
	at org.springframework.aop.framework.CglibAopProxy$DynamicAdvisedInterceptor.intercept(CglibAopProxy.java:707)
	at com.accounting.service.CategoryService$$EnhancerBySpringCGLIB$$fc63dcf4.getCategoriesByType(<generated>)
	at com.accounting.controller.CategoryController.getCategoriesByType(CategoryController.java:38)
	at java.base/jdk.internal.reflect.NativeMethodAccessorImpl.invoke0(Native Method)
	at java.base/jdk.internal.reflect.NativeMethodAccessorImpl.invoke(NativeMethodAccessorImpl.java:62)
	at java.base/jdk.internal.reflect.DelegatingMethodAccessorImpl.invoke(DelegatingMethodAccessorImpl.java:43)
	at java.base/java.lang.reflect.Method.invoke(Method.java:566)
	at org.springframework.web.method.support.InvocableHandlerMethod.doInvoke(InvocableHandlerMethod.java:205)
	at org.springframework.web.method.support.InvocableHandlerMethod.invokeForRequest(InvocableHandlerMethod.java:150)
	at org.springframework.web.servlet.mvc.method.annotation.ServletInvocableHandlerMethod.invokeAndHandle(ServletInvocableHandlerMethod.java:117)
	at org.springframework.web.servlet.mvc.method.annotation.RequestMappingHandlerAdapter.invokeHandlerMethod(RequestMappingHandlerAdapter.java:895)
	at org.springframework.web.servlet.mvc.method.annotation.RequestMappingHandlerAdapter.handleInternal(RequestMappingHandlerAdapter.java:808)
	at org.springframework.web.servlet.mvc.method.AbstractHandlerMethodAdapter.handle(AbstractHandlerMethodAdapter.java:87)
	at org.springframework.web.servlet.DispatcherServlet.doDispatch(DispatcherServlet.java:1072)
	at org.springframework.web.servlet.DispatcherServlet.doService(DispatcherServlet.java:965)
	at org.springframework.web.servlet.FrameworkServlet.processRequest(FrameworkServlet.java:1006)
	at org.springframework.web.servlet.FrameworkServlet.doGet(FrameworkServlet.java:898)
	at javax.servlet.http.HttpServlet.service(HttpServlet.java:529)
	at org.springframework.web.servlet.FrameworkServlet.service(FrameworkServlet.java:883)
	at javax.servlet.http.HttpServlet.service(HttpServlet.java:623)
	at org.apache.catalina.core.ApplicationFilterChain.internalDoFilter(ApplicationFilterChain.java:209)
	at org.apache.catalina.core.ApplicationFilterChain.doFilter(ApplicationFilterChain.java:153)
	at org.apache.tomcat.websocket.server.WsFilter.doFilter(WsFilter.java:51)
	at org.apache.catalina.core.ApplicationFilterChain.internalDoFilter(ApplicationFilterChain.java:178)
	at org.apache.catalina.core.ApplicationFilterChain.doFilter(ApplicationFilterChain.java:153)
	at org.springframework.web.filter.CorsFilter.doFilterInternal(CorsFilter.java:91)
	at org.springframework.web.filter.OncePerRequestFilter.doFilter(OncePerRequestFilter.java:117)
	at org.apache.catalina.core.ApplicationFilterChain.internalDoFilter(ApplicationFilterChain.java:178)
	at org.apache.catalina.core.ApplicationFilterChain.doFilter(ApplicationFilterChain.java:153)
	at org.springframework.web.filter.RequestContextFilter.doFilterInternal(RequestContextFilter.java:100)
	at org.springframework.web.filter.OncePerRequestFilter.doFilter(OncePerRequestFilter.java:117)
	at org.apache.catalina.core.ApplicationFilterChain.internalDoFilter(ApplicationFilterChain.java:178)
	at org.apache.catalina.core.ApplicationFilterChain.doFilter(ApplicationFilterChain.java:153)
	at org.springframework.web.filter.FormContentFilter.doFilterInternal(FormContentFilter.java:93)
	at org.springframework.web.filter.OncePerRequestFilter.doFilter(OncePerRequestFilter.java:117)
	at org.apache.catalina.core.ApplicationFilterChain.internalDoFilter(ApplicationFilterChain.java:178)
	at org.apache.catalina.core.ApplicationFilterChain.doFilter(ApplicationFilterChain.java:153)
	at org.springframework.web.filter.CharacterEncodingFilter.doFilterInternal(CharacterEncodingFilter.java:201)
	at org.springframework.web.filter.OncePerRequestFilter.doFilter(OncePerRequestFilter.java:117)
	at org.apache.catalina.core.ApplicationFilterChain.internalDoFilter(ApplicationFilterChain.java:178)
	at org.apache.catalina.core.ApplicationFilterChain.doFilter(ApplicationFilterChain.java:153)
	at org.apache.catalina.core.StandardWrapperValve.invoke(StandardWrapperValve.java:168)
	at org.apache.catalina.core.StandardContextValve.invoke(StandardContextValve.java:90)
	at org.apache.catalina.authenticator.AuthenticatorBase.invoke(AuthenticatorBase.java:481)
	at org.apache.catalina.core.StandardHostValve.invoke(StandardHostValve.java:130)
	at org.apache.catalina.valves.ErrorReportValve.invoke(ErrorReportValve.java:93)
	at org.apache.catalina.core.StandardEngineValve.invoke(StandardEngineValve.java:74)
	at org.apache.catalina.connector.CoyoteAdapter.service(CoyoteAdapter.java:342)
	at org.apache.coyote.http11.Http11Processor.service(Http11Processor.java:390)
	at org.apache.coyote.AbstractProcessorLight.process(AbstractProcessorLight.java:63)
	at org.apache.coyote.AbstractProtocol$ConnectionHandler.process(AbstractProtocol.java:928)
	at org.apache.tomcat.util.net.NioEndpoint$SocketProcessor.doRun(NioEndpoint.java:1794)
	at org.apache.tomcat.util.net.SocketProcessorBase.run(SocketProcessorBase.java:52)
	at org.apache.tomcat.util.threads.ThreadPoolExecutor.runWorker(ThreadPoolExecutor.java:1191)
	at org.apache.tomcat.util.threads.ThreadPoolExecutor$Worker.run(ThreadPoolExecutor.java:659)
	at org.apache.tomcat.util.threads.TaskThread$WrappingRunnable.run(TaskThread.java:61)
	at java.base/java.lang.Thread.run(Thread.java:834)
Caused by: org.springframework.core.serializer.support.SerializationFailedException: Failed to serialize object using DefaultSerializer; nested exception is java.io.NotSerializableException: com.accounting.entity.Category
	at org.springframework.core.serializer.support.SerializingConverter.convert(SerializingConverter.java:64)
	at org.springframework.core.serializer.support.SerializingConverter.convert(SerializingConverter.java:33)
	at org.springframework.data.redis.serializer.JdkSerializationRedisSerializer.serialize(JdkSerializationRedisSerializer.java:94)
	... 68 common frames omitted
Caused by: java.io.NotSerializableException: com.accounting.entity.Category
	at java.base/java.io.ObjectOutputStream.writeObject0(ObjectOutputStream.java:1185)
	at java.base/java.io.ObjectOutputStream.writeObject(ObjectOutputStream.java:349)
	at java.base/java.util.ArrayList.writeObject(ArrayList.java:896)
	at java.base/jdk.internal.reflect.NativeMethodAccessorImpl.invoke0(Native Method)
	at java.base/jdk.internal.reflect.NativeMethodAccessorImpl.invoke(NativeMethodAccessorImpl.java:62)
	at java.base/jdk.internal.reflect.DelegatingMethodAccessorImpl.invoke(DelegatingMethodAccessorImpl.java:43)
	at java.base/java.lang.reflect.Method.invoke(Method.java:566)
	at java.base/java.io.ObjectStreamClass.invokeWriteObject(ObjectStreamClass.java:1130)
	at java.base/java.io.ObjectOutputStream.writeSerialData(ObjectOutputStream.java:1497)
	at java.base/java.io.ObjectOutputStream.writeOrdinaryObject(ObjectOutputStream.java:1433)
	at java.base/java.io.ObjectOutputStream.writeObject0(ObjectOutputStream.java:1179)
	at java.base/java.io.ObjectOutputStream.writeObject(ObjectOutputStream.java:349)
	at org.springframework.core.serializer.DefaultSerializer.serialize(DefaultSerializer.java:46)
	at org.springframework.core.serializer.Serializer.serializeToByteArray(Serializer.java:56)
	at org.springframework.core.serializer.support.SerializingConverter.convert(SerializingConverter.java:60)
	... 70 common frames omitted
2026-05-26 14:23:15 [http-nio-8080-exec-2] ERROR c.a.exception.GlobalExceptionHandler - 系统异常: 
org.springframework.data.redis.serializer.SerializationException: Cannot serialize; nested exception is org.springframework.core.serializer.support.SerializationFailedException: Failed to serialize object using DefaultSerializer; nested exception is java.lang.IllegalArgumentException: DefaultSerializer requires a Serializable payload but received an object of type [com.accounting.dto.DashboardDTO]
	at org.springframework.data.redis.serializer.JdkSerializationRedisSerializer.serialize(JdkSerializationRedisSerializer.java:96)
	at org.springframework.data.redis.serializer.DefaultRedisElementWriter.write(DefaultRedisElementWriter.java:44)
	at org.springframework.data.redis.serializer.RedisSerializationContext$SerializationPair.write(RedisSerializationContext.java:290)
	at org.springframework.data.redis.cache.RedisCache.serializeCacheValue(RedisCache.java:285)
	at org.springframework.data.redis.cache.RedisCache.put(RedisCache.java:171)
	at org.springframework.cache.interceptor.AbstractCacheInvoker.doPut(AbstractCacheInvoker.java:87)
	at org.springframework.cache.interceptor.CacheAspectSupport$CachePutRequest.apply(CacheAspectSupport.java:837)
	at org.springframework.cache.interceptor.CacheAspectSupport.execute(CacheAspectSupport.java:429)
	at org.springframework.cache.interceptor.CacheAspectSupport.execute(CacheAspectSupport.java:345)
	at org.springframework.cache.interceptor.CacheInterceptor.invoke(CacheInterceptor.java:64)
	at org.springframework.aop.framework.ReflectiveMethodInvocation.proceed(ReflectiveMethodInvocation.java:186)
	at org.springframework.aop.framework.CglibAopProxy$CglibMethodInvocation.proceed(CglibAopProxy.java:762)
	at org.springframework.aop.framework.CglibAopProxy$DynamicAdvisedInterceptor.intercept(CglibAopProxy.java:707)
	at com.accounting.service.DashboardService$$EnhancerBySpringCGLIB$$cb815804.getDashboardData(<generated>)
	at com.accounting.controller.DashboardController.getDashboardData(DashboardController.java:27)
	at java.base/jdk.internal.reflect.NativeMethodAccessorImpl.invoke0(Native Method)
	at java.base/jdk.internal.reflect.NativeMethodAccessorImpl.invoke(NativeMethodAccessorImpl.java:62)
	at java.base/jdk.internal.reflect.DelegatingMethodAccessorImpl.invoke(DelegatingMethodAccessorImpl.java:43)
	at java.base/java.lang.reflect.Method.invoke(Method.java:566)
	at org.springframework.web.method.support.InvocableHandlerMethod.doInvoke(InvocableHandlerMethod.java:205)
	at org.springframework.web.method.support.InvocableHandlerMethod.invokeForRequest(InvocableHandlerMethod.java:150)
	at org.springframework.web.servlet.mvc.method.annotation.ServletInvocableHandlerMethod.invokeAndHandle(ServletInvocableHandlerMethod.java:117)
	at org.springframework.web.servlet.mvc.method.annotation.RequestMappingHandlerAdapter.invokeHandlerMethod(RequestMappingHandlerAdapter.java:895)
	at org.springframework.web.servlet.mvc.method.annotation.RequestMappingHandlerAdapter.handleInternal(RequestMappingHandlerAdapter.java:808)
	at org.springframework.web.servlet.mvc.method.AbstractHandlerMethodAdapter.handle(AbstractHandlerMethodAdapter.java:87)
	at org.springframework.web.servlet.DispatcherServlet.doDispatch(DispatcherServlet.java:1072)
	at org.springframework.web.servlet.DispatcherServlet.doService(DispatcherServlet.java:965)
	at org.springframework.web.servlet.FrameworkServlet.processRequest(FrameworkServlet.java:1006)
	at org.springframework.web.servlet.FrameworkServlet.doGet(FrameworkServlet.java:898)
	at javax.servlet.http.HttpServlet.service(HttpServlet.java:529)
	at org.springframework.web.servlet.FrameworkServlet.service(FrameworkServlet.java:883)
	at javax.servlet.http.HttpServlet.service(HttpServlet.java:623)
	at org.apache.catalina.core.ApplicationFilterChain.internalDoFilter(ApplicationFilterChain.java:209)
	at org.apache.catalina.core.ApplicationFilterChain.doFilter(ApplicationFilterChain.java:153)
	at org.apache.tomcat.websocket.server.WsFilter.doFilter(WsFilter.java:51)
	at org.apache.catalina.core.ApplicationFilterChain.internalDoFilter(ApplicationFilterChain.java:178)
	at org.apache.catalina.core.ApplicationFilterChain.doFilter(ApplicationFilterChain.java:153)
	at org.springframework.web.filter.CorsFilter.doFilterInternal(CorsFilter.java:91)
	at org.springframework.web.filter.OncePerRequestFilter.doFilter(OncePerRequestFilter.java:117)
	at org.apache.catalina.core.ApplicationFilterChain.internalDoFilter(ApplicationFilterChain.java:178)
	at org.apache.catalina.core.ApplicationFilterChain.doFilter(ApplicationFilterChain.java:153)
	at org.springframework.web.filter.RequestContextFilter.doFilterInternal(RequestContextFilter.java:100)
	at org.springframework.web.filter.OncePerRequestFilter.doFilter(OncePerRequestFilter.java:117)
	at org.apache.catalina.core.ApplicationFilterChain.internalDoFilter(ApplicationFilterChain.java:178)
	at org.apache.catalina.core.ApplicationFilterChain.doFilter(ApplicationFilterChain.java:153)
	at org.springframework.web.filter.FormContentFilter.doFilterInternal(FormContentFilter.java:93)
	at org.springframework.web.filter.OncePerRequestFilter.doFilter(OncePerRequestFilter.java:117)
	at org.apache.catalina.core.ApplicationFilterChain.internalDoFilter(ApplicationFilterChain.java:178)
	at org.apache.catalina.core.ApplicationFilterChain.doFilter(ApplicationFilterChain.java:153)
	at org.springframework.web.filter.CharacterEncodingFilter.doFilterInternal(CharacterEncodingFilter.java:201)
	at org.springframework.web.filter.OncePerRequestFilter.doFilter(OncePerRequestFilter.java:117)
	at org.apache.catalina.core.ApplicationFilterChain.internalDoFilter(ApplicationFilterChain.java:178)
	at org.apache.catalina.core.ApplicationFilterChain.doFilter(ApplicationFilterChain.java:153)
	at org.apache.catalina.core.StandardWrapperValve.invoke(StandardWrapperValve.java:168)
	at org.apache.catalina.core.StandardContextValve.invoke(StandardContextValve.java:90)
	at org.apache.catalina.authenticator.AuthenticatorBase.invoke(AuthenticatorBase.java:481)
	at org.apache.catalina.core.StandardHostValve.invoke(StandardHostValve.java:130)
	at org.apache.catalina.valves.ErrorReportValve.invoke(ErrorReportValve.java:93)
	at org.apache.catalina.core.StandardEngineValve.invoke(StandardEngineValve.java:74)
	at org.apache.catalina.connector.CoyoteAdapter.service(CoyoteAdapter.java:342)
	at org.apache.coyote.http11.Http11Processor.service(Http11Processor.java:390)
	at org.apache.coyote.AbstractProcessorLight.process(AbstractProcessorLight.java:63)
	at org.apache.coyote.AbstractProtocol$ConnectionHandler.process(AbstractProtocol.java:928)
	at org.apache.tomcat.util.net.NioEndpoint$SocketProcessor.doRun(NioEndpoint.java:1794)
	at org.apache.tomcat.util.net.SocketProcessorBase.run(SocketProcessorBase.java:52)
	at org.apache.tomcat.util.threads.ThreadPoolExecutor.runWorker(ThreadPoolExecutor.java:1191)
	at org.apache.tomcat.util.threads.ThreadPoolExecutor$Worker.run(ThreadPoolExecutor.java:659)
	at org.apache.tomcat.util.threads.TaskThread$WrappingRunnable.run(TaskThread.java:61)
	at java.base/java.lang.Thread.run(Thread.java:834)
Caused by: org.springframework.core.serializer.support.SerializationFailedException: Failed to serialize object using DefaultSerializer; nested exception is java.lang.IllegalArgumentException: DefaultSerializer requires a Serializable payload but received an object of type [com.accounting.dto.DashboardDTO]
	at org.springframework.core.serializer.support.SerializingConverter.convert(SerializingConverter.java:64)
	at org.springframework.core.serializer.support.SerializingConverter.convert(SerializingConverter.java:33)
	at org.springframework.data.redis.serializer.JdkSerializationRedisSerializer.serialize(JdkSerializationRedisSerializer.java:94)
	... 68 common frames omitted
Caused by: java.lang.IllegalArgumentException: DefaultSerializer requires a Serializable payload but received an object of type [com.accounting.dto.DashboardDTO]
	at org.springframework.core.serializer.DefaultSerializer.serialize(DefaultSerializer.java:43)
	at org.springframework.core.serializer.Serializer.serializeToByteArray(Serializer.java:56)
	at org.springframework.core.serializer.support.SerializingConverter.convert(SerializingConverter.java:60)
	... 70 common frames omitted
2026-05-26 14:23:21 [http-nio-8080-exec-6] INFO  c.a.controller.DashboardController - API: 获取看板数据
2026-05-26 14:23:21 [http-nio-8080-exec-6] INFO  c.a.service.DashboardService - 获取看板数据
2026-05-26 14:23:21 [http-nio-8080-exec-8] INFO  c.a.controller.BillController - API: 获取最近30天的账单
2026-05-26 14:23:21 [http-nio-8080-exec-8] INFO  com.accounting.service.BillService - 获取最近30天的账单
2026-05-26 14:23:21 [http-nio-8080-exec-8] DEBUG com.accounting.service.BillService - 从Redis缓存获取最近30天账单
2026-05-26 14:23:21 [http-nio-8080-exec-10] INFO  c.a.controller.CategoryController - API: 按类型获取分类: EXPENSE
2026-05-26 14:23:21 [http-nio-8080-exec-10] INFO  c.accounting.service.CategoryService - 获取支出分类列表
2026-05-26 14:23:21 [http-nio-8080-exec-6] INFO  com.accounting.service.BudgetService - 获取当前生效的预算列表
2026-05-26 14:23:21 [http-nio-8080-exec-6] INFO  com.accounting.service.BudgetService - 计算预算使用情况: 1
2026-05-26 14:23:21 [http-nio-8080-exec-6] INFO  com.accounting.service.BudgetService - 根据ID获取预算: 1
2026-05-26 14:23:21 [http-nio-8080-exec-6] INFO  com.accounting.service.BudgetService - 计算预算使用情况: 1
2026-05-26 14:23:21 [http-nio-8080-exec-6] INFO  com.accounting.service.BudgetService - 根据ID获取预算: 1
2026-05-26 14:23:21 [http-nio-8080-exec-6] INFO  c.a.service.DashboardService - 检查异常消费: 月均支出=0.00
2026-05-26 14:23:21 [http-nio-8080-exec-10] ERROR c.a.exception.GlobalExceptionHandler - 系统异常: 
org.springframework.data.redis.serializer.SerializationException: Cannot serialize; nested exception is org.springframework.core.serializer.support.SerializationFailedException: Failed to serialize object using DefaultSerializer; nested exception is java.io.NotSerializableException: com.accounting.entity.Category
	at org.springframework.data.redis.serializer.JdkSerializationRedisSerializer.serialize(JdkSerializationRedisSerializer.java:96)
	at org.springframework.data.redis.serializer.DefaultRedisElementWriter.write(DefaultRedisElementWriter.java:44)
	at org.springframework.data.redis.serializer.RedisSerializationContext$SerializationPair.write(RedisSerializationContext.java:290)
	at org.springframework.data.redis.cache.RedisCache.serializeCacheValue(RedisCache.java:285)
	at org.springframework.data.redis.cache.RedisCache.put(RedisCache.java:171)
	at org.springframework.cache.interceptor.AbstractCacheInvoker.doPut(AbstractCacheInvoker.java:87)
	at org.springframework.cache.interceptor.CacheAspectSupport$CachePutRequest.apply(CacheAspectSupport.java:837)
	at org.springframework.cache.interceptor.CacheAspectSupport.execute(CacheAspectSupport.java:429)
	at org.springframework.cache.interceptor.CacheAspectSupport.execute(CacheAspectSupport.java:345)
	at org.springframework.cache.interceptor.CacheInterceptor.invoke(CacheInterceptor.java:64)
	at org.springframework.aop.framework.ReflectiveMethodInvocation.proceed(ReflectiveMethodInvocation.java:186)
	at org.springframework.aop.framework.CglibAopProxy$CglibMethodInvocation.proceed(CglibAopProxy.java:762)
	at org.springframework.aop.framework.CglibAopProxy$DynamicAdvisedInterceptor.intercept(CglibAopProxy.java:707)
	at com.accounting.service.CategoryService$$EnhancerBySpringCGLIB$$fc63dcf4.getCategoriesByType(<generated>)
	at com.accounting.controller.CategoryController.getCategoriesByType(CategoryController.java:38)
	at java.base/jdk.internal.reflect.NativeMethodAccessorImpl.invoke0(Native Method)
	at java.base/jdk.internal.reflect.NativeMethodAccessorImpl.invoke(NativeMethodAccessorImpl.java:62)
	at java.base/jdk.internal.reflect.DelegatingMethodAccessorImpl.invoke(DelegatingMethodAccessorImpl.java:43)
	at java.base/java.lang.reflect.Method.invoke(Method.java:566)
	at org.springframework.web.method.support.InvocableHandlerMethod.doInvoke(InvocableHandlerMethod.java:205)
	at org.springframework.web.method.support.InvocableHandlerMethod.invokeForRequest(InvocableHandlerMethod.java:150)
	at org.springframework.web.servlet.mvc.method.annotation.ServletInvocableHandlerMethod.invokeAndHandle(ServletInvocableHandlerMethod.java:117)
	at org.springframework.web.servlet.mvc.method.annotation.RequestMappingHandlerAdapter.invokeHandlerMethod(RequestMappingHandlerAdapter.java:895)
	at org.springframework.web.servlet.mvc.method.annotation.RequestMappingHandlerAdapter.handleInternal(RequestMappingHandlerAdapter.java:808)
	at org.springframework.web.servlet.mvc.method.AbstractHandlerMethodAdapter.handle(AbstractHandlerMethodAdapter.java:87)
	at org.springframework.web.servlet.DispatcherServlet.doDispatch(DispatcherServlet.java:1072)
	at org.springframework.web.servlet.DispatcherServlet.doService(DispatcherServlet.java:965)
	at org.springframework.web.servlet.FrameworkServlet.processRequest(FrameworkServlet.java:1006)
	at org.springframework.web.servlet.FrameworkServlet.doGet(FrameworkServlet.java:898)
	at javax.servlet.http.HttpServlet.service(HttpServlet.java:529)
	at org.springframework.web.servlet.FrameworkServlet.service(FrameworkServlet.java:883)
	at javax.servlet.http.HttpServlet.service(HttpServlet.java:623)
	at org.apache.catalina.core.ApplicationFilterChain.internalDoFilter(ApplicationFilterChain.java:209)
	at org.apache.catalina.core.ApplicationFilterChain.doFilter(ApplicationFilterChain.java:153)
	at org.apache.tomcat.websocket.server.WsFilter.doFilter(WsFilter.java:51)
	at org.apache.catalina.core.ApplicationFilterChain.internalDoFilter(ApplicationFilterChain.java:178)
	at org.apache.catalina.core.ApplicationFilterChain.doFilter(ApplicationFilterChain.java:153)
	at org.springframework.web.filter.CorsFilter.doFilterInternal(CorsFilter.java:91)
	at org.springframework.web.filter.OncePerRequestFilter.doFilter(OncePerRequestFilter.java:117)
	at org.apache.catalina.core.ApplicationFilterChain.internalDoFilter(ApplicationFilterChain.java:178)
	at org.apache.catalina.core.ApplicationFilterChain.doFilter(ApplicationFilterChain.java:153)
	at org.springframework.web.filter.RequestContextFilter.doFilterInternal(RequestContextFilter.java:100)
	at org.springframework.web.filter.OncePerRequestFilter.doFilter(OncePerRequestFilter.java:117)
	at org.apache.catalina.core.ApplicationFilterChain.internalDoFilter(ApplicationFilterChain.java:178)
	at org.apache.catalina.core.ApplicationFilterChain.doFilter(ApplicationFilterChain.java:153)
	at org.springframework.web.filter.FormContentFilter.doFilterInternal(FormContentFilter.java:93)
	at org.springframework.web.filter.OncePerRequestFilter.doFilter(OncePerRequestFilter.java:117)
	at org.apache.catalina.core.ApplicationFilterChain.internalDoFilter(ApplicationFilterChain.java:178)
	at org.apache.catalina.core.ApplicationFilterChain.doFilter(ApplicationFilterChain.java:153)
	at org.springframework.web.filter.CharacterEncodingFilter.doFilterInternal(CharacterEncodingFilter.java:201)
	at org.springframework.web.filter.OncePerRequestFilter.doFilter(OncePerRequestFilter.java:117)
	at org.apache.catalina.core.ApplicationFilterChain.internalDoFilter(ApplicationFilterChain.java:178)
	at org.apache.catalina.core.ApplicationFilterChain.doFilter(ApplicationFilterChain.java:153)
	at org.apache.catalina.core.StandardWrapperValve.invoke(StandardWrapperValve.java:168)
	at org.apache.catalina.core.StandardContextValve.invoke(StandardContextValve.java:90)
	at org.apache.catalina.authenticator.AuthenticatorBase.invoke(AuthenticatorBase.java:481)
	at org.apache.catalina.core.StandardHostValve.invoke(StandardHostValve.java:130)
	at org.apache.catalina.valves.ErrorReportValve.invoke(ErrorReportValve.java:93)
	at org.apache.catalina.core.StandardEngineValve.invoke(StandardEngineValve.java:74)
	at org.apache.catalina.connector.CoyoteAdapter.service(CoyoteAdapter.java:342)
	at org.apache.coyote.http11.Http11Processor.service(Http11Processor.java:390)
	at org.apache.coyote.AbstractProcessorLight.process(AbstractProcessorLight.java:63)
	at org.apache.coyote.AbstractProtocol$ConnectionHandler.process(AbstractProtocol.java:928)
	at org.apache.tomcat.util.net.NioEndpoint$SocketProcessor.doRun(NioEndpoint.java:1794)
	at org.apache.tomcat.util.net.SocketProcessorBase.run(SocketProcessorBase.java:52)
	at org.apache.tomcat.util.threads.ThreadPoolExecutor.runWorker(ThreadPoolExecutor.java:1191)
	at org.apache.tomcat.util.threads.ThreadPoolExecutor$Worker.run(ThreadPoolExecutor.java:659)
	at org.apache.tomcat.util.threads.TaskThread$WrappingRunnable.run(TaskThread.java:61)
	at java.base/java.lang.Thread.run(Thread.java:834)
Caused by: org.springframework.core.serializer.support.SerializationFailedException: Failed to serialize object using DefaultSerializer; nested exception is java.io.NotSerializableException: com.accounting.entity.Category
	at org.springframework.core.serializer.support.SerializingConverter.convert(SerializingConverter.java:64)
	at org.springframework.core.serializer.support.SerializingConverter.convert(SerializingConverter.java:33)
	at org.springframework.data.redis.serializer.JdkSerializationRedisSerializer.serialize(JdkSerializationRedisSerializer.java:94)
	... 68 common frames omitted
Caused by: java.io.NotSerializableException: com.accounting.entity.Category
	at java.base/java.io.ObjectOutputStream.writeObject0(ObjectOutputStream.java:1185)
	at java.base/java.io.ObjectOutputStream.writeObject(ObjectOutputStream.java:349)
	at java.base/java.util.ArrayList.writeObject(ArrayList.java:896)
	at java.base/jdk.internal.reflect.NativeMethodAccessorImpl.invoke0(Native Method)
	at java.base/jdk.internal.reflect.NativeMethodAccessorImpl.invoke(NativeMethodAccessorImpl.java:62)
	at java.base/jdk.internal.reflect.DelegatingMethodAccessorImpl.invoke(DelegatingMethodAccessorImpl.java:43)
	at java.base/java.lang.reflect.Method.invoke(Method.java:566)
	at java.base/java.io.ObjectStreamClass.invokeWriteObject(ObjectStreamClass.java:1130)
	at java.base/java.io.ObjectOutputStream.writeSerialData(ObjectOutputStream.java:1497)
	at java.base/java.io.ObjectOutputStream.writeOrdinaryObject(ObjectOutputStream.java:1433)
	at java.base/java.io.ObjectOutputStream.writeObject0(ObjectOutputStream.java:1179)
	at java.base/java.io.ObjectOutputStream.writeObject(ObjectOutputStream.java:349)
	at org.springframework.core.serializer.DefaultSerializer.serialize(DefaultSerializer.java:46)
	at org.springframework.core.serializer.Serializer.serializeToByteArray(Serializer.java:56)
	at org.springframework.core.serializer.support.SerializingConverter.convert(SerializingConverter.java:60)
	... 70 common frames omitted
2026-05-26 14:23:21 [http-nio-8080-exec-6] ERROR c.a.exception.GlobalExceptionHandler - 系统异常: 
org.springframework.data.redis.serializer.SerializationException: Cannot serialize; nested exception is org.springframework.core.serializer.support.SerializationFailedException: Failed to serialize object using DefaultSerializer; nested exception is java.lang.IllegalArgumentException: DefaultSerializer requires a Serializable payload but received an object of type [com.accounting.dto.DashboardDTO]
	at org.springframework.data.redis.serializer.JdkSerializationRedisSerializer.serialize(JdkSerializationRedisSerializer.java:96)
	at org.springframework.data.redis.serializer.DefaultRedisElementWriter.write(DefaultRedisElementWriter.java:44)
	at org.springframework.data.redis.serializer.RedisSerializationContext$SerializationPair.write(RedisSerializationContext.java:290)
	at org.springframework.data.redis.cache.RedisCache.serializeCacheValue(RedisCache.java:285)
	at org.springframework.data.redis.cache.RedisCache.put(RedisCache.java:171)
	at org.springframework.cache.interceptor.AbstractCacheInvoker.doPut(AbstractCacheInvoker.java:87)
	at org.springframework.cache.interceptor.CacheAspectSupport$CachePutRequest.apply(CacheAspectSupport.java:837)
	at org.springframework.cache.interceptor.CacheAspectSupport.execute(CacheAspectSupport.java:429)
	at org.springframework.cache.interceptor.CacheAspectSupport.execute(CacheAspectSupport.java:345)
	at org.springframework.cache.interceptor.CacheInterceptor.invoke(CacheInterceptor.java:64)
	at org.springframework.aop.framework.ReflectiveMethodInvocation.proceed(ReflectiveMethodInvocation.java:186)
	at org.springframework.aop.framework.CglibAopProxy$CglibMethodInvocation.proceed(CglibAopProxy.java:762)
	at org.springframework.aop.framework.CglibAopProxy$DynamicAdvisedInterceptor.intercept(CglibAopProxy.java:707)
	at com.accounting.service.DashboardService$$EnhancerBySpringCGLIB$$cb815804.getDashboardData(<generated>)
	at com.accounting.controller.DashboardController.getDashboardData(DashboardController.java:27)
	at java.base/jdk.internal.reflect.NativeMethodAccessorImpl.invoke0(Native Method)
	at java.base/jdk.internal.reflect.NativeMethodAccessorImpl.invoke(NativeMethodAccessorImpl.java:62)
	at java.base/jdk.internal.reflect.DelegatingMethodAccessorImpl.invoke(DelegatingMethodAccessorImpl.java:43)
	at java.base/java.lang.reflect.Method.invoke(Method.java:566)
	at org.springframework.web.method.support.InvocableHandlerMethod.doInvoke(InvocableHandlerMethod.java:205)
	at org.springframework.web.method.support.InvocableHandlerMethod.invokeForRequest(InvocableHandlerMethod.java:150)
	at org.springframework.web.servlet.mvc.method.annotation.ServletInvocableHandlerMethod.invokeAndHandle(ServletInvocableHandlerMethod.java:117)
	at org.springframework.web.servlet.mvc.method.annotation.RequestMappingHandlerAdapter.invokeHandlerMethod(RequestMappingHandlerAdapter.java:895)
	at org.springframework.web.servlet.mvc.method.annotation.RequestMappingHandlerAdapter.handleInternal(RequestMappingHandlerAdapter.java:808)
	at org.springframework.web.servlet.mvc.method.AbstractHandlerMethodAdapter.handle(AbstractHandlerMethodAdapter.java:87)
	at org.springframework.web.servlet.DispatcherServlet.doDispatch(DispatcherServlet.java:1072)
	at org.springframework.web.servlet.DispatcherServlet.doService(DispatcherServlet.java:965)
	at org.springframework.web.servlet.FrameworkServlet.processRequest(FrameworkServlet.java:1006)
	at org.springframework.web.servlet.FrameworkServlet.doGet(FrameworkServlet.java:898)
	at javax.servlet.http.HttpServlet.service(HttpServlet.java:529)
	at org.springframework.web.servlet.FrameworkServlet.service(FrameworkServlet.java:883)
	at javax.servlet.http.HttpServlet.service(HttpServlet.java:623)
	at org.apache.catalina.core.ApplicationFilterChain.internalDoFilter(ApplicationFilterChain.java:209)
	at org.apache.catalina.core.ApplicationFilterChain.doFilter(ApplicationFilterChain.java:153)
	at org.apache.tomcat.websocket.server.WsFilter.doFilter(WsFilter.java:51)
	at org.apache.catalina.core.ApplicationFilterChain.internalDoFilter(ApplicationFilterChain.java:178)
	at org.apache.catalina.core.ApplicationFilterChain.doFilter(ApplicationFilterChain.java:153)
	at org.springframework.web.filter.CorsFilter.doFilterInternal(CorsFilter.java:91)
	at org.springframework.web.filter.OncePerRequestFilter.doFilter(OncePerRequestFilter.java:117)
	at org.apache.catalina.core.ApplicationFilterChain.internalDoFilter(ApplicationFilterChain.java:178)
	at org.apache.catalina.core.ApplicationFilterChain.doFilter(ApplicationFilterChain.java:153)
	at org.springframework.web.filter.RequestContextFilter.doFilterInternal(RequestContextFilter.java:100)
	at org.springframework.web.filter.OncePerRequestFilter.doFilter(OncePerRequestFilter.java:117)
	at org.apache.catalina.core.ApplicationFilterChain.internalDoFilter(ApplicationFilterChain.java:178)
	at org.apache.catalina.core.ApplicationFilterChain.doFilter(ApplicationFilterChain.java:153)
	at org.springframework.web.filter.FormContentFilter.doFilterInternal(FormContentFilter.java:93)
	at org.springframework.web.filter.OncePerRequestFilter.doFilter(OncePerRequestFilter.java:117)
	at org.apache.catalina.core.ApplicationFilterChain.internalDoFilter(ApplicationFilterChain.java:178)
	at org.apache.catalina.core.ApplicationFilterChain.doFilter(ApplicationFilterChain.java:153)
	at org.springframework.web.filter.CharacterEncodingFilter.doFilterInternal(CharacterEncodingFilter.java:201)
	at org.springframework.web.filter.OncePerRequestFilter.doFilter(OncePerRequestFilter.java:117)
	at org.apache.catalina.core.ApplicationFilterChain.internalDoFilter(ApplicationFilterChain.java:178)
	at org.apache.catalina.core.ApplicationFilterChain.doFilter(ApplicationFilterChain.java:153)
	at org.apache.catalina.core.StandardWrapperValve.invoke(StandardWrapperValve.java:168)
	at org.apache.catalina.core.StandardContextValve.invoke(StandardContextValve.java:90)
	at org.apache.catalina.authenticator.AuthenticatorBase.invoke(AuthenticatorBase.java:481)
	at org.apache.catalina.core.StandardHostValve.invoke(StandardHostValve.java:130)
	at org.apache.catalina.valves.ErrorReportValve.invoke(ErrorReportValve.java:93)
	at org.apache.catalina.core.StandardEngineValve.invoke(StandardEngineValve.java:74)
	at org.apache.catalina.connector.CoyoteAdapter.service(CoyoteAdapter.java:342)
	at org.apache.coyote.http11.Http11Processor.service(Http11Processor.java:390)
	at org.apache.coyote.AbstractProcessorLight.process(AbstractProcessorLight.java:63)
	at org.apache.coyote.AbstractProtocol$ConnectionHandler.process(AbstractProtocol.java:928)
	at org.apache.tomcat.util.net.NioEndpoint$SocketProcessor.doRun(NioEndpoint.java:1794)
	at org.apache.tomcat.util.net.SocketProcessorBase.run(SocketProcessorBase.java:52)
	at org.apache.tomcat.util.threads.ThreadPoolExecutor.runWorker(ThreadPoolExecutor.java:1191)
	at org.apache.tomcat.util.threads.ThreadPoolExecutor$Worker.run(ThreadPoolExecutor.java:659)
	at org.apache.tomcat.util.threads.TaskThread$WrappingRunnable.run(TaskThread.java:61)
	at java.base/java.lang.Thread.run(Thread.java:834)
Caused by: org.springframework.core.serializer.support.SerializationFailedException: Failed to serialize object using DefaultSerializer; nested exception is java.lang.IllegalArgumentException: DefaultSerializer requires a Serializable payload but received an object of type [com.accounting.dto.DashboardDTO]
	at org.springframework.core.serializer.support.SerializingConverter.convert(SerializingConverter.java:64)
	at org.springframework.core.serializer.support.SerializingConverter.convert(SerializingConverter.java:33)
	at org.springframework.data.redis.serializer.JdkSerializationRedisSerializer.serialize(JdkSerializationRedisSerializer.java:94)
	... 68 common frames omitted
Caused by: java.lang.IllegalArgumentException: DefaultSerializer requires a Serializable payload but received an object of type [com.accounting.dto.DashboardDTO]
	at org.springframework.core.serializer.DefaultSerializer.serialize(DefaultSerializer.java:43)
	at org.springframework.core.serializer.Serializer.serializeToByteArray(Serializer.java:56)
	at org.springframework.core.serializer.support.SerializingConverter.convert(SerializingConverter.java:60)
	... 70 common frames omitted
2026-05-26 14:23:27 [http-nio-8080-exec-9] INFO  c.a.controller.CategoryController - API: 获取全部分类
2026-05-26 14:23:27 [http-nio-8080-exec-1] INFO  c.a.controller.AccountController - API: 获取全部账户
2026-05-26 14:23:27 [http-nio-8080-exec-9] INFO  c.accounting.service.CategoryService - 获取全部分类列表
2026-05-26 14:23:27 [http-nio-8080-exec-1] INFO  c.accounting.service.AccountService - 获取全部账户列表
2026-05-26 14:23:27 [http-nio-8080-exec-1] ERROR c.a.exception.GlobalExceptionHandler - 系统异常: 
org.springframework.data.redis.serializer.SerializationException: Cannot serialize; nested exception is org.springframework.core.serializer.support.SerializationFailedException: Failed to serialize object using DefaultSerializer; nested exception is java.io.NotSerializableException: com.accounting.entity.Account
	at org.springframework.data.redis.serializer.JdkSerializationRedisSerializer.serialize(JdkSerializationRedisSerializer.java:96)
	at org.springframework.data.redis.serializer.DefaultRedisElementWriter.write(DefaultRedisElementWriter.java:44)
	at org.springframework.data.redis.serializer.RedisSerializationContext$SerializationPair.write(RedisSerializationContext.java:290)
	at org.springframework.data.redis.cache.RedisCache.serializeCacheValue(RedisCache.java:285)
	at org.springframework.data.redis.cache.RedisCache.put(RedisCache.java:171)
	at org.springframework.cache.interceptor.AbstractCacheInvoker.doPut(AbstractCacheInvoker.java:87)
	at org.springframework.cache.interceptor.CacheAspectSupport$CachePutRequest.apply(CacheAspectSupport.java:837)
	at org.springframework.cache.interceptor.CacheAspectSupport.execute(CacheAspectSupport.java:429)
	at org.springframework.cache.interceptor.CacheAspectSupport.execute(CacheAspectSupport.java:345)
	at org.springframework.cache.interceptor.CacheInterceptor.invoke(CacheInterceptor.java:64)
	at org.springframework.aop.framework.ReflectiveMethodInvocation.proceed(ReflectiveMethodInvocation.java:186)
	at org.springframework.aop.framework.CglibAopProxy$CglibMethodInvocation.proceed(CglibAopProxy.java:762)
	at org.springframework.aop.framework.CglibAopProxy$DynamicAdvisedInterceptor.intercept(CglibAopProxy.java:707)
	at com.accounting.service.AccountService$$EnhancerBySpringCGLIB$$7937e465.getAllAccounts(<generated>)
	at com.accounting.controller.AccountController.getAllAccounts(AccountController.java:29)
	at java.base/jdk.internal.reflect.NativeMethodAccessorImpl.invoke0(Native Method)
	at java.base/jdk.internal.reflect.NativeMethodAccessorImpl.invoke(NativeMethodAccessorImpl.java:62)
	at java.base/jdk.internal.reflect.DelegatingMethodAccessorImpl.invoke(DelegatingMethodAccessorImpl.java:43)
	at java.base/java.lang.reflect.Method.invoke(Method.java:566)
	at org.springframework.web.method.support.InvocableHandlerMethod.doInvoke(InvocableHandlerMethod.java:205)
	at org.springframework.web.method.support.InvocableHandlerMethod.invokeForRequest(InvocableHandlerMethod.java:150)
	at org.springframework.web.servlet.mvc.method.annotation.ServletInvocableHandlerMethod.invokeAndHandle(ServletInvocableHandlerMethod.java:117)
	at org.springframework.web.servlet.mvc.method.annotation.RequestMappingHandlerAdapter.invokeHandlerMethod(RequestMappingHandlerAdapter.java:895)
	at org.springframework.web.servlet.mvc.method.annotation.RequestMappingHandlerAdapter.handleInternal(RequestMappingHandlerAdapter.java:808)
	at org.springframework.web.servlet.mvc.method.AbstractHandlerMethodAdapter.handle(AbstractHandlerMethodAdapter.java:87)
	at org.springframework.web.servlet.DispatcherServlet.doDispatch(DispatcherServlet.java:1072)
	at org.springframework.web.servlet.DispatcherServlet.doService(DispatcherServlet.java:965)
	at org.springframework.web.servlet.FrameworkServlet.processRequest(FrameworkServlet.java:1006)
	at org.springframework.web.servlet.FrameworkServlet.doGet(FrameworkServlet.java:898)
	at javax.servlet.http.HttpServlet.service(HttpServlet.java:529)
	at org.springframework.web.servlet.FrameworkServlet.service(FrameworkServlet.java:883)
	at javax.servlet.http.HttpServlet.service(HttpServlet.java:623)
	at org.apache.catalina.core.ApplicationFilterChain.internalDoFilter(ApplicationFilterChain.java:209)
	at org.apache.catalina.core.ApplicationFilterChain.doFilter(ApplicationFilterChain.java:153)
	at org.apache.tomcat.websocket.server.WsFilter.doFilter(WsFilter.java:51)
	at org.apache.catalina.core.ApplicationFilterChain.internalDoFilter(ApplicationFilterChain.java:178)
	at org.apache.catalina.core.ApplicationFilterChain.doFilter(ApplicationFilterChain.java:153)
	at org.springframework.web.filter.CorsFilter.doFilterInternal(CorsFilter.java:91)
	at org.springframework.web.filter.OncePerRequestFilter.doFilter(OncePerRequestFilter.java:117)
	at org.apache.catalina.core.ApplicationFilterChain.internalDoFilter(ApplicationFilterChain.java:178)
	at org.apache.catalina.core.ApplicationFilterChain.doFilter(ApplicationFilterChain.java:153)
	at org.springframework.web.filter.RequestContextFilter.doFilterInternal(RequestContextFilter.java:100)
	at org.springframework.web.filter.OncePerRequestFilter.doFilter(OncePerRequestFilter.java:117)
	at org.apache.catalina.core.ApplicationFilterChain.internalDoFilter(ApplicationFilterChain.java:178)
	at org.apache.catalina.core.ApplicationFilterChain.doFilter(ApplicationFilterChain.java:153)
	at org.springframework.web.filter.FormContentFilter.doFilterInternal(FormContentFilter.java:93)
	at org.springframework.web.filter.OncePerRequestFilter.doFilter(OncePerRequestFilter.java:117)
	at org.apache.catalina.core.ApplicationFilterChain.internalDoFilter(ApplicationFilterChain.java:178)
	at org.apache.catalina.core.ApplicationFilterChain.doFilter(ApplicationFilterChain.java:153)
	at org.springframework.web.filter.CharacterEncodingFilter.doFilterInternal(CharacterEncodingFilter.java:201)
	at org.springframework.web.filter.OncePerRequestFilter.doFilter(OncePerRequestFilter.java:117)
	at org.apache.catalina.core.ApplicationFilterChain.internalDoFilter(ApplicationFilterChain.java:178)
	at org.apache.catalina.core.ApplicationFilterChain.doFilter(ApplicationFilterChain.java:153)
	at org.apache.catalina.core.StandardWrapperValve.invoke(StandardWrapperValve.java:168)
	at org.apache.catalina.core.StandardContextValve.invoke(StandardContextValve.java:90)
	at org.apache.catalina.authenticator.AuthenticatorBase.invoke(AuthenticatorBase.java:481)
	at org.apache.catalina.core.StandardHostValve.invoke(StandardHostValve.java:130)
	at org.apache.catalina.valves.ErrorReportValve.invoke(ErrorReportValve.java:93)
	at org.apache.catalina.core.StandardEngineValve.invoke(StandardEngineValve.java:74)
	at org.apache.catalina.connector.CoyoteAdapter.service(CoyoteAdapter.java:342)
	at org.apache.coyote.http11.Http11Processor.service(Http11Processor.java:390)
	at org.apache.coyote.AbstractProcessorLight.process(AbstractProcessorLight.java:63)
	at org.apache.coyote.AbstractProtocol$ConnectionHandler.process(AbstractProtocol.java:928)
	at org.apache.tomcat.util.net.NioEndpoint$SocketProcessor.doRun(NioEndpoint.java:1794)
	at org.apache.tomcat.util.net.SocketProcessorBase.run(SocketProcessorBase.java:52)
	at org.apache.tomcat.util.threads.ThreadPoolExecutor.runWorker(ThreadPoolExecutor.java:1191)
	at org.apache.tomcat.util.threads.ThreadPoolExecutor$Worker.run(ThreadPoolExecutor.java:659)
	at org.apache.tomcat.util.threads.TaskThread$WrappingRunnable.run(TaskThread.java:61)
	at java.base/java.lang.Thread.run(Thread.java:834)
Caused by: org.springframework.core.serializer.support.SerializationFailedException: Failed to serialize object using DefaultSerializer; nested exception is java.io.NotSerializableException: com.accounting.entity.Account
	at org.springframework.core.serializer.support.SerializingConverter.convert(SerializingConverter.java:64)
	at org.springframework.core.serializer.support.SerializingConverter.convert(SerializingConverter.java:33)
	at org.springframework.data.redis.serializer.JdkSerializationRedisSerializer.serialize(JdkSerializationRedisSerializer.java:94)
	... 68 common frames omitted
Caused by: java.io.NotSerializableException: com.accounting.entity.Account
	at java.base/java.io.ObjectOutputStream.writeObject0(ObjectOutputStream.java:1185)
	at java.base/java.io.ObjectOutputStream.writeObject(ObjectOutputStream.java:349)
	at java.base/java.util.ArrayList.writeObject(ArrayList.java:896)
	at java.base/jdk.internal.reflect.NativeMethodAccessorImpl.invoke0(Native Method)
	at java.base/jdk.internal.reflect.NativeMethodAccessorImpl.invoke(NativeMethodAccessorImpl.java:62)
	at java.base/jdk.internal.reflect.DelegatingMethodAccessorImpl.invoke(DelegatingMethodAccessorImpl.java:43)
	at java.base/java.lang.reflect.Method.invoke(Method.java:566)
	at java.base/java.io.ObjectStreamClass.invokeWriteObject(ObjectStreamClass.java:1130)
	at java.base/java.io.ObjectOutputStream.writeSerialData(ObjectOutputStream.java:1497)
	at java.base/java.io.ObjectOutputStream.writeOrdinaryObject(ObjectOutputStream.java:1433)
	at java.base/java.io.ObjectOutputStream.writeObject0(ObjectOutputStream.java:1179)
	at java.base/java.io.ObjectOutputStream.writeObject(ObjectOutputStream.java:349)
	at org.springframework.core.serializer.DefaultSerializer.serialize(DefaultSerializer.java:46)
	at org.springframework.core.serializer.Serializer.serializeToByteArray(Serializer.java:56)
	at org.springframework.core.serializer.support.SerializingConverter.convert(SerializingConverter.java:60)
	... 70 common frames omitted
2026-05-26 14:23:27 [http-nio-8080-exec-9] ERROR c.a.exception.GlobalExceptionHandler - 系统异常: 
org.springframework.data.redis.serializer.SerializationException: Cannot serialize; nested exception is org.springframework.core.serializer.support.SerializationFailedException: Failed to serialize object using DefaultSerializer; nested exception is java.io.NotSerializableException: com.accounting.entity.Category
	at org.springframework.data.redis.serializer.JdkSerializationRedisSerializer.serialize(JdkSerializationRedisSerializer.java:96)
	at org.springframework.data.redis.serializer.DefaultRedisElementWriter.write(DefaultRedisElementWriter.java:44)
	at org.springframework.data.redis.serializer.RedisSerializationContext$SerializationPair.write(RedisSerializationContext.java:290)
	at org.springframework.data.redis.cache.RedisCache.serializeCacheValue(RedisCache.java:285)
	at org.springframework.data.redis.cache.RedisCache.put(RedisCache.java:171)
	at org.springframework.cache.interceptor.AbstractCacheInvoker.doPut(AbstractCacheInvoker.java:87)
	at org.springframework.cache.interceptor.CacheAspectSupport$CachePutRequest.apply(CacheAspectSupport.java:837)
	at org.springframework.cache.interceptor.CacheAspectSupport.execute(CacheAspectSupport.java:429)
	at org.springframework.cache.interceptor.CacheAspectSupport.execute(CacheAspectSupport.java:345)
	at org.springframework.cache.interceptor.CacheInterceptor.invoke(CacheInterceptor.java:64)
	at org.springframework.aop.framework.ReflectiveMethodInvocation.proceed(ReflectiveMethodInvocation.java:186)
	at org.springframework.aop.framework.CglibAopProxy$CglibMethodInvocation.proceed(CglibAopProxy.java:762)
	at org.springframework.aop.framework.CglibAopProxy$DynamicAdvisedInterceptor.intercept(CglibAopProxy.java:707)
	at com.accounting.service.CategoryService$$EnhancerBySpringCGLIB$$fc63dcf4.getAllCategories(<generated>)
	at com.accounting.controller.CategoryController.getAllCategories(CategoryController.java:29)
	at java.base/jdk.internal.reflect.NativeMethodAccessorImpl.invoke0(Native Method)
	at java.base/jdk.internal.reflect.NativeMethodAccessorImpl.invoke(NativeMethodAccessorImpl.java:62)
	at java.base/jdk.internal.reflect.DelegatingMethodAccessorImpl.invoke(DelegatingMethodAccessorImpl.java:43)
	at java.base/java.lang.reflect.Method.invoke(Method.java:566)
	at org.springframework.web.method.support.InvocableHandlerMethod.doInvoke(InvocableHandlerMethod.java:205)
	at org.springframework.web.method.support.InvocableHandlerMethod.invokeForRequest(InvocableHandlerMethod.java:150)
	at org.springframework.web.servlet.mvc.method.annotation.ServletInvocableHandlerMethod.invokeAndHandle(ServletInvocableHandlerMethod.java:117)
	at org.springframework.web.servlet.mvc.method.annotation.RequestMappingHandlerAdapter.invokeHandlerMethod(RequestMappingHandlerAdapter.java:895)
	at org.springframework.web.servlet.mvc.method.annotation.RequestMappingHandlerAdapter.handleInternal(RequestMappingHandlerAdapter.java:808)
	at org.springframework.web.servlet.mvc.method.AbstractHandlerMethodAdapter.handle(AbstractHandlerMethodAdapter.java:87)
	at org.springframework.web.servlet.DispatcherServlet.doDispatch(DispatcherServlet.java:1072)
	at org.springframework.web.servlet.DispatcherServlet.doService(DispatcherServlet.java:965)
	at org.springframework.web.servlet.FrameworkServlet.processRequest(FrameworkServlet.java:1006)
	at org.springframework.web.servlet.FrameworkServlet.doGet(FrameworkServlet.java:898)
	at javax.servlet.http.HttpServlet.service(HttpServlet.java:529)
	at org.springframework.web.servlet.FrameworkServlet.service(FrameworkServlet.java:883)
	at javax.servlet.http.HttpServlet.service(HttpServlet.java:623)
	at org.apache.catalina.core.ApplicationFilterChain.internalDoFilter(ApplicationFilterChain.java:209)
	at org.apache.catalina.core.ApplicationFilterChain.doFilter(ApplicationFilterChain.java:153)
	at org.apache.tomcat.websocket.server.WsFilter.doFilter(WsFilter.java:51)
	at org.apache.catalina.core.ApplicationFilterChain.internalDoFilter(ApplicationFilterChain.java:178)
	at org.apache.catalina.core.ApplicationFilterChain.doFilter(ApplicationFilterChain.java:153)
	at org.springframework.web.filter.CorsFilter.doFilterInternal(CorsFilter.java:91)
	at org.springframework.web.filter.OncePerRequestFilter.doFilter(OncePerRequestFilter.java:117)
	at org.apache.catalina.core.ApplicationFilterChain.internalDoFilter(ApplicationFilterChain.java:178)
	at org.apache.catalina.core.ApplicationFilterChain.doFilter(ApplicationFilterChain.java:153)
	at org.springframework.web.filter.RequestContextFilter.doFilterInternal(RequestContextFilter.java:100)
	at org.springframework.web.filter.OncePerRequestFilter.doFilter(OncePerRequestFilter.java:117)
	at org.apache.catalina.core.ApplicationFilterChain.internalDoFilter(ApplicationFilterChain.java:178)
	at org.apache.catalina.core.ApplicationFilterChain.doFilter(ApplicationFilterChain.java:153)
	at org.springframework.web.filter.FormContentFilter.doFilterInternal(FormContentFilter.java:93)
	at org.springframework.web.filter.OncePerRequestFilter.doFilter(OncePerRequestFilter.java:117)
	at org.apache.catalina.core.ApplicationFilterChain.internalDoFilter(ApplicationFilterChain.java:178)
	at org.apache.catalina.core.ApplicationFilterChain.doFilter(ApplicationFilterChain.java:153)
	at org.springframework.web.filter.CharacterEncodingFilter.doFilterInternal(CharacterEncodingFilter.java:201)
	at org.springframework.web.filter.OncePerRequestFilter.doFilter(OncePerRequestFilter.java:117)
	at org.apache.catalina.core.ApplicationFilterChain.internalDoFilter(ApplicationFilterChain.java:178)
	at org.apache.catalina.core.ApplicationFilterChain.doFilter(ApplicationFilterChain.java:153)
	at org.apache.catalina.core.StandardWrapperValve.invoke(StandardWrapperValve.java:168)
	at org.apache.catalina.core.StandardContextValve.invoke(StandardContextValve.java:90)
	at org.apache.catalina.authenticator.AuthenticatorBase.invoke(AuthenticatorBase.java:481)
	at org.apache.catalina.core.StandardHostValve.invoke(StandardHostValve.java:130)
	at org.apache.catalina.valves.ErrorReportValve.invoke(ErrorReportValve.java:93)
	at org.apache.catalina.core.StandardEngineValve.invoke(StandardEngineValve.java:74)
	at org.apache.catalina.connector.CoyoteAdapter.service(CoyoteAdapter.java:342)
	at org.apache.coyote.http11.Http11Processor.service(Http11Processor.java:390)
	at org.apache.coyote.AbstractProcessorLight.process(AbstractProcessorLight.java:63)
	at org.apache.coyote.AbstractProtocol$ConnectionHandler.process(AbstractProtocol.java:928)
	at org.apache.tomcat.util.net.NioEndpoint$SocketProcessor.doRun(NioEndpoint.java:1794)
	at org.apache.tomcat.util.net.SocketProcessorBase.run(SocketProcessorBase.java:52)
	at org.apache.tomcat.util.threads.ThreadPoolExecutor.runWorker(ThreadPoolExecutor.java:1191)
	at org.apache.tomcat.util.threads.ThreadPoolExecutor$Worker.run(ThreadPoolExecutor.java:659)
	at org.apache.tomcat.util.threads.TaskThread$WrappingRunnable.run(TaskThread.java:61)
	at java.base/java.lang.Thread.run(Thread.java:834)
Caused by: org.springframework.core.serializer.support.SerializationFailedException: Failed to serialize object using DefaultSerializer; nested exception is java.io.NotSerializableException: com.accounting.entity.Category
	at org.springframework.core.serializer.support.SerializingConverter.convert(SerializingConverter.java:64)
	at org.springframework.core.serializer.support.SerializingConverter.convert(SerializingConverter.java:33)
	at org.springframework.data.redis.serializer.JdkSerializationRedisSerializer.serialize(JdkSerializationRedisSerializer.java:94)
	... 68 common frames omitted
Caused by: java.io.NotSerializableException: com.accounting.entity.Category
	at java.base/java.io.ObjectOutputStream.writeObject0(ObjectOutputStream.java:1185)
	at java.base/java.io.ObjectOutputStream.writeObject(ObjectOutputStream.java:349)
	at java.base/java.util.ArrayList.writeObject(ArrayList.java:896)
	at java.base/jdk.internal.reflect.NativeMethodAccessorImpl.invoke0(Native Method)
	at java.base/jdk.internal.reflect.NativeMethodAccessorImpl.invoke(NativeMethodAccessorImpl.java:62)
	at java.base/jdk.internal.reflect.DelegatingMethodAccessorImpl.invoke(DelegatingMethodAccessorImpl.java:43)
	at java.base/java.lang.reflect.Method.invoke(Method.java:566)
	at java.base/java.io.ObjectStreamClass.invokeWriteObject(ObjectStreamClass.java:1130)
	at java.base/java.io.ObjectOutputStream.writeSerialData(ObjectOutputStream.java:1497)
	at java.base/java.io.ObjectOutputStream.writeOrdinaryObject(ObjectOutputStream.java:1433)
	at java.base/java.io.ObjectOutputStream.writeObject0(ObjectOutputStream.java:1179)
	at java.base/java.io.ObjectOutputStream.writeObject(ObjectOutputStream.java:349)
	at org.springframework.core.serializer.DefaultSerializer.serialize(DefaultSerializer.java:46)
	at org.springframework.core.serializer.Serializer.serializeToByteArray(Serializer.java:56)
	at org.springframework.core.serializer.support.SerializingConverter.convert(SerializingConverter.java:60)
	... 70 common frames omitted
2026-05-26 14:23:27 [http-nio-8080-exec-3] INFO  c.a.controller.DashboardController - API: 获取看板数据
2026-05-26 14:23:27 [http-nio-8080-exec-3] INFO  c.a.service.DashboardService - 获取看板数据
2026-05-26 14:23:27 [http-nio-8080-exec-5] INFO  c.a.controller.CategoryController - API: 按类型获取分类: EXPENSE
2026-05-26 14:23:27 [http-nio-8080-exec-4] INFO  c.a.controller.BillController - API: 获取最近30天的账单
2026-05-26 14:23:27 [http-nio-8080-exec-4] INFO  com.accounting.service.BillService - 获取最近30天的账单
2026-05-26 14:23:27 [http-nio-8080-exec-5] INFO  c.accounting.service.CategoryService - 获取支出分类列表
2026-05-26 14:23:27 [http-nio-8080-exec-4] DEBUG com.accounting.service.BillService - 从Redis缓存获取最近30天账单
2026-05-26 14:23:27 [http-nio-8080-exec-3] INFO  com.accounting.service.BudgetService - 获取当前生效的预算列表
2026-05-26 14:23:27 [http-nio-8080-exec-2] INFO  c.a.controller.BillController - API: 获取最近30天的账单
2026-05-26 14:23:27 [http-nio-8080-exec-2] INFO  com.accounting.service.BillService - 获取最近30天的账单
2026-05-26 14:23:27 [http-nio-8080-exec-2] DEBUG com.accounting.service.BillService - 从Redis缓存获取最近30天账单
2026-05-26 14:23:27 [http-nio-8080-exec-5] ERROR c.a.exception.GlobalExceptionHandler - 系统异常: 
org.springframework.data.redis.serializer.SerializationException: Cannot serialize; nested exception is org.springframework.core.serializer.support.SerializationFailedException: Failed to serialize object using DefaultSerializer; nested exception is java.io.NotSerializableException: com.accounting.entity.Category
	at org.springframework.data.redis.serializer.JdkSerializationRedisSerializer.serialize(JdkSerializationRedisSerializer.java:96)
	at org.springframework.data.redis.serializer.DefaultRedisElementWriter.write(DefaultRedisElementWriter.java:44)
	at org.springframework.data.redis.serializer.RedisSerializationContext$SerializationPair.write(RedisSerializationContext.java:290)
	at org.springframework.data.redis.cache.RedisCache.serializeCacheValue(RedisCache.java:285)
	at org.springframework.data.redis.cache.RedisCache.put(RedisCache.java:171)
	at org.springframework.cache.interceptor.AbstractCacheInvoker.doPut(AbstractCacheInvoker.java:87)
	at org.springframework.cache.interceptor.CacheAspectSupport$CachePutRequest.apply(CacheAspectSupport.java:837)
	at org.springframework.cache.interceptor.CacheAspectSupport.execute(CacheAspectSupport.java:429)
	at org.springframework.cache.interceptor.CacheAspectSupport.execute(CacheAspectSupport.java:345)
	at org.springframework.cache.interceptor.CacheInterceptor.invoke(CacheInterceptor.java:64)
	at org.springframework.aop.framework.ReflectiveMethodInvocation.proceed(ReflectiveMethodInvocation.java:186)
	at org.springframework.aop.framework.CglibAopProxy$CglibMethodInvocation.proceed(CglibAopProxy.java:762)
	at org.springframework.aop.framework.CglibAopProxy$DynamicAdvisedInterceptor.intercept(CglibAopProxy.java:707)
	at com.accounting.service.CategoryService$$EnhancerBySpringCGLIB$$fc63dcf4.getCategoriesByType(<generated>)
	at com.accounting.controller.CategoryController.getCategoriesByType(CategoryController.java:38)
	at java.base/jdk.internal.reflect.NativeMethodAccessorImpl.invoke0(Native Method)
	at java.base/jdk.internal.reflect.NativeMethodAccessorImpl.invoke(NativeMethodAccessorImpl.java:62)
	at java.base/jdk.internal.reflect.DelegatingMethodAccessorImpl.invoke(DelegatingMethodAccessorImpl.java:43)
	at java.base/java.lang.reflect.Method.invoke(Method.java:566)
	at org.springframework.web.method.support.InvocableHandlerMethod.doInvoke(InvocableHandlerMethod.java:205)
	at org.springframework.web.method.support.InvocableHandlerMethod.invokeForRequest(InvocableHandlerMethod.java:150)
	at org.springframework.web.servlet.mvc.method.annotation.ServletInvocableHandlerMethod.invokeAndHandle(ServletInvocableHandlerMethod.java:117)
	at org.springframework.web.servlet.mvc.method.annotation.RequestMappingHandlerAdapter.invokeHandlerMethod(RequestMappingHandlerAdapter.java:895)
	at org.springframework.web.servlet.mvc.method.annotation.RequestMappingHandlerAdapter.handleInternal(RequestMappingHandlerAdapter.java:808)
	at org.springframework.web.servlet.mvc.method.AbstractHandlerMethodAdapter.handle(AbstractHandlerMethodAdapter.java:87)
	at org.springframework.web.servlet.DispatcherServlet.doDispatch(DispatcherServlet.java:1072)
	at org.springframework.web.servlet.DispatcherServlet.doService(DispatcherServlet.java:965)
	at org.springframework.web.servlet.FrameworkServlet.processRequest(FrameworkServlet.java:1006)
	at org.springframework.web.servlet.FrameworkServlet.doGet(FrameworkServlet.java:898)
	at javax.servlet.http.HttpServlet.service(HttpServlet.java:529)
	at org.springframework.web.servlet.FrameworkServlet.service(FrameworkServlet.java:883)
	at javax.servlet.http.HttpServlet.service(HttpServlet.java:623)
	at org.apache.catalina.core.ApplicationFilterChain.internalDoFilter(ApplicationFilterChain.java:209)
	at org.apache.catalina.core.ApplicationFilterChain.doFilter(ApplicationFilterChain.java:153)
	at org.apache.tomcat.websocket.server.WsFilter.doFilter(WsFilter.java:51)
	at org.apache.catalina.core.ApplicationFilterChain.internalDoFilter(ApplicationFilterChain.java:178)
	at org.apache.catalina.core.ApplicationFilterChain.doFilter(ApplicationFilterChain.java:153)
	at org.springframework.web.filter.CorsFilter.doFilterInternal(CorsFilter.java:91)
	at org.springframework.web.filter.OncePerRequestFilter.doFilter(OncePerRequestFilter.java:117)
	at org.apache.catalina.core.ApplicationFilterChain.internalDoFilter(ApplicationFilterChain.java:178)
	at org.apache.catalina.core.ApplicationFilterChain.doFilter(ApplicationFilterChain.java:153)
	at org.springframework.web.filter.RequestContextFilter.doFilterInternal(RequestContextFilter.java:100)
	at org.springframework.web.filter.OncePerRequestFilter.doFilter(OncePerRequestFilter.java:117)
	at org.apache.catalina.core.ApplicationFilterChain.internalDoFilter(ApplicationFilterChain.java:178)
	at org.apache.catalina.core.ApplicationFilterChain.doFilter(ApplicationFilterChain.java:153)
	at org.springframework.web.filter.FormContentFilter.doFilterInternal(FormContentFilter.java:93)
	at org.springframework.web.filter.OncePerRequestFilter.doFilter(OncePerRequestFilter.java:117)
	at org.apache.catalina.core.ApplicationFilterChain.internalDoFilter(ApplicationFilterChain.java:178)
	at org.apache.catalina.core.ApplicationFilterChain.doFilter(ApplicationFilterChain.java:153)
	at org.springframework.web.filter.CharacterEncodingFilter.doFilterInternal(CharacterEncodingFilter.java:201)
	at org.springframework.web.filter.OncePerRequestFilter.doFilter(OncePerRequestFilter.java:117)
	at org.apache.catalina.core.ApplicationFilterChain.internalDoFilter(ApplicationFilterChain.java:178)
	at org.apache.catalina.core.ApplicationFilterChain.doFilter(ApplicationFilterChain.java:153)
	at org.apache.catalina.core.StandardWrapperValve.invoke(StandardWrapperValve.java:168)
	at org.apache.catalina.core.StandardContextValve.invoke(StandardContextValve.java:90)
	at org.apache.catalina.authenticator.AuthenticatorBase.invoke(AuthenticatorBase.java:481)
	at org.apache.catalina.core.StandardHostValve.invoke(StandardHostValve.java:130)
	at org.apache.catalina.valves.ErrorReportValve.invoke(ErrorReportValve.java:93)
	at org.apache.catalina.core.StandardEngineValve.invoke(StandardEngineValve.java:74)
	at org.apache.catalina.connector.CoyoteAdapter.service(CoyoteAdapter.java:342)
	at org.apache.coyote.http11.Http11Processor.service(Http11Processor.java:390)
	at org.apache.coyote.AbstractProcessorLight.process(AbstractProcessorLight.java:63)
	at org.apache.coyote.AbstractProtocol$ConnectionHandler.process(AbstractProtocol.java:928)
	at org.apache.tomcat.util.net.NioEndpoint$SocketProcessor.doRun(NioEndpoint.java:1794)
	at org.apache.tomcat.util.net.SocketProcessorBase.run(SocketProcessorBase.java:52)
	at org.apache.tomcat.util.threads.ThreadPoolExecutor.runWorker(ThreadPoolExecutor.java:1191)
	at org.apache.tomcat.util.threads.ThreadPoolExecutor$Worker.run(ThreadPoolExecutor.java:659)
	at org.apache.tomcat.util.threads.TaskThread$WrappingRunnable.run(TaskThread.java:61)
	at java.base/java.lang.Thread.run(Thread.java:834)
Caused by: org.springframework.core.serializer.support.SerializationFailedException: Failed to serialize object using DefaultSerializer; nested exception is java.io.NotSerializableException: com.accounting.entity.Category
	at org.springframework.core.serializer.support.SerializingConverter.convert(SerializingConverter.java:64)
	at org.springframework.core.serializer.support.SerializingConverter.convert(SerializingConverter.java:33)
	at org.springframework.data.redis.serializer.JdkSerializationRedisSerializer.serialize(JdkSerializationRedisSerializer.java:94)
	... 68 common frames omitted
Caused by: java.io.NotSerializableException: com.accounting.entity.Category
	at java.base/java.io.ObjectOutputStream.writeObject0(ObjectOutputStream.java:1185)
	at java.base/java.io.ObjectOutputStream.writeObject(ObjectOutputStream.java:349)
	at java.base/java.util.ArrayList.writeObject(ArrayList.java:896)
	at java.base/jdk.internal.reflect.NativeMethodAccessorImpl.invoke0(Native Method)
	at java.base/jdk.internal.reflect.NativeMethodAccessorImpl.invoke(NativeMethodAccessorImpl.java:62)
	at java.base/jdk.internal.reflect.DelegatingMethodAccessorImpl.invoke(DelegatingMethodAccessorImpl.java:43)
	at java.base/java.lang.reflect.Method.invoke(Method.java:566)
	at java.base/java.io.ObjectStreamClass.invokeWriteObject(ObjectStreamClass.java:1130)
	at java.base/java.io.ObjectOutputStream.writeSerialData(ObjectOutputStream.java:1497)
	at java.base/java.io.ObjectOutputStream.writeOrdinaryObject(ObjectOutputStream.java:1433)
	at java.base/java.io.ObjectOutputStream.writeObject0(ObjectOutputStream.java:1179)
	at java.base/java.io.ObjectOutputStream.writeObject(ObjectOutputStream.java:349)
	at org.springframework.core.serializer.DefaultSerializer.serialize(DefaultSerializer.java:46)
	at org.springframework.core.serializer.Serializer.serializeToByteArray(Serializer.java:56)
	at org.springframework.core.serializer.support.SerializingConverter.convert(SerializingConverter.java:60)
	... 70 common frames omitted
2026-05-26 14:23:27 [http-nio-8080-exec-3] INFO  com.accounting.service.BudgetService - 计算预算使用情况: 1
2026-05-26 14:23:27 [http-nio-8080-exec-3] INFO  com.accounting.service.BudgetService - 根据ID获取预算: 1
2026-05-26 14:23:27 [http-nio-8080-exec-3] INFO  com.accounting.service.BudgetService - 计算预算使用情况: 1
2026-05-26 14:23:27 [http-nio-8080-exec-3] INFO  com.accounting.service.BudgetService - 根据ID获取预算: 1
2026-05-26 14:23:27 [http-nio-8080-exec-3] INFO  c.a.service.DashboardService - 检查异常消费: 月均支出=0.00
2026-05-26 14:23:27 [http-nio-8080-exec-7] INFO  c.a.controller.CategoryController - API: 按类型获取分类: EXPENSE
2026-05-26 14:23:27 [http-nio-8080-exec-7] INFO  c.accounting.service.CategoryService - 获取支出分类列表
2026-05-26 14:23:27 [http-nio-8080-exec-3] ERROR c.a.exception.GlobalExceptionHandler - 系统异常: 
org.springframework.data.redis.serializer.SerializationException: Cannot serialize; nested exception is org.springframework.core.serializer.support.SerializationFailedException: Failed to serialize object using DefaultSerializer; nested exception is java.lang.IllegalArgumentException: DefaultSerializer requires a Serializable payload but received an object of type [com.accounting.dto.DashboardDTO]
	at org.springframework.data.redis.serializer.JdkSerializationRedisSerializer.serialize(JdkSerializationRedisSerializer.java:96)
	at org.springframework.data.redis.serializer.DefaultRedisElementWriter.write(DefaultRedisElementWriter.java:44)
	at org.springframework.data.redis.serializer.RedisSerializationContext$SerializationPair.write(RedisSerializationContext.java:290)
	at org.springframework.data.redis.cache.RedisCache.serializeCacheValue(RedisCache.java:285)
	at org.springframework.data.redis.cache.RedisCache.put(RedisCache.java:171)
	at org.springframework.cache.interceptor.AbstractCacheInvoker.doPut(AbstractCacheInvoker.java:87)
	at org.springframework.cache.interceptor.CacheAspectSupport$CachePutRequest.apply(CacheAspectSupport.java:837)
	at org.springframework.cache.interceptor.CacheAspectSupport.execute(CacheAspectSupport.java:429)
	at org.springframework.cache.interceptor.CacheAspectSupport.execute(CacheAspectSupport.java:345)
	at org.springframework.cache.interceptor.CacheInterceptor.invoke(CacheInterceptor.java:64)
	at org.springframework.aop.framework.ReflectiveMethodInvocation.proceed(ReflectiveMethodInvocation.java:186)
	at org.springframework.aop.framework.CglibAopProxy$CglibMethodInvocation.proceed(CglibAopProxy.java:762)
	at org.springframework.aop.framework.CglibAopProxy$DynamicAdvisedInterceptor.intercept(CglibAopProxy.java:707)
	at com.accounting.service.DashboardService$$EnhancerBySpringCGLIB$$cb815804.getDashboardData(<generated>)
	at com.accounting.controller.DashboardController.getDashboardData(DashboardController.java:27)
	at java.base/jdk.internal.reflect.NativeMethodAccessorImpl.invoke0(Native Method)
	at java.base/jdk.internal.reflect.NativeMethodAccessorImpl.invoke(NativeMethodAccessorImpl.java:62)
	at java.base/jdk.internal.reflect.DelegatingMethodAccessorImpl.invoke(DelegatingMethodAccessorImpl.java:43)
	at java.base/java.lang.reflect.Method.invoke(Method.java:566)
	at org.springframework.web.method.support.InvocableHandlerMethod.doInvoke(InvocableHandlerMethod.java:205)
	at org.springframework.web.method.support.InvocableHandlerMethod.invokeForRequest(InvocableHandlerMethod.java:150)
	at org.springframework.web.servlet.mvc.method.annotation.ServletInvocableHandlerMethod.invokeAndHandle(ServletInvocableHandlerMethod.java:117)
	at org.springframework.web.servlet.mvc.method.annotation.RequestMappingHandlerAdapter.invokeHandlerMethod(RequestMappingHandlerAdapter.java:895)
	at org.springframework.web.servlet.mvc.method.annotation.RequestMappingHandlerAdapter.handleInternal(RequestMappingHandlerAdapter.java:808)
	at org.springframework.web.servlet.mvc.method.AbstractHandlerMethodAdapter.handle(AbstractHandlerMethodAdapter.java:87)
	at org.springframework.web.servlet.DispatcherServlet.doDispatch(DispatcherServlet.java:1072)
	at org.springframework.web.servlet.DispatcherServlet.doService(DispatcherServlet.java:965)
	at org.springframework.web.servlet.FrameworkServlet.processRequest(FrameworkServlet.java:1006)
	at org.springframework.web.servlet.FrameworkServlet.doGet(FrameworkServlet.java:898)
	at javax.servlet.http.HttpServlet.service(HttpServlet.java:529)
	at org.springframework.web.servlet.FrameworkServlet.service(FrameworkServlet.java:883)
	at javax.servlet.http.HttpServlet.service(HttpServlet.java:623)
	at org.apache.catalina.core.ApplicationFilterChain.internalDoFilter(ApplicationFilterChain.java:209)
	at org.apache.catalina.core.ApplicationFilterChain.doFilter(ApplicationFilterChain.java:153)
	at org.apache.tomcat.websocket.server.WsFilter.doFilter(WsFilter.java:51)
	at org.apache.catalina.core.ApplicationFilterChain.internalDoFilter(ApplicationFilterChain.java:178)
	at org.apache.catalina.core.ApplicationFilterChain.doFilter(ApplicationFilterChain.java:153)
	at org.springframework.web.filter.CorsFilter.doFilterInternal(CorsFilter.java:91)
	at org.springframework.web.filter.OncePerRequestFilter.doFilter(OncePerRequestFilter.java:117)
	at org.apache.catalina.core.ApplicationFilterChain.internalDoFilter(ApplicationFilterChain.java:178)
	at org.apache.catalina.core.ApplicationFilterChain.doFilter(ApplicationFilterChain.java:153)
	at org.springframework.web.filter.RequestContextFilter.doFilterInternal(RequestContextFilter.java:100)
	at org.springframework.web.filter.OncePerRequestFilter.doFilter(OncePerRequestFilter.java:117)
	at org.apache.catalina.core.ApplicationFilterChain.internalDoFilter(ApplicationFilterChain.java:178)
	at org.apache.catalina.core.ApplicationFilterChain.doFilter(ApplicationFilterChain.java:153)
	at org.springframework.web.filter.FormContentFilter.doFilterInternal(FormContentFilter.java:93)
	at org.springframework.web.filter.OncePerRequestFilter.doFilter(OncePerRequestFilter.java:117)
	at org.apache.catalina.core.ApplicationFilterChain.internalDoFilter(ApplicationFilterChain.java:178)
	at org.apache.catalina.core.ApplicationFilterChain.doFilter(ApplicationFilterChain.java:153)
	at org.springframework.web.filter.CharacterEncodingFilter.doFilterInternal(CharacterEncodingFilter.java:201)
	at org.springframework.web.filter.OncePerRequestFilter.doFilter(OncePerRequestFilter.java:117)
	at org.apache.catalina.core.ApplicationFilterChain.internalDoFilter(ApplicationFilterChain.java:178)
	at org.apache.catalina.core.ApplicationFilterChain.doFilter(ApplicationFilterChain.java:153)
	at org.apache.catalina.core.StandardWrapperValve.invoke(StandardWrapperValve.java:168)
	at org.apache.catalina.core.StandardContextValve.invoke(StandardContextValve.java:90)
	at org.apache.catalina.authenticator.AuthenticatorBase.invoke(AuthenticatorBase.java:481)
	at org.apache.catalina.core.StandardHostValve.invoke(StandardHostValve.java:130)
	at org.apache.catalina.valves.ErrorReportValve.invoke(ErrorReportValve.java:93)
	at org.apache.catalina.core.StandardEngineValve.invoke(StandardEngineValve.java:74)
	at org.apache.catalina.connector.CoyoteAdapter.service(CoyoteAdapter.java:342)
	at org.apache.coyote.http11.Http11Processor.service(Http11Processor.java:390)
	at org.apache.coyote.AbstractProcessorLight.process(AbstractProcessorLight.java:63)
	at org.apache.coyote.AbstractProtocol$ConnectionHandler.process(AbstractProtocol.java:928)
	at org.apache.tomcat.util.net.NioEndpoint$SocketProcessor.doRun(NioEndpoint.java:1794)
	at org.apache.tomcat.util.net.SocketProcessorBase.run(SocketProcessorBase.java:52)
	at org.apache.tomcat.util.threads.ThreadPoolExecutor.runWorker(ThreadPoolExecutor.java:1191)
	at org.apache.tomcat.util.threads.ThreadPoolExecutor$Worker.run(ThreadPoolExecutor.java:659)
	at org.apache.tomcat.util.threads.TaskThread$WrappingRunnable.run(TaskThread.java:61)
	at java.base/java.lang.Thread.run(Thread.java:834)
Caused by: org.springframework.core.serializer.support.SerializationFailedException: Failed to serialize object using DefaultSerializer; nested exception is java.lang.IllegalArgumentException: DefaultSerializer requires a Serializable payload but received an object of type [com.accounting.dto.DashboardDTO]
	at org.springframework.core.serializer.support.SerializingConverter.convert(SerializingConverter.java:64)
	at org.springframework.core.serializer.support.SerializingConverter.convert(SerializingConverter.java:33)
	at org.springframework.data.redis.serializer.JdkSerializationRedisSerializer.serialize(JdkSerializationRedisSerializer.java:94)
	... 68 common frames omitted
Caused by: java.lang.IllegalArgumentException: DefaultSerializer requires a Serializable payload but received an object of type [com.accounting.dto.DashboardDTO]
	at org.springframework.core.serializer.DefaultSerializer.serialize(DefaultSerializer.java:43)
	at org.springframework.core.serializer.Serializer.serializeToByteArray(Serializer.java:56)
	at org.springframework.core.serializer.support.SerializingConverter.convert(SerializingConverter.java:60)
	... 70 common frames omitted
2026-05-26 14:23:27 [http-nio-8080-exec-7] ERROR c.a.exception.GlobalExceptionHandler - 系统异常: 
org.springframework.data.redis.serializer.SerializationException: Cannot serialize; nested exception is org.springframework.core.serializer.support.SerializationFailedException: Failed to serialize object using DefaultSerializer; nested exception is java.io.NotSerializableException: com.accounting.entity.Category
	at org.springframework.data.redis.serializer.JdkSerializationRedisSerializer.serialize(JdkSerializationRedisSerializer.java:96)
	at org.springframework.data.redis.serializer.DefaultRedisElementWriter.write(DefaultRedisElementWriter.java:44)
	at org.springframework.data.redis.serializer.RedisSerializationContext$SerializationPair.write(RedisSerializationContext.java:290)
	at org.springframework.data.redis.cache.RedisCache.serializeCacheValue(RedisCache.java:285)
	at org.springframework.data.redis.cache.RedisCache.put(RedisCache.java:171)
	at org.springframework.cache.interceptor.AbstractCacheInvoker.doPut(AbstractCacheInvoker.java:87)
	at org.springframework.cache.interceptor.CacheAspectSupport$CachePutRequest.apply(CacheAspectSupport.java:837)
	at org.springframework.cache.interceptor.CacheAspectSupport.execute(CacheAspectSupport.java:429)
	at org.springframework.cache.interceptor.CacheAspectSupport.execute(CacheAspectSupport.java:345)
	at org.springframework.cache.interceptor.CacheInterceptor.invoke(CacheInterceptor.java:64)
	at org.springframework.aop.framework.ReflectiveMethodInvocation.proceed(ReflectiveMethodInvocation.java:186)
	at org.springframework.aop.framework.CglibAopProxy$CglibMethodInvocation.proceed(CglibAopProxy.java:762)
	at org.springframework.aop.framework.CglibAopProxy$DynamicAdvisedInterceptor.intercept(CglibAopProxy.java:707)
	at com.accounting.service.CategoryService$$EnhancerBySpringCGLIB$$fc63dcf4.getCategoriesByType(<generated>)
	at com.accounting.controller.CategoryController.getCategoriesByType(CategoryController.java:38)
	at java.base/jdk.internal.reflect.NativeMethodAccessorImpl.invoke0(Native Method)
	at java.base/jdk.internal.reflect.NativeMethodAccessorImpl.invoke(NativeMethodAccessorImpl.java:62)
	at java.base/jdk.internal.reflect.DelegatingMethodAccessorImpl.invoke(DelegatingMethodAccessorImpl.java:43)
	at java.base/java.lang.reflect.Method.invoke(Method.java:566)
	at org.springframework.web.method.support.InvocableHandlerMethod.doInvoke(InvocableHandlerMethod.java:205)
	at org.springframework.web.method.support.InvocableHandlerMethod.invokeForRequest(InvocableHandlerMethod.java:150)
	at org.springframework.web.servlet.mvc.method.annotation.ServletInvocableHandlerMethod.invokeAndHandle(ServletInvocableHandlerMethod.java:117)
	at org.springframework.web.servlet.mvc.method.annotation.RequestMappingHandlerAdapter.invokeHandlerMethod(RequestMappingHandlerAdapter.java:895)
	at org.springframework.web.servlet.mvc.method.annotation.RequestMappingHandlerAdapter.handleInternal(RequestMappingHandlerAdapter.java:808)
	at org.springframework.web.servlet.mvc.method.AbstractHandlerMethodAdapter.handle(AbstractHandlerMethodAdapter.java:87)
	at org.springframework.web.servlet.DispatcherServlet.doDispatch(DispatcherServlet.java:1072)
	at org.springframework.web.servlet.DispatcherServlet.doService(DispatcherServlet.java:965)
	at org.springframework.web.servlet.FrameworkServlet.processRequest(FrameworkServlet.java:1006)
	at org.springframework.web.servlet.FrameworkServlet.doGet(FrameworkServlet.java:898)
	at javax.servlet.http.HttpServlet.service(HttpServlet.java:529)
	at org.springframework.web.servlet.FrameworkServlet.service(FrameworkServlet.java:883)
	at javax.servlet.http.HttpServlet.service(HttpServlet.java:623)
	at org.apache.catalina.core.ApplicationFilterChain.internalDoFilter(ApplicationFilterChain.java:209)
	at org.apache.catalina.core.ApplicationFilterChain.doFilter(ApplicationFilterChain.java:153)
	at org.apache.tomcat.websocket.server.WsFilter.doFilter(WsFilter.java:51)
	at org.apache.catalina.core.ApplicationFilterChain.internalDoFilter(ApplicationFilterChain.java:178)
	at org.apache.catalina.core.ApplicationFilterChain.doFilter(ApplicationFilterChain.java:153)
	at org.springframework.web.filter.CorsFilter.doFilterInternal(CorsFilter.java:91)
	at org.springframework.web.filter.OncePerRequestFilter.doFilter(OncePerRequestFilter.java:117)
	at org.apache.catalina.core.ApplicationFilterChain.internalDoFilter(ApplicationFilterChain.java:178)
	at org.apache.catalina.core.ApplicationFilterChain.doFilter(ApplicationFilterChain.java:153)
	at org.springframework.web.filter.RequestContextFilter.doFilterInternal(RequestContextFilter.java:100)
	at org.springframework.web.filter.OncePerRequestFilter.doFilter(OncePerRequestFilter.java:117)
	at org.apache.catalina.core.ApplicationFilterChain.internalDoFilter(ApplicationFilterChain.java:178)
	at org.apache.catalina.core.ApplicationFilterChain.doFilter(ApplicationFilterChain.java:153)
	at org.springframework.web.filter.FormContentFilter.doFilterInternal(FormContentFilter.java:93)
	at org.springframework.web.filter.OncePerRequestFilter.doFilter(OncePerRequestFilter.java:117)
	at org.apache.catalina.core.ApplicationFilterChain.internalDoFilter(ApplicationFilterChain.java:178)
	at org.apache.catalina.core.ApplicationFilterChain.doFilter(ApplicationFilterChain.java:153)
	at org.springframework.web.filter.CharacterEncodingFilter.doFilterInternal(CharacterEncodingFilter.java:201)
	at org.springframework.web.filter.OncePerRequestFilter.doFilter(OncePerRequestFilter.java:117)
	at org.apache.catalina.core.ApplicationFilterChain.internalDoFilter(ApplicationFilterChain.java:178)
	at org.apache.catalina.core.ApplicationFilterChain.doFilter(ApplicationFilterChain.java:153)
	at org.apache.catalina.core.StandardWrapperValve.invoke(StandardWrapperValve.java:168)
	at org.apache.catalina.core.StandardContextValve.invoke(StandardContextValve.java:90)
	at org.apache.catalina.authenticator.AuthenticatorBase.invoke(AuthenticatorBase.java:481)
	at org.apache.catalina.core.StandardHostValve.invoke(StandardHostValve.java:130)
	at org.apache.catalina.valves.ErrorReportValve.invoke(ErrorReportValve.java:93)
	at org.apache.catalina.core.StandardEngineValve.invoke(StandardEngineValve.java:74)
	at org.apache.catalina.connector.CoyoteAdapter.service(CoyoteAdapter.java:342)
	at org.apache.coyote.http11.Http11Processor.service(Http11Processor.java:390)
	at org.apache.coyote.AbstractProcessorLight.process(AbstractProcessorLight.java:63)
	at org.apache.coyote.AbstractProtocol$ConnectionHandler.process(AbstractProtocol.java:928)
	at org.apache.tomcat.util.net.NioEndpoint$SocketProcessor.doRun(NioEndpoint.java:1794)
	at org.apache.tomcat.util.net.SocketProcessorBase.run(SocketProcessorBase.java:52)
	at org.apache.tomcat.util.threads.ThreadPoolExecutor.runWorker(ThreadPoolExecutor.java:1191)
	at org.apache.tomcat.util.threads.ThreadPoolExecutor$Worker.run(ThreadPoolExecutor.java:659)
	at org.apache.tomcat.util.threads.TaskThread$WrappingRunnable.run(TaskThread.java:61)
	at java.base/java.lang.Thread.run(Thread.java:834)
Caused by: org.springframework.core.serializer.support.SerializationFailedException: Failed to serialize object using DefaultSerializer; nested exception is java.io.NotSerializableException: com.accounting.entity.Category
	at org.springframework.core.serializer.support.SerializingConverter.convert(SerializingConverter.java:64)
	at org.springframework.core.serializer.support.SerializingConverter.convert(SerializingConverter.java:33)
	at org.springframework.data.redis.serializer.JdkSerializationRedisSerializer.serialize(JdkSerializationRedisSerializer.java:94)
	... 68 common frames omitted
Caused by: java.io.NotSerializableException: com.accounting.entity.Category
	at java.base/java.io.ObjectOutputStream.writeObject0(ObjectOutputStream.java:1185)
	at java.base/java.io.ObjectOutputStream.writeObject(ObjectOutputStream.java:349)
	at java.base/java.util.ArrayList.writeObject(ArrayList.java:896)
	at java.base/jdk.internal.reflect.NativeMethodAccessorImpl.invoke0(Native Method)
	at java.base/jdk.internal.reflect.NativeMethodAccessorImpl.invoke(NativeMethodAccessorImpl.java:62)
	at java.base/jdk.internal.reflect.DelegatingMethodAccessorImpl.invoke(DelegatingMethodAccessorImpl.java:43)
	at java.base/java.lang.reflect.Method.invoke(Method.java:566)
	at java.base/java.io.ObjectStreamClass.invokeWriteObject(ObjectStreamClass.java:1130)
	at java.base/java.io.ObjectOutputStream.writeSerialData(ObjectOutputStream.java:1497)
	at java.base/java.io.ObjectOutputStream.writeOrdinaryObject(ObjectOutputStream.java:1433)
	at java.base/java.io.ObjectOutputStream.writeObject0(ObjectOutputStream.java:1179)
	at java.base/java.io.ObjectOutputStream.writeObject(ObjectOutputStream.java:349)
	at org.springframework.core.serializer.DefaultSerializer.serialize(DefaultSerializer.java:46)
	at org.springframework.core.serializer.Serializer.serializeToByteArray(Serializer.java:56)
	at org.springframework.core.serializer.support.SerializingConverter.convert(SerializingConverter.java:60)
	... 70 common frames omitted
2026-05-26 14:23:27 [http-nio-8080-exec-8] INFO  c.a.controller.DashboardController - API: 获取看板数据
2026-05-26 14:23:27 [http-nio-8080-exec-8] INFO  c.a.service.DashboardService - 获取看板数据
2026-05-26 14:23:27 [http-nio-8080-exec-8] INFO  com.accounting.service.BudgetService - 获取当前生效的预算列表
2026-05-26 14:23:27 [http-nio-8080-exec-8] INFO  com.accounting.service.BudgetService - 计算预算使用情况: 1
2026-05-26 14:23:27 [http-nio-8080-exec-8] INFO  com.accounting.service.BudgetService - 根据ID获取预算: 1
2026-05-26 14:23:27 [http-nio-8080-exec-8] INFO  com.accounting.service.BudgetService - 计算预算使用情况: 1
2026-05-26 14:23:27 [http-nio-8080-exec-8] INFO  com.accounting.service.BudgetService - 根据ID获取预算: 1
2026-05-26 14:23:27 [http-nio-8080-exec-8] INFO  c.a.service.DashboardService - 检查异常消费: 月均支出=0.00
2026-05-26 14:23:27 [http-nio-8080-exec-8] ERROR c.a.exception.GlobalExceptionHandler - 系统异常: 
org.springframework.data.redis.serializer.SerializationException: Cannot serialize; nested exception is org.springframework.core.serializer.support.SerializationFailedException: Failed to serialize object using DefaultSerializer; nested exception is java.lang.IllegalArgumentException: DefaultSerializer requires a Serializable payload but received an object of type [com.accounting.dto.DashboardDTO]
	at org.springframework.data.redis.serializer.JdkSerializationRedisSerializer.serialize(JdkSerializationRedisSerializer.java:96)
	at org.springframework.data.redis.serializer.DefaultRedisElementWriter.write(DefaultRedisElementWriter.java:44)
	at org.springframework.data.redis.serializer.RedisSerializationContext$SerializationPair.write(RedisSerializationContext.java:290)
	at org.springframework.data.redis.cache.RedisCache.serializeCacheValue(RedisCache.java:285)
	at org.springframework.data.redis.cache.RedisCache.put(RedisCache.java:171)
	at org.springframework.cache.interceptor.AbstractCacheInvoker.doPut(AbstractCacheInvoker.java:87)
	at org.springframework.cache.interceptor.CacheAspectSupport$CachePutRequest.apply(CacheAspectSupport.java:837)
	at org.springframework.cache.interceptor.CacheAspectSupport.execute(CacheAspectSupport.java:429)
	at org.springframework.cache.interceptor.CacheAspectSupport.execute(CacheAspectSupport.java:345)
	at org.springframework.cache.interceptor.CacheInterceptor.invoke(CacheInterceptor.java:64)
	at org.springframework.aop.framework.ReflectiveMethodInvocation.proceed(ReflectiveMethodInvocation.java:186)
	at org.springframework.aop.framework.CglibAopProxy$CglibMethodInvocation.proceed(CglibAopProxy.java:762)
	at org.springframework.aop.framework.CglibAopProxy$DynamicAdvisedInterceptor.intercept(CglibAopProxy.java:707)
	at com.accounting.service.DashboardService$$EnhancerBySpringCGLIB$$cb815804.getDashboardData(<generated>)
	at com.accounting.controller.DashboardController.getDashboardData(DashboardController.java:27)
	at java.base/jdk.internal.reflect.NativeMethodAccessorImpl.invoke0(Native Method)
	at java.base/jdk.internal.reflect.NativeMethodAccessorImpl.invoke(NativeMethodAccessorImpl.java:62)
	at java.base/jdk.internal.reflect.DelegatingMethodAccessorImpl.invoke(DelegatingMethodAccessorImpl.java:43)
	at java.base/java.lang.reflect.Method.invoke(Method.java:566)
	at org.springframework.web.method.support.InvocableHandlerMethod.doInvoke(InvocableHandlerMethod.java:205)
	at org.springframework.web.method.support.InvocableHandlerMethod.invokeForRequest(InvocableHandlerMethod.java:150)
	at org.springframework.web.servlet.mvc.method.annotation.ServletInvocableHandlerMethod.invokeAndHandle(ServletInvocableHandlerMethod.java:117)
	at org.springframework.web.servlet.mvc.method.annotation.RequestMappingHandlerAdapter.invokeHandlerMethod(RequestMappingHandlerAdapter.java:895)
	at org.springframework.web.servlet.mvc.method.annotation.RequestMappingHandlerAdapter.handleInternal(RequestMappingHandlerAdapter.java:808)
	at org.springframework.web.servlet.mvc.method.AbstractHandlerMethodAdapter.handle(AbstractHandlerMethodAdapter.java:87)
	at org.springframework.web.servlet.DispatcherServlet.doDispatch(DispatcherServlet.java:1072)
	at org.springframework.web.servlet.DispatcherServlet.doService(DispatcherServlet.java:965)
	at org.springframework.web.servlet.FrameworkServlet.processRequest(FrameworkServlet.java:1006)
	at org.springframework.web.servlet.FrameworkServlet.doGet(FrameworkServlet.java:898)
	at javax.servlet.http.HttpServlet.service(HttpServlet.java:529)
	at org.springframework.web.servlet.FrameworkServlet.service(FrameworkServlet.java:883)
	at javax.servlet.http.HttpServlet.service(HttpServlet.java:623)
	at org.apache.catalina.core.ApplicationFilterChain.internalDoFilter(ApplicationFilterChain.java:209)
	at org.apache.catalina.core.ApplicationFilterChain.doFilter(ApplicationFilterChain.java:153)
	at org.apache.tomcat.websocket.server.WsFilter.doFilter(WsFilter.java:51)
	at org.apache.catalina.core.ApplicationFilterChain.internalDoFilter(ApplicationFilterChain.java:178)
	at org.apache.catalina.core.ApplicationFilterChain.doFilter(ApplicationFilterChain.java:153)
	at org.springframework.web.filter.CorsFilter.doFilterInternal(CorsFilter.java:91)
	at org.springframework.web.filter.OncePerRequestFilter.doFilter(OncePerRequestFilter.java:117)
	at org.apache.catalina.core.ApplicationFilterChain.internalDoFilter(ApplicationFilterChain.java:178)
	at org.apache.catalina.core.ApplicationFilterChain.doFilter(ApplicationFilterChain.java:153)
	at org.springframework.web.filter.RequestContextFilter.doFilterInternal(RequestContextFilter.java:100)
	at org.springframework.web.filter.OncePerRequestFilter.doFilter(OncePerRequestFilter.java:117)
	at org.apache.catalina.core.ApplicationFilterChain.internalDoFilter(ApplicationFilterChain.java:178)
	at org.apache.catalina.core.ApplicationFilterChain.doFilter(ApplicationFilterChain.java:153)
	at org.springframework.web.filter.FormContentFilter.doFilterInternal(FormContentFilter.java:93)
	at org.springframework.web.filter.OncePerRequestFilter.doFilter(OncePerRequestFilter.java:117)
	at org.apache.catalina.core.ApplicationFilterChain.internalDoFilter(ApplicationFilterChain.java:178)
	at org.apache.catalina.core.ApplicationFilterChain.doFilter(ApplicationFilterChain.java:153)
	at org.springframework.web.filter.CharacterEncodingFilter.doFilterInternal(CharacterEncodingFilter.java:201)
	at org.springframework.web.filter.OncePerRequestFilter.doFilter(OncePerRequestFilter.java:117)
	at org.apache.catalina.core.ApplicationFilterChain.internalDoFilter(ApplicationFilterChain.java:178)
	at org.apache.catalina.core.ApplicationFilterChain.doFilter(ApplicationFilterChain.java:153)
	at org.apache.catalina.core.StandardWrapperValve.invoke(StandardWrapperValve.java:168)
	at org.apache.catalina.core.StandardContextValve.invoke(StandardContextValve.java:90)
	at org.apache.catalina.authenticator.AuthenticatorBase.invoke(AuthenticatorBase.java:481)
	at org.apache.catalina.core.StandardHostValve.invoke(StandardHostValve.java:130)
	at org.apache.catalina.valves.ErrorReportValve.invoke(ErrorReportValve.java:93)
	at org.apache.catalina.core.StandardEngineValve.invoke(StandardEngineValve.java:74)
	at org.apache.catalina.connector.CoyoteAdapter.service(CoyoteAdapter.java:342)
	at org.apache.coyote.http11.Http11Processor.service(Http11Processor.java:390)
	at org.apache.coyote.AbstractProcessorLight.process(AbstractProcessorLight.java:63)
	at org.apache.coyote.AbstractProtocol$ConnectionHandler.process(AbstractProtocol.java:928)
	at org.apache.tomcat.util.net.NioEndpoint$SocketProcessor.doRun(NioEndpoint.java:1794)
	at org.apache.tomcat.util.net.SocketProcessorBase.run(SocketProcessorBase.java:52)
	at org.apache.tomcat.util.threads.ThreadPoolExecutor.runWorker(ThreadPoolExecutor.java:1191)
	at org.apache.tomcat.util.threads.ThreadPoolExecutor$Worker.run(ThreadPoolExecutor.java:659)
	at org.apache.tomcat.util.threads.TaskThread$WrappingRunnable.run(TaskThread.java:61)
	at java.base/java.lang.Thread.run(Thread.java:834)
Caused by: org.springframework.core.serializer.support.SerializationFailedException: Failed to serialize object using DefaultSerializer; nested exception is java.lang.IllegalArgumentException: DefaultSerializer requires a Serializable payload but received an object of type [com.accounting.dto.DashboardDTO]
	at org.springframework.core.serializer.support.SerializingConverter.convert(SerializingConverter.java:64)
	at org.springframework.core.serializer.support.SerializingConverter.convert(SerializingConverter.java:33)
	at org.springframework.data.redis.serializer.JdkSerializationRedisSerializer.serialize(JdkSerializationRedisSerializer.java:94)
	... 68 common frames omitted
Caused by: java.lang.IllegalArgumentException: DefaultSerializer requires a Serializable payload but received an object of type [com.accounting.dto.DashboardDTO]
	at org.springframework.core.serializer.DefaultSerializer.serialize(DefaultSerializer.java:43)
	at org.springframework.core.serializer.Serializer.serializeToByteArray(Serializer.java:56)
	at org.springframework.core.serializer.support.SerializingConverter.convert(SerializingConverter.java:60)
	... 70 common frames omitted
2026-05-26 14:25:09 [http-nio-8080-exec-6] INFO  c.a.controller.DashboardController - API: 获取看板数据
2026-05-26 14:25:09 [http-nio-8080-exec-10] INFO  c.a.controller.BillController - API: 获取最近30天的账单
2026-05-26 14:25:09 [http-nio-8080-exec-10] INFO  com.accounting.service.BillService - 获取最近30天的账单
2026-05-26 14:25:09 [http-nio-8080-exec-6] INFO  c.a.service.DashboardService - 获取看板数据
2026-05-26 14:25:09 [http-nio-8080-exec-10] DEBUG com.accounting.service.BillService - 从Redis缓存获取最近30天账单
2026-05-26 14:25:09 [http-nio-8080-exec-6] INFO  com.accounting.service.BudgetService - 获取当前生效的预算列表
2026-05-26 14:25:09 [http-nio-8080-exec-6] INFO  com.accounting.service.BudgetService - 计算预算使用情况: 1
2026-05-26 14:25:09 [http-nio-8080-exec-9] INFO  c.a.controller.CategoryController - API: 按类型获取分类: EXPENSE
2026-05-26 14:25:09 [http-nio-8080-exec-6] INFO  com.accounting.service.BudgetService - 根据ID获取预算: 1
2026-05-26 14:25:09 [http-nio-8080-exec-6] INFO  com.accounting.service.BudgetService - 计算预算使用情况: 1
2026-05-26 14:25:09 [http-nio-8080-exec-6] INFO  com.accounting.service.BudgetService - 根据ID获取预算: 1
2026-05-26 14:25:09 [http-nio-8080-exec-9] INFO  c.accounting.service.CategoryService - 获取支出分类列表
2026-05-26 14:25:09 [http-nio-8080-exec-6] INFO  c.a.service.DashboardService - 检查异常消费: 月均支出=0.00
2026-05-26 14:25:09 [http-nio-8080-exec-6] ERROR c.a.exception.GlobalExceptionHandler - 系统异常: 
org.springframework.data.redis.serializer.SerializationException: Cannot serialize; nested exception is org.springframework.core.serializer.support.SerializationFailedException: Failed to serialize object using DefaultSerializer; nested exception is java.lang.IllegalArgumentException: DefaultSerializer requires a Serializable payload but received an object of type [com.accounting.dto.DashboardDTO]
	at org.springframework.data.redis.serializer.JdkSerializationRedisSerializer.serialize(JdkSerializationRedisSerializer.java:96)
	at org.springframework.data.redis.serializer.DefaultRedisElementWriter.write(DefaultRedisElementWriter.java:44)
	at org.springframework.data.redis.serializer.RedisSerializationContext$SerializationPair.write(RedisSerializationContext.java:290)
	at org.springframework.data.redis.cache.RedisCache.serializeCacheValue(RedisCache.java:285)
	at org.springframework.data.redis.cache.RedisCache.put(RedisCache.java:171)
	at org.springframework.cache.interceptor.AbstractCacheInvoker.doPut(AbstractCacheInvoker.java:87)
	at org.springframework.cache.interceptor.CacheAspectSupport$CachePutRequest.apply(CacheAspectSupport.java:837)
	at org.springframework.cache.interceptor.CacheAspectSupport.execute(CacheAspectSupport.java:429)
	at org.springframework.cache.interceptor.CacheAspectSupport.execute(CacheAspectSupport.java:345)
	at org.springframework.cache.interceptor.CacheInterceptor.invoke(CacheInterceptor.java:64)
	at org.springframework.aop.framework.ReflectiveMethodInvocation.proceed(ReflectiveMethodInvocation.java:186)
	at org.springframework.aop.framework.CglibAopProxy$CglibMethodInvocation.proceed(CglibAopProxy.java:762)
	at org.springframework.aop.framework.CglibAopProxy$DynamicAdvisedInterceptor.intercept(CglibAopProxy.java:707)
	at com.accounting.service.DashboardService$$EnhancerBySpringCGLIB$$cb815804.getDashboardData(<generated>)
	at com.accounting.controller.DashboardController.getDashboardData(DashboardController.java:27)
	at java.base/jdk.internal.reflect.NativeMethodAccessorImpl.invoke0(Native Method)
	at java.base/jdk.internal.reflect.NativeMethodAccessorImpl.invoke(NativeMethodAccessorImpl.java:62)
	at java.base/jdk.internal.reflect.DelegatingMethodAccessorImpl.invoke(DelegatingMethodAccessorImpl.java:43)
	at java.base/java.lang.reflect.Method.invoke(Method.java:566)
	at org.springframework.web.method.support.InvocableHandlerMethod.doInvoke(InvocableHandlerMethod.java:205)
	at org.springframework.web.method.support.InvocableHandlerMethod.invokeForRequest(InvocableHandlerMethod.java:150)
	at org.springframework.web.servlet.mvc.method.annotation.ServletInvocableHandlerMethod.invokeAndHandle(ServletInvocableHandlerMethod.java:117)
	at org.springframework.web.servlet.mvc.method.annotation.RequestMappingHandlerAdapter.invokeHandlerMethod(RequestMappingHandlerAdapter.java:895)
	at org.springframework.web.servlet.mvc.method.annotation.RequestMappingHandlerAdapter.handleInternal(RequestMappingHandlerAdapter.java:808)
	at org.springframework.web.servlet.mvc.method.AbstractHandlerMethodAdapter.handle(AbstractHandlerMethodAdapter.java:87)
	at org.springframework.web.servlet.DispatcherServlet.doDispatch(DispatcherServlet.java:1072)
	at org.springframework.web.servlet.DispatcherServlet.doService(DispatcherServlet.java:965)
	at org.springframework.web.servlet.FrameworkServlet.processRequest(FrameworkServlet.java:1006)
	at org.springframework.web.servlet.FrameworkServlet.doGet(FrameworkServlet.java:898)
	at javax.servlet.http.HttpServlet.service(HttpServlet.java:529)
	at org.springframework.web.servlet.FrameworkServlet.service(FrameworkServlet.java:883)
	at javax.servlet.http.HttpServlet.service(HttpServlet.java:623)
	at org.apache.catalina.core.ApplicationFilterChain.internalDoFilter(ApplicationFilterChain.java:209)
	at org.apache.catalina.core.ApplicationFilterChain.doFilter(ApplicationFilterChain.java:153)
	at org.apache.tomcat.websocket.server.WsFilter.doFilter(WsFilter.java:51)
	at org.apache.catalina.core.ApplicationFilterChain.internalDoFilter(ApplicationFilterChain.java:178)
	at org.apache.catalina.core.ApplicationFilterChain.doFilter(ApplicationFilterChain.java:153)
	at org.springframework.web.filter.CorsFilter.doFilterInternal(CorsFilter.java:91)
	at org.springframework.web.filter.OncePerRequestFilter.doFilter(OncePerRequestFilter.java:117)
	at org.apache.catalina.core.ApplicationFilterChain.internalDoFilter(ApplicationFilterChain.java:178)
	at org.apache.catalina.core.ApplicationFilterChain.doFilter(ApplicationFilterChain.java:153)
	at org.springframework.web.filter.RequestContextFilter.doFilterInternal(RequestContextFilter.java:100)
	at org.springframework.web.filter.OncePerRequestFilter.doFilter(OncePerRequestFilter.java:117)
	at org.apache.catalina.core.ApplicationFilterChain.internalDoFilter(ApplicationFilterChain.java:178)
	at org.apache.catalina.core.ApplicationFilterChain.doFilter(ApplicationFilterChain.java:153)
	at org.springframework.web.filter.FormContentFilter.doFilterInternal(FormContentFilter.java:93)
	at org.springframework.web.filter.OncePerRequestFilter.doFilter(OncePerRequestFilter.java:117)
	at org.apache.catalina.core.ApplicationFilterChain.internalDoFilter(ApplicationFilterChain.java:178)
	at org.apache.catalina.core.ApplicationFilterChain.doFilter(ApplicationFilterChain.java:153)
	at org.springframework.web.filter.CharacterEncodingFilter.doFilterInternal(CharacterEncodingFilter.java:201)
	at org.springframework.web.filter.OncePerRequestFilter.doFilter(OncePerRequestFilter.java:117)
	at org.apache.catalina.core.ApplicationFilterChain.internalDoFilter(ApplicationFilterChain.java:178)
	at org.apache.catalina.core.ApplicationFilterChain.doFilter(ApplicationFilterChain.java:153)
	at org.apache.catalina.core.StandardWrapperValve.invoke(StandardWrapperValve.java:168)
	at org.apache.catalina.core.StandardContextValve.invoke(StandardContextValve.java:90)
	at org.apache.catalina.authenticator.AuthenticatorBase.invoke(AuthenticatorBase.java:481)
	at org.apache.catalina.core.StandardHostValve.invoke(StandardHostValve.java:130)
	at org.apache.catalina.valves.ErrorReportValve.invoke(ErrorReportValve.java:93)
	at org.apache.catalina.core.StandardEngineValve.invoke(StandardEngineValve.java:74)
	at org.apache.catalina.connector.CoyoteAdapter.service(CoyoteAdapter.java:342)
	at org.apache.coyote.http11.Http11Processor.service(Http11Processor.java:390)
	at org.apache.coyote.AbstractProcessorLight.process(AbstractProcessorLight.java:63)
	at org.apache.coyote.AbstractProtocol$ConnectionHandler.process(AbstractProtocol.java:928)
	at org.apache.tomcat.util.net.NioEndpoint$SocketProcessor.doRun(NioEndpoint.java:1794)
	at org.apache.tomcat.util.net.SocketProcessorBase.run(SocketProcessorBase.java:52)
	at org.apache.tomcat.util.threads.ThreadPoolExecutor.runWorker(ThreadPoolExecutor.java:1191)
	at org.apache.tomcat.util.threads.ThreadPoolExecutor$Worker.run(ThreadPoolExecutor.java:659)
	at org.apache.tomcat.util.threads.TaskThread$WrappingRunnable.run(TaskThread.java:61)
	at java.base/java.lang.Thread.run(Thread.java:834)
Caused by: org.springframework.core.serializer.support.SerializationFailedException: Failed to serialize object using DefaultSerializer; nested exception is java.lang.IllegalArgumentException: DefaultSerializer requires a Serializable payload but received an object of type [com.accounting.dto.DashboardDTO]
	at org.springframework.core.serializer.support.SerializingConverter.convert(SerializingConverter.java:64)
	at org.springframework.core.serializer.support.SerializingConverter.convert(SerializingConverter.java:33)
	at org.springframework.data.redis.serializer.JdkSerializationRedisSerializer.serialize(JdkSerializationRedisSerializer.java:94)
	... 68 common frames omitted
Caused by: java.lang.IllegalArgumentException: DefaultSerializer requires a Serializable payload but received an object of type [com.accounting.dto.DashboardDTO]
	at org.springframework.core.serializer.DefaultSerializer.serialize(DefaultSerializer.java:43)
	at org.springframework.core.serializer.Serializer.serializeToByteArray(Serializer.java:56)
	at org.springframework.core.serializer.support.SerializingConverter.convert(SerializingConverter.java:60)
	... 70 common frames omitted
2026-05-26 14:25:09 [http-nio-8080-exec-9] ERROR c.a.exception.GlobalExceptionHandler - 系统异常: 
org.springframework.data.redis.serializer.SerializationException: Cannot serialize; nested exception is org.springframework.core.serializer.support.SerializationFailedException: Failed to serialize object using DefaultSerializer; nested exception is java.io.NotSerializableException: com.accounting.entity.Category
	at org.springframework.data.redis.serializer.JdkSerializationRedisSerializer.serialize(JdkSerializationRedisSerializer.java:96)
	at org.springframework.data.redis.serializer.DefaultRedisElementWriter.write(DefaultRedisElementWriter.java:44)
	at org.springframework.data.redis.serializer.RedisSerializationContext$SerializationPair.write(RedisSerializationContext.java:290)
	at org.springframework.data.redis.cache.RedisCache.serializeCacheValue(RedisCache.java:285)
	at org.springframework.data.redis.cache.RedisCache.put(RedisCache.java:171)
	at org.springframework.cache.interceptor.AbstractCacheInvoker.doPut(AbstractCacheInvoker.java:87)
	at org.springframework.cache.interceptor.CacheAspectSupport$CachePutRequest.apply(CacheAspectSupport.java:837)
	at org.springframework.cache.interceptor.CacheAspectSupport.execute(CacheAspectSupport.java:429)
	at org.springframework.cache.interceptor.CacheAspectSupport.execute(CacheAspectSupport.java:345)
	at org.springframework.cache.interceptor.CacheInterceptor.invoke(CacheInterceptor.java:64)
	at org.springframework.aop.framework.ReflectiveMethodInvocation.proceed(ReflectiveMethodInvocation.java:186)
	at org.springframework.aop.framework.CglibAopProxy$CglibMethodInvocation.proceed(CglibAopProxy.java:762)
	at org.springframework.aop.framework.CglibAopProxy$DynamicAdvisedInterceptor.intercept(CglibAopProxy.java:707)
	at com.accounting.service.CategoryService$$EnhancerBySpringCGLIB$$fc63dcf4.getCategoriesByType(<generated>)
	at com.accounting.controller.CategoryController.getCategoriesByType(CategoryController.java:38)
	at java.base/jdk.internal.reflect.NativeMethodAccessorImpl.invoke0(Native Method)
	at java.base/jdk.internal.reflect.NativeMethodAccessorImpl.invoke(NativeMethodAccessorImpl.java:62)
	at java.base/jdk.internal.reflect.DelegatingMethodAccessorImpl.invoke(DelegatingMethodAccessorImpl.java:43)
	at java.base/java.lang.reflect.Method.invoke(Method.java:566)
	at org.springframework.web.method.support.InvocableHandlerMethod.doInvoke(InvocableHandlerMethod.java:205)
	at org.springframework.web.method.support.InvocableHandlerMethod.invokeForRequest(InvocableHandlerMethod.java:150)
	at org.springframework.web.servlet.mvc.method.annotation.ServletInvocableHandlerMethod.invokeAndHandle(ServletInvocableHandlerMethod.java:117)
	at org.springframework.web.servlet.mvc.method.annotation.RequestMappingHandlerAdapter.invokeHandlerMethod(RequestMappingHandlerAdapter.java:895)
	at org.springframework.web.servlet.mvc.method.annotation.RequestMappingHandlerAdapter.handleInternal(RequestMappingHandlerAdapter.java:808)
	at org.springframework.web.servlet.mvc.method.AbstractHandlerMethodAdapter.handle(AbstractHandlerMethodAdapter.java:87)
	at org.springframework.web.servlet.DispatcherServlet.doDispatch(DispatcherServlet.java:1072)
	at org.springframework.web.servlet.DispatcherServlet.doService(DispatcherServlet.java:965)
	at org.springframework.web.servlet.FrameworkServlet.processRequest(FrameworkServlet.java:1006)
	at org.springframework.web.servlet.FrameworkServlet.doGet(FrameworkServlet.java:898)
	at javax.servlet.http.HttpServlet.service(HttpServlet.java:529)
	at org.springframework.web.servlet.FrameworkServlet.service(FrameworkServlet.java:883)
	at javax.servlet.http.HttpServlet.service(HttpServlet.java:623)
	at org.apache.catalina.core.ApplicationFilterChain.internalDoFilter(ApplicationFilterChain.java:209)
	at org.apache.catalina.core.ApplicationFilterChain.doFilter(ApplicationFilterChain.java:153)
	at org.apache.tomcat.websocket.server.WsFilter.doFilter(WsFilter.java:51)
	at org.apache.catalina.core.ApplicationFilterChain.internalDoFilter(ApplicationFilterChain.java:178)
	at org.apache.catalina.core.ApplicationFilterChain.doFilter(ApplicationFilterChain.java:153)
	at org.springframework.web.filter.CorsFilter.doFilterInternal(CorsFilter.java:91)
	at org.springframework.web.filter.OncePerRequestFilter.doFilter(OncePerRequestFilter.java:117)
	at org.apache.catalina.core.ApplicationFilterChain.internalDoFilter(ApplicationFilterChain.java:178)
	at org.apache.catalina.core.ApplicationFilterChain.doFilter(ApplicationFilterChain.java:153)
	at org.springframework.web.filter.RequestContextFilter.doFilterInternal(RequestContextFilter.java:100)
	at org.springframework.web.filter.OncePerRequestFilter.doFilter(OncePerRequestFilter.java:117)
	at org.apache.catalina.core.ApplicationFilterChain.internalDoFilter(ApplicationFilterChain.java:178)
	at org.apache.catalina.core.ApplicationFilterChain.doFilter(ApplicationFilterChain.java:153)
	at org.springframework.web.filter.FormContentFilter.doFilterInternal(FormContentFilter.java:93)
	at org.springframework.web.filter.OncePerRequestFilter.doFilter(OncePerRequestFilter.java:117)
	at org.apache.catalina.core.ApplicationFilterChain.internalDoFilter(ApplicationFilterChain.java:178)
	at org.apache.catalina.core.ApplicationFilterChain.doFilter(ApplicationFilterChain.java:153)
	at org.springframework.web.filter.CharacterEncodingFilter.doFilterInternal(CharacterEncodingFilter.java:201)
	at org.springframework.web.filter.OncePerRequestFilter.doFilter(OncePerRequestFilter.java:117)
	at org.apache.catalina.core.ApplicationFilterChain.internalDoFilter(ApplicationFilterChain.java:178)
	at org.apache.catalina.core.ApplicationFilterChain.doFilter(ApplicationFilterChain.java:153)
	at org.apache.catalina.core.StandardWrapperValve.invoke(StandardWrapperValve.java:168)
	at org.apache.catalina.core.StandardContextValve.invoke(StandardContextValve.java:90)
	at org.apache.catalina.authenticator.AuthenticatorBase.invoke(AuthenticatorBase.java:481)
	at org.apache.catalina.core.StandardHostValve.invoke(StandardHostValve.java:130)
	at org.apache.catalina.valves.ErrorReportValve.invoke(ErrorReportValve.java:93)
	at org.apache.catalina.core.StandardEngineValve.invoke(StandardEngineValve.java:74)
	at org.apache.catalina.connector.CoyoteAdapter.service(CoyoteAdapter.java:342)
	at org.apache.coyote.http11.Http11Processor.service(Http11Processor.java:390)
	at org.apache.coyote.AbstractProcessorLight.process(AbstractProcessorLight.java:63)
	at org.apache.coyote.AbstractProtocol$ConnectionHandler.process(AbstractProtocol.java:928)
	at org.apache.tomcat.util.net.NioEndpoint$SocketProcessor.doRun(NioEndpoint.java:1794)
	at org.apache.tomcat.util.net.SocketProcessorBase.run(SocketProcessorBase.java:52)
	at org.apache.tomcat.util.threads.ThreadPoolExecutor.runWorker(ThreadPoolExecutor.java:1191)
	at org.apache.tomcat.util.threads.ThreadPoolExecutor$Worker.run(ThreadPoolExecutor.java:659)
	at org.apache.tomcat.util.threads.TaskThread$WrappingRunnable.run(TaskThread.java:61)
	at java.base/java.lang.Thread.run(Thread.java:834)
Caused by: org.springframework.core.serializer.support.SerializationFailedException: Failed to serialize object using DefaultSerializer; nested exception is java.io.NotSerializableException: com.accounting.entity.Category
	at org.springframework.core.serializer.support.SerializingConverter.convert(SerializingConverter.java:64)
	at org.springframework.core.serializer.support.SerializingConverter.convert(SerializingConverter.java:33)
	at org.springframework.data.redis.serializer.JdkSerializationRedisSerializer.serialize(JdkSerializationRedisSerializer.java:94)
	... 68 common frames omitted
Caused by: java.io.NotSerializableException: com.accounting.entity.Category
	at java.base/java.io.ObjectOutputStream.writeObject0(ObjectOutputStream.java:1185)
	at java.base/java.io.ObjectOutputStream.writeObject(ObjectOutputStream.java:349)
	at java.base/java.util.ArrayList.writeObject(ArrayList.java:896)
	at java.base/jdk.internal.reflect.NativeMethodAccessorImpl.invoke0(Native Method)
	at java.base/jdk.internal.reflect.NativeMethodAccessorImpl.invoke(NativeMethodAccessorImpl.java:62)
	at java.base/jdk.internal.reflect.DelegatingMethodAccessorImpl.invoke(DelegatingMethodAccessorImpl.java:43)
	at java.base/java.lang.reflect.Method.invoke(Method.java:566)
	at java.base/java.io.ObjectStreamClass.invokeWriteObject(ObjectStreamClass.java:1130)
	at java.base/java.io.ObjectOutputStream.writeSerialData(ObjectOutputStream.java:1497)
	at java.base/java.io.ObjectOutputStream.writeOrdinaryObject(ObjectOutputStream.java:1433)
	at java.base/java.io.ObjectOutputStream.writeObject0(ObjectOutputStream.java:1179)
	at java.base/java.io.ObjectOutputStream.writeObject(ObjectOutputStream.java:349)
	at org.springframework.core.serializer.DefaultSerializer.serialize(DefaultSerializer.java:46)
	at org.springframework.core.serializer.Serializer.serializeToByteArray(Serializer.java:56)
	at org.springframework.core.serializer.support.SerializingConverter.convert(SerializingConverter.java:60)
	... 70 common frames omitted
2026-05-26 14:25:31 [http-nio-8080-exec-1] INFO  c.a.controller.DashboardController - API: 获取看板数据
2026-05-26 14:25:31 [http-nio-8080-exec-1] INFO  c.a.service.DashboardService - 获取看板数据
2026-05-26 14:25:31 [http-nio-8080-exec-4] INFO  c.a.controller.BillController - API: 获取最近30天的账单
2026-05-26 14:25:31 [http-nio-8080-exec-2] INFO  c.a.controller.CategoryController - API: 按类型获取分类: EXPENSE
2026-05-26 14:25:31 [http-nio-8080-exec-2] INFO  c.accounting.service.CategoryService - 获取支出分类列表
2026-05-26 14:25:31 [http-nio-8080-exec-1] INFO  com.accounting.service.BudgetService - 获取当前生效的预算列表
2026-05-26 14:25:31 [http-nio-8080-exec-1] INFO  com.accounting.service.BudgetService - 计算预算使用情况: 1
2026-05-26 14:25:31 [http-nio-8080-exec-1] INFO  com.accounting.service.BudgetService - 根据ID获取预算: 1
2026-05-26 14:25:31 [http-nio-8080-exec-1] INFO  com.accounting.service.BudgetService - 计算预算使用情况: 1
2026-05-26 14:25:31 [http-nio-8080-exec-1] INFO  com.accounting.service.BudgetService - 根据ID获取预算: 1
2026-05-26 14:25:31 [http-nio-8080-exec-1] INFO  c.a.service.DashboardService - 检查异常消费: 月均支出=0.00
2026-05-26 14:25:31 [http-nio-8080-exec-2] ERROR c.a.exception.GlobalExceptionHandler - 系统异常: 
org.springframework.data.redis.serializer.SerializationException: Cannot serialize; nested exception is org.springframework.core.serializer.support.SerializationFailedException: Failed to serialize object using DefaultSerializer; nested exception is java.io.NotSerializableException: com.accounting.entity.Category
	at org.springframework.data.redis.serializer.JdkSerializationRedisSerializer.serialize(JdkSerializationRedisSerializer.java:96)
	at org.springframework.data.redis.serializer.DefaultRedisElementWriter.write(DefaultRedisElementWriter.java:44)
	at org.springframework.data.redis.serializer.RedisSerializationContext$SerializationPair.write(RedisSerializationContext.java:290)
	at org.springframework.data.redis.cache.RedisCache.serializeCacheValue(RedisCache.java:285)
	at org.springframework.data.redis.cache.RedisCache.put(RedisCache.java:171)
	at org.springframework.cache.interceptor.AbstractCacheInvoker.doPut(AbstractCacheInvoker.java:87)
	at org.springframework.cache.interceptor.CacheAspectSupport$CachePutRequest.apply(CacheAspectSupport.java:837)
	at org.springframework.cache.interceptor.CacheAspectSupport.execute(CacheAspectSupport.java:429)
	at org.springframework.cache.interceptor.CacheAspectSupport.execute(CacheAspectSupport.java:345)
	at org.springframework.cache.interceptor.CacheInterceptor.invoke(CacheInterceptor.java:64)
	at org.springframework.aop.framework.ReflectiveMethodInvocation.proceed(ReflectiveMethodInvocation.java:186)
	at org.springframework.aop.framework.CglibAopProxy$CglibMethodInvocation.proceed(CglibAopProxy.java:762)
	at org.springframework.aop.framework.CglibAopProxy$DynamicAdvisedInterceptor.intercept(CglibAopProxy.java:707)
	at com.accounting.service.CategoryService$$EnhancerBySpringCGLIB$$fc63dcf4.getCategoriesByType(<generated>)
	at com.accounting.controller.CategoryController.getCategoriesByType(CategoryController.java:38)
	at java.base/jdk.internal.reflect.NativeMethodAccessorImpl.invoke0(Native Method)
	at java.base/jdk.internal.reflect.NativeMethodAccessorImpl.invoke(NativeMethodAccessorImpl.java:62)
	at java.base/jdk.internal.reflect.DelegatingMethodAccessorImpl.invoke(DelegatingMethodAccessorImpl.java:43)
	at java.base/java.lang.reflect.Method.invoke(Method.java:566)
	at org.springframework.web.method.support.InvocableHandlerMethod.doInvoke(InvocableHandlerMethod.java:205)
	at org.springframework.web.method.support.InvocableHandlerMethod.invokeForRequest(InvocableHandlerMethod.java:150)
	at org.springframework.web.servlet.mvc.method.annotation.ServletInvocableHandlerMethod.invokeAndHandle(ServletInvocableHandlerMethod.java:117)
	at org.springframework.web.servlet.mvc.method.annotation.RequestMappingHandlerAdapter.invokeHandlerMethod(RequestMappingHandlerAdapter.java:895)
	at org.springframework.web.servlet.mvc.method.annotation.RequestMappingHandlerAdapter.handleInternal(RequestMappingHandlerAdapter.java:808)
	at org.springframework.web.servlet.mvc.method.AbstractHandlerMethodAdapter.handle(AbstractHandlerMethodAdapter.java:87)
	at org.springframework.web.servlet.DispatcherServlet.doDispatch(DispatcherServlet.java:1072)
	at org.springframework.web.servlet.DispatcherServlet.doService(DispatcherServlet.java:965)
	at org.springframework.web.servlet.FrameworkServlet.processRequest(FrameworkServlet.java:1006)
	at org.springframework.web.servlet.FrameworkServlet.doGet(FrameworkServlet.java:898)
	at javax.servlet.http.HttpServlet.service(HttpServlet.java:529)
	at org.springframework.web.servlet.FrameworkServlet.service(FrameworkServlet.java:883)
	at javax.servlet.http.HttpServlet.service(HttpServlet.java:623)
	at org.apache.catalina.core.ApplicationFilterChain.internalDoFilter(ApplicationFilterChain.java:209)
	at org.apache.catalina.core.ApplicationFilterChain.doFilter(ApplicationFilterChain.java:153)
	at org.apache.tomcat.websocket.server.WsFilter.doFilter(WsFilter.java:51)
	at org.apache.catalina.core.ApplicationFilterChain.internalDoFilter(ApplicationFilterChain.java:178)
	at org.apache.catalina.core.ApplicationFilterChain.doFilter(ApplicationFilterChain.java:153)
	at org.springframework.web.filter.CorsFilter.doFilterInternal(CorsFilter.java:91)
	at org.springframework.web.filter.OncePerRequestFilter.doFilter(OncePerRequestFilter.java:117)
	at org.apache.catalina.core.ApplicationFilterChain.internalDoFilter(ApplicationFilterChain.java:178)
	at org.apache.catalina.core.ApplicationFilterChain.doFilter(ApplicationFilterChain.java:153)
	at org.springframework.web.filter.RequestContextFilter.doFilterInternal(RequestContextFilter.java:100)
	at org.springframework.web.filter.OncePerRequestFilter.doFilter(OncePerRequestFilter.java:117)
	at org.apache.catalina.core.ApplicationFilterChain.internalDoFilter(ApplicationFilterChain.java:178)
	at org.apache.catalina.core.ApplicationFilterChain.doFilter(ApplicationFilterChain.java:153)
	at org.springframework.web.filter.FormContentFilter.doFilterInternal(FormContentFilter.java:93)
	at org.springframework.web.filter.OncePerRequestFilter.doFilter(OncePerRequestFilter.java:117)
	at org.apache.catalina.core.ApplicationFilterChain.internalDoFilter(ApplicationFilterChain.java:178)
	at org.apache.catalina.core.ApplicationFilterChain.doFilter(ApplicationFilterChain.java:153)
	at org.springframework.web.filter.CharacterEncodingFilter.doFilterInternal(CharacterEncodingFilter.java:201)
	at org.springframework.web.filter.OncePerRequestFilter.doFilter(OncePerRequestFilter.java:117)
	at org.apache.catalina.core.ApplicationFilterChain.internalDoFilter(ApplicationFilterChain.java:178)
	at org.apache.catalina.core.ApplicationFilterChain.doFilter(ApplicationFilterChain.java:153)
	at org.apache.catalina.core.StandardWrapperValve.invoke(StandardWrapperValve.java:168)
	at org.apache.catalina.core.StandardContextValve.invoke(StandardContextValve.java:90)
	at org.apache.catalina.authenticator.AuthenticatorBase.invoke(AuthenticatorBase.java:481)
	at org.apache.catalina.core.StandardHostValve.invoke(StandardHostValve.java:130)
	at org.apache.catalina.valves.ErrorReportValve.invoke(ErrorReportValve.java:93)
	at org.apache.catalina.core.StandardEngineValve.invoke(StandardEngineValve.java:74)
	at org.apache.catalina.connector.CoyoteAdapter.service(CoyoteAdapter.java:342)
	at org.apache.coyote.http11.Http11Processor.service(Http11Processor.java:390)
	at org.apache.coyote.AbstractProcessorLight.process(AbstractProcessorLight.java:63)
	at org.apache.coyote.AbstractProtocol$ConnectionHandler.process(AbstractProtocol.java:928)
	at org.apache.tomcat.util.net.NioEndpoint$SocketProcessor.doRun(NioEndpoint.java:1794)
	at org.apache.tomcat.util.net.SocketProcessorBase.run(SocketProcessorBase.java:52)
	at org.apache.tomcat.util.threads.ThreadPoolExecutor.runWorker(ThreadPoolExecutor.java:1191)
	at org.apache.tomcat.util.threads.ThreadPoolExecutor$Worker.run(ThreadPoolExecutor.java:659)
	at org.apache.tomcat.util.threads.TaskThread$WrappingRunnable.run(TaskThread.java:61)
	at java.base/java.lang.Thread.run(Thread.java:834)
Caused by: org.springframework.core.serializer.support.SerializationFailedException: Failed to serialize object using DefaultSerializer; nested exception is java.io.NotSerializableException: com.accounting.entity.Category
	at org.springframework.core.serializer.support.SerializingConverter.convert(SerializingConverter.java:64)
	at org.springframework.core.serializer.support.SerializingConverter.convert(SerializingConverter.java:33)
	at org.springframework.data.redis.serializer.JdkSerializationRedisSerializer.serialize(JdkSerializationRedisSerializer.java:94)
	... 68 common frames omitted
Caused by: java.io.NotSerializableException: com.accounting.entity.Category
	at java.base/java.io.ObjectOutputStream.writeObject0(ObjectOutputStream.java:1185)
	at java.base/java.io.ObjectOutputStream.writeObject(ObjectOutputStream.java:349)
	at java.base/java.util.ArrayList.writeObject(ArrayList.java:896)
	at java.base/jdk.internal.reflect.NativeMethodAccessorImpl.invoke0(Native Method)
	at java.base/jdk.internal.reflect.NativeMethodAccessorImpl.invoke(NativeMethodAccessorImpl.java:62)
	at java.base/jdk.internal.reflect.DelegatingMethodAccessorImpl.invoke(DelegatingMethodAccessorImpl.java:43)
	at java.base/java.lang.reflect.Method.invoke(Method.java:566)
	at java.base/java.io.ObjectStreamClass.invokeWriteObject(ObjectStreamClass.java:1130)
	at java.base/java.io.ObjectOutputStream.writeSerialData(ObjectOutputStream.java:1497)
	at java.base/java.io.ObjectOutputStream.writeOrdinaryObject(ObjectOutputStream.java:1433)
	at java.base/java.io.ObjectOutputStream.writeObject0(ObjectOutputStream.java:1179)
	at java.base/java.io.ObjectOutputStream.writeObject(ObjectOutputStream.java:349)
	at org.springframework.core.serializer.DefaultSerializer.serialize(DefaultSerializer.java:46)
	at org.springframework.core.serializer.Serializer.serializeToByteArray(Serializer.java:56)
	at org.springframework.core.serializer.support.SerializingConverter.convert(SerializingConverter.java:60)
	... 70 common frames omitted
2026-05-26 14:25:31 [http-nio-8080-exec-1] ERROR c.a.exception.GlobalExceptionHandler - 系统异常: 
org.springframework.data.redis.serializer.SerializationException: Cannot serialize; nested exception is org.springframework.core.serializer.support.SerializationFailedException: Failed to serialize object using DefaultSerializer; nested exception is java.lang.IllegalArgumentException: DefaultSerializer requires a Serializable payload but received an object of type [com.accounting.dto.DashboardDTO]
	at org.springframework.data.redis.serializer.JdkSerializationRedisSerializer.serialize(JdkSerializationRedisSerializer.java:96)
	at org.springframework.data.redis.serializer.DefaultRedisElementWriter.write(DefaultRedisElementWriter.java:44)
	at org.springframework.data.redis.serializer.RedisSerializationContext$SerializationPair.write(RedisSerializationContext.java:290)
	at org.springframework.data.redis.cache.RedisCache.serializeCacheValue(RedisCache.java:285)
	at org.springframework.data.redis.cache.RedisCache.put(RedisCache.java:171)
	at org.springframework.cache.interceptor.AbstractCacheInvoker.doPut(AbstractCacheInvoker.java:87)
	at org.springframework.cache.interceptor.CacheAspectSupport$CachePutRequest.apply(CacheAspectSupport.java:837)
	at org.springframework.cache.interceptor.CacheAspectSupport.execute(CacheAspectSupport.java:429)
	at org.springframework.cache.interceptor.CacheAspectSupport.execute(CacheAspectSupport.java:345)
	at org.springframework.cache.interceptor.CacheInterceptor.invoke(CacheInterceptor.java:64)
	at org.springframework.aop.framework.ReflectiveMethodInvocation.proceed(ReflectiveMethodInvocation.java:186)
	at org.springframework.aop.framework.CglibAopProxy$CglibMethodInvocation.proceed(CglibAopProxy.java:762)
	at org.springframework.aop.framework.CglibAopProxy$DynamicAdvisedInterceptor.intercept(CglibAopProxy.java:707)
	at com.accounting.service.DashboardService$$EnhancerBySpringCGLIB$$cb815804.getDashboardData(<generated>)
	at com.accounting.controller.DashboardController.getDashboardData(DashboardController.java:27)
	at java.base/jdk.internal.reflect.NativeMethodAccessorImpl.invoke0(Native Method)
	at java.base/jdk.internal.reflect.NativeMethodAccessorImpl.invoke(NativeMethodAccessorImpl.java:62)
	at java.base/jdk.internal.reflect.DelegatingMethodAccessorImpl.invoke(DelegatingMethodAccessorImpl.java:43)
	at java.base/java.lang.reflect.Method.invoke(Method.java:566)
	at org.springframework.web.method.support.InvocableHandlerMethod.doInvoke(InvocableHandlerMethod.java:205)
	at org.springframework.web.method.support.InvocableHandlerMethod.invokeForRequest(InvocableHandlerMethod.java:150)
	at org.springframework.web.servlet.mvc.method.annotation.ServletInvocableHandlerMethod.invokeAndHandle(ServletInvocableHandlerMethod.java:117)
	at org.springframework.web.servlet.mvc.method.annotation.RequestMappingHandlerAdapter.invokeHandlerMethod(RequestMappingHandlerAdapter.java:895)
	at org.springframework.web.servlet.mvc.method.annotation.RequestMappingHandlerAdapter.handleInternal(RequestMappingHandlerAdapter.java:808)
	at org.springframework.web.servlet.mvc.method.AbstractHandlerMethodAdapter.handle(AbstractHandlerMethodAdapter.java:87)
	at org.springframework.web.servlet.DispatcherServlet.doDispatch(DispatcherServlet.java:1072)
	at org.springframework.web.servlet.DispatcherServlet.doService(DispatcherServlet.java:965)
	at org.springframework.web.servlet.FrameworkServlet.processRequest(FrameworkServlet.java:1006)
	at org.springframework.web.servlet.FrameworkServlet.doGet(FrameworkServlet.java:898)
	at javax.servlet.http.HttpServlet.service(HttpServlet.java:529)
	at org.springframework.web.servlet.FrameworkServlet.service(FrameworkServlet.java:883)
	at javax.servlet.http.HttpServlet.service(HttpServlet.java:623)
	at org.apache.catalina.core.ApplicationFilterChain.internalDoFilter(ApplicationFilterChain.java:209)
	at org.apache.catalina.core.ApplicationFilterChain.doFilter(ApplicationFilterChain.java:153)
	at org.apache.tomcat.websocket.server.WsFilter.doFilter(WsFilter.java:51)
	at org.apache.catalina.core.ApplicationFilterChain.internalDoFilter(ApplicationFilterChain.java:178)
	at org.apache.catalina.core.ApplicationFilterChain.doFilter(ApplicationFilterChain.java:153)
	at org.springframework.web.filter.CorsFilter.doFilterInternal(CorsFilter.java:91)
	at org.springframework.web.filter.OncePerRequestFilter.doFilter(OncePerRequestFilter.java:117)
	at org.apache.catalina.core.ApplicationFilterChain.internalDoFilter(ApplicationFilterChain.java:178)
	at org.apache.catalina.core.ApplicationFilterChain.doFilter(ApplicationFilterChain.java:153)
	at org.springframework.web.filter.RequestContextFilter.doFilterInternal(RequestContextFilter.java:100)
	at org.springframework.web.filter.OncePerRequestFilter.doFilter(OncePerRequestFilter.java:117)
	at org.apache.catalina.core.ApplicationFilterChain.internalDoFilter(ApplicationFilterChain.java:178)
	at org.apache.catalina.core.ApplicationFilterChain.doFilter(ApplicationFilterChain.java:153)
	at org.springframework.web.filter.FormContentFilter.doFilterInternal(FormContentFilter.java:93)
	at org.springframework.web.filter.OncePerRequestFilter.doFilter(OncePerRequestFilter.java:117)
	at org.apache.catalina.core.ApplicationFilterChain.internalDoFilter(ApplicationFilterChain.java:178)
	at org.apache.catalina.core.ApplicationFilterChain.doFilter(ApplicationFilterChain.java:153)
	at org.springframework.web.filter.CharacterEncodingFilter.doFilterInternal(CharacterEncodingFilter.java:201)
	at org.springframework.web.filter.OncePerRequestFilter.doFilter(OncePerRequestFilter.java:117)
	at org.apache.catalina.core.ApplicationFilterChain.internalDoFilter(ApplicationFilterChain.java:178)
	at org.apache.catalina.core.ApplicationFilterChain.doFilter(ApplicationFilterChain.java:153)
	at org.apache.catalina.core.StandardWrapperValve.invoke(StandardWrapperValve.java:168)
	at org.apache.catalina.core.StandardContextValve.invoke(StandardContextValve.java:90)
	at org.apache.catalina.authenticator.AuthenticatorBase.invoke(AuthenticatorBase.java:481)
	at org.apache.catalina.core.StandardHostValve.invoke(StandardHostValve.java:130)
	at org.apache.catalina.valves.ErrorReportValve.invoke(ErrorReportValve.java:93)
	at org.apache.catalina.core.StandardEngineValve.invoke(StandardEngineValve.java:74)
	at org.apache.catalina.connector.CoyoteAdapter.service(CoyoteAdapter.java:342)
	at org.apache.coyote.http11.Http11Processor.service(Http11Processor.java:390)
	at org.apache.coyote.AbstractProcessorLight.process(AbstractProcessorLight.java:63)
	at org.apache.coyote.AbstractProtocol$ConnectionHandler.process(AbstractProtocol.java:928)
	at org.apache.tomcat.util.net.NioEndpoint$SocketProcessor.doRun(NioEndpoint.java:1794)
	at org.apache.tomcat.util.net.SocketProcessorBase.run(SocketProcessorBase.java:52)
	at org.apache.tomcat.util.threads.ThreadPoolExecutor.runWorker(ThreadPoolExecutor.java:1191)
	at org.apache.tomcat.util.threads.ThreadPoolExecutor$Worker.run(ThreadPoolExecutor.java:659)
	at org.apache.tomcat.util.threads.TaskThread$WrappingRunnable.run(TaskThread.java:61)
	at java.base/java.lang.Thread.run(Thread.java:834)
Caused by: org.springframework.core.serializer.support.SerializationFailedException: Failed to serialize object using DefaultSerializer; nested exception is java.lang.IllegalArgumentException: DefaultSerializer requires a Serializable payload but received an object of type [com.accounting.dto.DashboardDTO]
	at org.springframework.core.serializer.support.SerializingConverter.convert(SerializingConverter.java:64)
	at org.springframework.core.serializer.support.SerializingConverter.convert(SerializingConverter.java:33)
	at org.springframework.data.redis.serializer.JdkSerializationRedisSerializer.serialize(JdkSerializationRedisSerializer.java:94)
	... 68 common frames omitted
Caused by: java.lang.IllegalArgumentException: DefaultSerializer requires a Serializable payload but received an object of type [com.accounting.dto.DashboardDTO]
	at org.springframework.core.serializer.DefaultSerializer.serialize(DefaultSerializer.java:43)
	at org.springframework.core.serializer.Serializer.serializeToByteArray(Serializer.java:56)
	at org.springframework.core.serializer.support.SerializingConverter.convert(SerializingConverter.java:60)
	... 70 common frames omitted
2026-05-26 14:25:31 [http-nio-8080-exec-4] INFO  com.accounting.service.BillService - 获取最近30天的账单
2026-05-26 14:25:31 [http-nio-8080-exec-4] DEBUG com.accounting.service.BillService - 从Redis缓存获取最近30天账单
2026-05-26 14:25:51 [http-nio-8080-exec-5] INFO  c.a.controller.DashboardController - API: 获取看板数据
2026-05-26 14:25:51 [http-nio-8080-exec-5] INFO  c.a.service.DashboardService - 获取看板数据
2026-05-26 14:25:51 [http-nio-8080-exec-3] INFO  c.a.controller.BillController - API: 获取最近30天的账单
2026-05-26 14:25:51 [http-nio-8080-exec-3] INFO  com.accounting.service.BillService - 获取最近30天的账单
2026-05-26 14:25:51 [http-nio-8080-exec-3] DEBUG com.accounting.service.BillService - 从Redis缓存获取最近30天账单
2026-05-26 14:25:51 [http-nio-8080-exec-7] INFO  c.a.controller.CategoryController - API: 按类型获取分类: EXPENSE
2026-05-26 14:25:51 [http-nio-8080-exec-5] INFO  com.accounting.service.BudgetService - 获取当前生效的预算列表
2026-05-26 14:25:51 [http-nio-8080-exec-5] INFO  com.accounting.service.BudgetService - 计算预算使用情况: 1
2026-05-26 14:25:51 [http-nio-8080-exec-5] INFO  com.accounting.service.BudgetService - 根据ID获取预算: 1
2026-05-26 14:25:51 [http-nio-8080-exec-5] INFO  com.accounting.service.BudgetService - 计算预算使用情况: 1
2026-05-26 14:25:51 [http-nio-8080-exec-5] INFO  com.accounting.service.BudgetService - 根据ID获取预算: 1
2026-05-26 14:25:51 [http-nio-8080-exec-5] INFO  c.a.service.DashboardService - 检查异常消费: 月均支出=0.00
2026-05-26 14:25:51 [http-nio-8080-exec-5] ERROR c.a.exception.GlobalExceptionHandler - 系统异常: 
org.springframework.data.redis.serializer.SerializationException: Cannot serialize; nested exception is org.springframework.core.serializer.support.SerializationFailedException: Failed to serialize object using DefaultSerializer; nested exception is java.lang.IllegalArgumentException: DefaultSerializer requires a Serializable payload but received an object of type [com.accounting.dto.DashboardDTO]
	at org.springframework.data.redis.serializer.JdkSerializationRedisSerializer.serialize(JdkSerializationRedisSerializer.java:96)
	at org.springframework.data.redis.serializer.DefaultRedisElementWriter.write(DefaultRedisElementWriter.java:44)
	at org.springframework.data.redis.serializer.RedisSerializationContext$SerializationPair.write(RedisSerializationContext.java:290)
	at org.springframework.data.redis.cache.RedisCache.serializeCacheValue(RedisCache.java:285)
	at org.springframework.data.redis.cache.RedisCache.put(RedisCache.java:171)
	at org.springframework.cache.interceptor.AbstractCacheInvoker.doPut(AbstractCacheInvoker.java:87)
	at org.springframework.cache.interceptor.CacheAspectSupport$CachePutRequest.apply(CacheAspectSupport.java:837)
	at org.springframework.cache.interceptor.CacheAspectSupport.execute(CacheAspectSupport.java:429)
	at org.springframework.cache.interceptor.CacheAspectSupport.execute(CacheAspectSupport.java:345)
	at org.springframework.cache.interceptor.CacheInterceptor.invoke(CacheInterceptor.java:64)
	at org.springframework.aop.framework.ReflectiveMethodInvocation.proceed(ReflectiveMethodInvocation.java:186)
	at org.springframework.aop.framework.CglibAopProxy$CglibMethodInvocation.proceed(CglibAopProxy.java:762)
	at org.springframework.aop.framework.CglibAopProxy$DynamicAdvisedInterceptor.intercept(CglibAopProxy.java:707)
	at com.accounting.service.DashboardService$$EnhancerBySpringCGLIB$$cb815804.getDashboardData(<generated>)
	at com.accounting.controller.DashboardController.getDashboardData(DashboardController.java:27)
	at java.base/jdk.internal.reflect.NativeMethodAccessorImpl.invoke0(Native Method)
	at java.base/jdk.internal.reflect.NativeMethodAccessorImpl.invoke(NativeMethodAccessorImpl.java:62)
	at java.base/jdk.internal.reflect.DelegatingMethodAccessorImpl.invoke(DelegatingMethodAccessorImpl.java:43)
	at java.base/java.lang.reflect.Method.invoke(Method.java:566)
	at org.springframework.web.method.support.InvocableHandlerMethod.doInvoke(InvocableHandlerMethod.java:205)
	at org.springframework.web.method.support.InvocableHandlerMethod.invokeForRequest(InvocableHandlerMethod.java:150)
	at org.springframework.web.servlet.mvc.method.annotation.ServletInvocableHandlerMethod.invokeAndHandle(ServletInvocableHandlerMethod.java:117)
	at org.springframework.web.servlet.mvc.method.annotation.RequestMappingHandlerAdapter.invokeHandlerMethod(RequestMappingHandlerAdapter.java:895)
	at org.springframework.web.servlet.mvc.method.annotation.RequestMappingHandlerAdapter.handleInternal(RequestMappingHandlerAdapter.java:808)
	at org.springframework.web.servlet.mvc.method.AbstractHandlerMethodAdapter.handle(AbstractHandlerMethodAdapter.java:87)
	at org.springframework.web.servlet.DispatcherServlet.doDispatch(DispatcherServlet.java:1072)
	at org.springframework.web.servlet.DispatcherServlet.doService(DispatcherServlet.java:965)
	at org.springframework.web.servlet.FrameworkServlet.processRequest(FrameworkServlet.java:1006)
	at org.springframework.web.servlet.FrameworkServlet.doGet(FrameworkServlet.java:898)
	at javax.servlet.http.HttpServlet.service(HttpServlet.java:529)
	at org.springframework.web.servlet.FrameworkServlet.service(FrameworkServlet.java:883)
	at javax.servlet.http.HttpServlet.service(HttpServlet.java:623)
	at org.apache.catalina.core.ApplicationFilterChain.internalDoFilter(ApplicationFilterChain.java:209)
	at org.apache.catalina.core.ApplicationFilterChain.doFilter(ApplicationFilterChain.java:153)
	at org.apache.tomcat.websocket.server.WsFilter.doFilter(WsFilter.java:51)
	at org.apache.catalina.core.ApplicationFilterChain.internalDoFilter(ApplicationFilterChain.java:178)
	at org.apache.catalina.core.ApplicationFilterChain.doFilter(ApplicationFilterChain.java:153)
	at org.springframework.web.filter.CorsFilter.doFilterInternal(CorsFilter.java:91)
	at org.springframework.web.filter.OncePerRequestFilter.doFilter(OncePerRequestFilter.java:117)
	at org.apache.catalina.core.ApplicationFilterChain.internalDoFilter(ApplicationFilterChain.java:178)
	at org.apache.catalina.core.ApplicationFilterChain.doFilter(ApplicationFilterChain.java:153)
	at org.springframework.web.filter.RequestContextFilter.doFilterInternal(RequestContextFilter.java:100)
	at org.springframework.web.filter.OncePerRequestFilter.doFilter(OncePerRequestFilter.java:117)
	at org.apache.catalina.core.ApplicationFilterChain.internalDoFilter(ApplicationFilterChain.java:178)
	at org.apache.catalina.core.ApplicationFilterChain.doFilter(ApplicationFilterChain.java:153)
	at org.springframework.web.filter.FormContentFilter.doFilterInternal(FormContentFilter.java:93)
	at org.springframework.web.filter.OncePerRequestFilter.doFilter(OncePerRequestFilter.java:117)
	at org.apache.catalina.core.ApplicationFilterChain.internalDoFilter(ApplicationFilterChain.java:178)
	at org.apache.catalina.core.ApplicationFilterChain.doFilter(ApplicationFilterChain.java:153)
	at org.springframework.web.filter.CharacterEncodingFilter.doFilterInternal(CharacterEncodingFilter.java:201)
	at org.springframework.web.filter.OncePerRequestFilter.doFilter(OncePerRequestFilter.java:117)
	at org.apache.catalina.core.ApplicationFilterChain.internalDoFilter(ApplicationFilterChain.java:178)
	at org.apache.catalina.core.ApplicationFilterChain.doFilter(ApplicationFilterChain.java:153)
	at org.apache.catalina.core.StandardWrapperValve.invoke(StandardWrapperValve.java:168)
	at org.apache.catalina.core.StandardContextValve.invoke(StandardContextValve.java:90)
	at org.apache.catalina.authenticator.AuthenticatorBase.invoke(AuthenticatorBase.java:481)
	at org.apache.catalina.core.StandardHostValve.invoke(StandardHostValve.java:130)
	at org.apache.catalina.valves.ErrorReportValve.invoke(ErrorReportValve.java:93)
	at org.apache.catalina.core.StandardEngineValve.invoke(StandardEngineValve.java:74)
	at org.apache.catalina.connector.CoyoteAdapter.service(CoyoteAdapter.java:342)
	at org.apache.coyote.http11.Http11Processor.service(Http11Processor.java:390)
	at org.apache.coyote.AbstractProcessorLight.process(AbstractProcessorLight.java:63)
	at org.apache.coyote.AbstractProtocol$ConnectionHandler.process(AbstractProtocol.java:928)
	at org.apache.tomcat.util.net.NioEndpoint$SocketProcessor.doRun(NioEndpoint.java:1794)
	at org.apache.tomcat.util.net.SocketProcessorBase.run(SocketProcessorBase.java:52)
	at org.apache.tomcat.util.threads.ThreadPoolExecutor.runWorker(ThreadPoolExecutor.java:1191)
	at org.apache.tomcat.util.threads.ThreadPoolExecutor$Worker.run(ThreadPoolExecutor.java:659)
	at org.apache.tomcat.util.threads.TaskThread$WrappingRunnable.run(TaskThread.java:61)
	at java.base/java.lang.Thread.run(Thread.java:834)
Caused by: org.springframework.core.serializer.support.SerializationFailedException: Failed to serialize object using DefaultSerializer; nested exception is java.lang.IllegalArgumentException: DefaultSerializer requires a Serializable payload but received an object of type [com.accounting.dto.DashboardDTO]
	at org.springframework.core.serializer.support.SerializingConverter.convert(SerializingConverter.java:64)
	at org.springframework.core.serializer.support.SerializingConverter.convert(SerializingConverter.java:33)
	at org.springframework.data.redis.serializer.JdkSerializationRedisSerializer.serialize(JdkSerializationRedisSerializer.java:94)
	... 68 common frames omitted
Caused by: java.lang.IllegalArgumentException: DefaultSerializer requires a Serializable payload but received an object of type [com.accounting.dto.DashboardDTO]
	at org.springframework.core.serializer.DefaultSerializer.serialize(DefaultSerializer.java:43)
	at org.springframework.core.serializer.Serializer.serializeToByteArray(Serializer.java:56)
	at org.springframework.core.serializer.support.SerializingConverter.convert(SerializingConverter.java:60)
	... 70 common frames omitted
2026-05-26 14:25:51 [http-nio-8080-exec-7] INFO  c.accounting.service.CategoryService - 获取支出分类列表
2026-05-26 14:25:51 [http-nio-8080-exec-7] ERROR c.a.exception.GlobalExceptionHandler - 系统异常: 
org.springframework.data.redis.serializer.SerializationException: Cannot serialize; nested exception is org.springframework.core.serializer.support.SerializationFailedException: Failed to serialize object using DefaultSerializer; nested exception is java.io.NotSerializableException: com.accounting.entity.Category
	at org.springframework.data.redis.serializer.JdkSerializationRedisSerializer.serialize(JdkSerializationRedisSerializer.java:96)
	at org.springframework.data.redis.serializer.DefaultRedisElementWriter.write(DefaultRedisElementWriter.java:44)
	at org.springframework.data.redis.serializer.RedisSerializationContext$SerializationPair.write(RedisSerializationContext.java:290)
	at org.springframework.data.redis.cache.RedisCache.serializeCacheValue(RedisCache.java:285)
	at org.springframework.data.redis.cache.RedisCache.put(RedisCache.java:171)
	at org.springframework.cache.interceptor.AbstractCacheInvoker.doPut(AbstractCacheInvoker.java:87)
	at org.springframework.cache.interceptor.CacheAspectSupport$CachePutRequest.apply(CacheAspectSupport.java:837)
	at org.springframework.cache.interceptor.CacheAspectSupport.execute(CacheAspectSupport.java:429)
	at org.springframework.cache.interceptor.CacheAspectSupport.execute(CacheAspectSupport.java:345)
	at org.springframework.cache.interceptor.CacheInterceptor.invoke(CacheInterceptor.java:64)
	at org.springframework.aop.framework.ReflectiveMethodInvocation.proceed(ReflectiveMethodInvocation.java:186)
	at org.springframework.aop.framework.CglibAopProxy$CglibMethodInvocation.proceed(CglibAopProxy.java:762)
	at org.springframework.aop.framework.CglibAopProxy$DynamicAdvisedInterceptor.intercept(CglibAopProxy.java:707)
	at com.accounting.service.CategoryService$$EnhancerBySpringCGLIB$$fc63dcf4.getCategoriesByType(<generated>)
	at com.accounting.controller.CategoryController.getCategoriesByType(CategoryController.java:38)
	at java.base/jdk.internal.reflect.NativeMethodAccessorImpl.invoke0(Native Method)
	at java.base/jdk.internal.reflect.NativeMethodAccessorImpl.invoke(NativeMethodAccessorImpl.java:62)
	at java.base/jdk.internal.reflect.DelegatingMethodAccessorImpl.invoke(DelegatingMethodAccessorImpl.java:43)
	at java.base/java.lang.reflect.Method.invoke(Method.java:566)
	at org.springframework.web.method.support.InvocableHandlerMethod.doInvoke(InvocableHandlerMethod.java:205)
	at org.springframework.web.method.support.InvocableHandlerMethod.invokeForRequest(InvocableHandlerMethod.java:150)
	at org.springframework.web.servlet.mvc.method.annotation.ServletInvocableHandlerMethod.invokeAndHandle(ServletInvocableHandlerMethod.java:117)
	at org.springframework.web.servlet.mvc.method.annotation.RequestMappingHandlerAdapter.invokeHandlerMethod(RequestMappingHandlerAdapter.java:895)
	at org.springframework.web.servlet.mvc.method.annotation.RequestMappingHandlerAdapter.handleInternal(RequestMappingHandlerAdapter.java:808)
	at org.springframework.web.servlet.mvc.method.AbstractHandlerMethodAdapter.handle(AbstractHandlerMethodAdapter.java:87)
	at org.springframework.web.servlet.DispatcherServlet.doDispatch(DispatcherServlet.java:1072)
	at org.springframework.web.servlet.DispatcherServlet.doService(DispatcherServlet.java:965)
	at org.springframework.web.servlet.FrameworkServlet.processRequest(FrameworkServlet.java:1006)
	at org.springframework.web.servlet.FrameworkServlet.doGet(FrameworkServlet.java:898)
	at javax.servlet.http.HttpServlet.service(HttpServlet.java:529)
	at org.springframework.web.servlet.FrameworkServlet.service(FrameworkServlet.java:883)
	at javax.servlet.http.HttpServlet.service(HttpServlet.java:623)
	at org.apache.catalina.core.ApplicationFilterChain.internalDoFilter(ApplicationFilterChain.java:209)
	at org.apache.catalina.core.ApplicationFilterChain.doFilter(ApplicationFilterChain.java:153)
	at org.apache.tomcat.websocket.server.WsFilter.doFilter(WsFilter.java:51)
	at org.apache.catalina.core.ApplicationFilterChain.internalDoFilter(ApplicationFilterChain.java:178)
	at org.apache.catalina.core.ApplicationFilterChain.doFilter(ApplicationFilterChain.java:153)
	at org.springframework.web.filter.CorsFilter.doFilterInternal(CorsFilter.java:91)
	at org.springframework.web.filter.OncePerRequestFilter.doFilter(OncePerRequestFilter.java:117)
	at org.apache.catalina.core.ApplicationFilterChain.internalDoFilter(ApplicationFilterChain.java:178)
	at org.apache.catalina.core.ApplicationFilterChain.doFilter(ApplicationFilterChain.java:153)
	at org.springframework.web.filter.RequestContextFilter.doFilterInternal(RequestContextFilter.java:100)
	at org.springframework.web.filter.OncePerRequestFilter.doFilter(OncePerRequestFilter.java:117)
	at org.apache.catalina.core.ApplicationFilterChain.internalDoFilter(ApplicationFilterChain.java:178)
	at org.apache.catalina.core.ApplicationFilterChain.doFilter(ApplicationFilterChain.java:153)
	at org.springframework.web.filter.FormContentFilter.doFilterInternal(FormContentFilter.java:93)
	at org.springframework.web.filter.OncePerRequestFilter.doFilter(OncePerRequestFilter.java:117)
	at org.apache.catalina.core.ApplicationFilterChain.internalDoFilter(ApplicationFilterChain.java:178)
	at org.apache.catalina.core.ApplicationFilterChain.doFilter(ApplicationFilterChain.java:153)
	at org.springframework.web.filter.CharacterEncodingFilter.doFilterInternal(CharacterEncodingFilter.java:201)
	at org.springframework.web.filter.OncePerRequestFilter.doFilter(OncePerRequestFilter.java:117)
	at org.apache.catalina.core.ApplicationFilterChain.internalDoFilter(ApplicationFilterChain.java:178)
	at org.apache.catalina.core.ApplicationFilterChain.doFilter(ApplicationFilterChain.java:153)
	at org.apache.catalina.core.StandardWrapperValve.invoke(StandardWrapperValve.java:168)
	at org.apache.catalina.core.StandardContextValve.invoke(StandardContextValve.java:90)
	at org.apache.catalina.authenticator.AuthenticatorBase.invoke(AuthenticatorBase.java:481)
	at org.apache.catalina.core.StandardHostValve.invoke(StandardHostValve.java:130)
	at org.apache.catalina.valves.ErrorReportValve.invoke(ErrorReportValve.java:93)
	at org.apache.catalina.core.StandardEngineValve.invoke(StandardEngineValve.java:74)
	at org.apache.catalina.connector.CoyoteAdapter.service(CoyoteAdapter.java:342)
	at org.apache.coyote.http11.Http11Processor.service(Http11Processor.java:390)
	at org.apache.coyote.AbstractProcessorLight.process(AbstractProcessorLight.java:63)
	at org.apache.coyote.AbstractProtocol$ConnectionHandler.process(AbstractProtocol.java:928)
	at org.apache.tomcat.util.net.NioEndpoint$SocketProcessor.doRun(NioEndpoint.java:1794)
	at org.apache.tomcat.util.net.SocketProcessorBase.run(SocketProcessorBase.java:52)
	at org.apache.tomcat.util.threads.ThreadPoolExecutor.runWorker(ThreadPoolExecutor.java:1191)
	at org.apache.tomcat.util.threads.ThreadPoolExecutor$Worker.run(ThreadPoolExecutor.java:659)
	at org.apache.tomcat.util.threads.TaskThread$WrappingRunnable.run(TaskThread.java:61)
	at java.base/java.lang.Thread.run(Thread.java:834)
Caused by: org.springframework.core.serializer.support.SerializationFailedException: Failed to serialize object using DefaultSerializer; nested exception is java.io.NotSerializableException: com.accounting.entity.Category
	at org.springframework.core.serializer.support.SerializingConverter.convert(SerializingConverter.java:64)
	at org.springframework.core.serializer.support.SerializingConverter.convert(SerializingConverter.java:33)
	at org.springframework.data.redis.serializer.JdkSerializationRedisSerializer.serialize(JdkSerializationRedisSerializer.java:94)
	... 68 common frames omitted
Caused by: java.io.NotSerializableException: com.accounting.entity.Category
	at java.base/java.io.ObjectOutputStream.writeObject0(ObjectOutputStream.java:1185)
	at java.base/java.io.ObjectOutputStream.writeObject(ObjectOutputStream.java:349)
	at java.base/java.util.ArrayList.writeObject(ArrayList.java:896)
	at java.base/jdk.internal.reflect.NativeMethodAccessorImpl.invoke0(Native Method)
	at java.base/jdk.internal.reflect.NativeMethodAccessorImpl.invoke(NativeMethodAccessorImpl.java:62)
	at java.base/jdk.internal.reflect.DelegatingMethodAccessorImpl.invoke(DelegatingMethodAccessorImpl.java:43)
	at java.base/java.lang.reflect.Method.invoke(Method.java:566)
	at java.base/java.io.ObjectStreamClass.invokeWriteObject(ObjectStreamClass.java:1130)
	at java.base/java.io.ObjectOutputStream.writeSerialData(ObjectOutputStream.java:1497)
	at java.base/java.io.ObjectOutputStream.writeOrdinaryObject(ObjectOutputStream.java:1433)
	at java.base/java.io.ObjectOutputStream.writeObject0(ObjectOutputStream.java:1179)
	at java.base/java.io.ObjectOutputStream.writeObject(ObjectOutputStream.java:349)
	at org.springframework.core.serializer.DefaultSerializer.serialize(DefaultSerializer.java:46)
	at org.springframework.core.serializer.Serializer.serializeToByteArray(Serializer.java:56)
	at org.springframework.core.serializer.support.SerializingConverter.convert(SerializingConverter.java:60)
	... 70 common frames omitted
2026-05-26 14:26:21 [http-nio-8080-exec-8] INFO  c.a.controller.DashboardController - API: 获取看板数据
2026-05-26 14:26:21 [http-nio-8080-exec-10] INFO  c.a.controller.BillController - API: 获取最近30天的账单
2026-05-26 14:26:21 [http-nio-8080-exec-10] INFO  com.accounting.service.BillService - 获取最近30天的账单
2026-05-26 14:26:21 [http-nio-8080-exec-6] INFO  c.a.controller.CategoryController - API: 按类型获取分类: EXPENSE
2026-05-26 14:26:21 [http-nio-8080-exec-8] INFO  c.a.service.DashboardService - 获取看板数据
2026-05-26 14:26:21 [http-nio-8080-exec-10] DEBUG com.accounting.service.BillService - 从Redis缓存获取最近30天账单
2026-05-26 14:26:21 [http-nio-8080-exec-6] INFO  c.accounting.service.CategoryService - 获取支出分类列表
2026-05-26 14:26:21 [http-nio-8080-exec-6] ERROR c.a.exception.GlobalExceptionHandler - 系统异常: 
org.springframework.data.redis.serializer.SerializationException: Cannot serialize; nested exception is org.springframework.core.serializer.support.SerializationFailedException: Failed to serialize object using DefaultSerializer; nested exception is java.io.NotSerializableException: com.accounting.entity.Category
	at org.springframework.data.redis.serializer.JdkSerializationRedisSerializer.serialize(JdkSerializationRedisSerializer.java:96)
	at org.springframework.data.redis.serializer.DefaultRedisElementWriter.write(DefaultRedisElementWriter.java:44)
	at org.springframework.data.redis.serializer.RedisSerializationContext$SerializationPair.write(RedisSerializationContext.java:290)
	at org.springframework.data.redis.cache.RedisCache.serializeCacheValue(RedisCache.java:285)
	at org.springframework.data.redis.cache.RedisCache.put(RedisCache.java:171)
	at org.springframework.cache.interceptor.AbstractCacheInvoker.doPut(AbstractCacheInvoker.java:87)
	at org.springframework.cache.interceptor.CacheAspectSupport$CachePutRequest.apply(CacheAspectSupport.java:837)
	at org.springframework.cache.interceptor.CacheAspectSupport.execute(CacheAspectSupport.java:429)
	at org.springframework.cache.interceptor.CacheAspectSupport.execute(CacheAspectSupport.java:345)
	at org.springframework.cache.interceptor.CacheInterceptor.invoke(CacheInterceptor.java:64)
	at org.springframework.aop.framework.ReflectiveMethodInvocation.proceed(ReflectiveMethodInvocation.java:186)
	at org.springframework.aop.framework.CglibAopProxy$CglibMethodInvocation.proceed(CglibAopProxy.java:762)
	at org.springframework.aop.framework.CglibAopProxy$DynamicAdvisedInterceptor.intercept(CglibAopProxy.java:707)
	at com.accounting.service.CategoryService$$EnhancerBySpringCGLIB$$fc63dcf4.getCategoriesByType(<generated>)
	at com.accounting.controller.CategoryController.getCategoriesByType(CategoryController.java:38)
	at java.base/jdk.internal.reflect.NativeMethodAccessorImpl.invoke0(Native Method)
	at java.base/jdk.internal.reflect.NativeMethodAccessorImpl.invoke(NativeMethodAccessorImpl.java:62)
	at java.base/jdk.internal.reflect.DelegatingMethodAccessorImpl.invoke(DelegatingMethodAccessorImpl.java:43)
	at java.base/java.lang.reflect.Method.invoke(Method.java:566)
	at org.springframework.web.method.support.InvocableHandlerMethod.doInvoke(InvocableHandlerMethod.java:205)
	at org.springframework.web.method.support.InvocableHandlerMethod.invokeForRequest(InvocableHandlerMethod.java:150)
	at org.springframework.web.servlet.mvc.method.annotation.ServletInvocableHandlerMethod.invokeAndHandle(ServletInvocableHandlerMethod.java:117)
	at org.springframework.web.servlet.mvc.method.annotation.RequestMappingHandlerAdapter.invokeHandlerMethod(RequestMappingHandlerAdapter.java:895)
	at org.springframework.web.servlet.mvc.method.annotation.RequestMappingHandlerAdapter.handleInternal(RequestMappingHandlerAdapter.java:808)
	at org.springframework.web.servlet.mvc.method.AbstractHandlerMethodAdapter.handle(AbstractHandlerMethodAdapter.java:87)
	at org.springframework.web.servlet.DispatcherServlet.doDispatch(DispatcherServlet.java:1072)
	at org.springframework.web.servlet.DispatcherServlet.doService(DispatcherServlet.java:965)
	at org.springframework.web.servlet.FrameworkServlet.processRequest(FrameworkServlet.java:1006)
	at org.springframework.web.servlet.FrameworkServlet.doGet(FrameworkServlet.java:898)
	at javax.servlet.http.HttpServlet.service(HttpServlet.java:529)
	at org.springframework.web.servlet.FrameworkServlet.service(FrameworkServlet.java:883)
	at javax.servlet.http.HttpServlet.service(HttpServlet.java:623)
	at org.apache.catalina.core.ApplicationFilterChain.internalDoFilter(ApplicationFilterChain.java:209)
	at org.apache.catalina.core.ApplicationFilterChain.doFilter(ApplicationFilterChain.java:153)
	at org.apache.tomcat.websocket.server.WsFilter.doFilter(WsFilter.java:51)
	at org.apache.catalina.core.ApplicationFilterChain.internalDoFilter(ApplicationFilterChain.java:178)
	at org.apache.catalina.core.ApplicationFilterChain.doFilter(ApplicationFilterChain.java:153)
	at org.springframework.web.filter.CorsFilter.doFilterInternal(CorsFilter.java:91)
	at org.springframework.web.filter.OncePerRequestFilter.doFilter(OncePerRequestFilter.java:117)
	at org.apache.catalina.core.ApplicationFilterChain.internalDoFilter(ApplicationFilterChain.java:178)
	at org.apache.catalina.core.ApplicationFilterChain.doFilter(ApplicationFilterChain.java:153)
	at org.springframework.web.filter.RequestContextFilter.doFilterInternal(RequestContextFilter.java:100)
	at org.springframework.web.filter.OncePerRequestFilter.doFilter(OncePerRequestFilter.java:117)
	at org.apache.catalina.core.ApplicationFilterChain.internalDoFilter(ApplicationFilterChain.java:178)
	at org.apache.catalina.core.ApplicationFilterChain.doFilter(ApplicationFilterChain.java:153)
	at org.springframework.web.filter.FormContentFilter.doFilterInternal(FormContentFilter.java:93)
	at org.springframework.web.filter.OncePerRequestFilter.doFilter(OncePerRequestFilter.java:117)
	at org.apache.catalina.core.ApplicationFilterChain.internalDoFilter(ApplicationFilterChain.java:178)
	at org.apache.catalina.core.ApplicationFilterChain.doFilter(ApplicationFilterChain.java:153)
	at org.springframework.web.filter.CharacterEncodingFilter.doFilterInternal(CharacterEncodingFilter.java:201)
	at org.springframework.web.filter.OncePerRequestFilter.doFilter(OncePerRequestFilter.java:117)
	at org.apache.catalina.core.ApplicationFilterChain.internalDoFilter(ApplicationFilterChain.java:178)
	at org.apache.catalina.core.ApplicationFilterChain.doFilter(ApplicationFilterChain.java:153)
	at org.apache.catalina.core.StandardWrapperValve.invoke(StandardWrapperValve.java:168)
	at org.apache.catalina.core.StandardContextValve.invoke(StandardContextValve.java:90)
	at org.apache.catalina.authenticator.AuthenticatorBase.invoke(AuthenticatorBase.java:481)
	at org.apache.catalina.core.StandardHostValve.invoke(StandardHostValve.java:130)
	at org.apache.catalina.valves.ErrorReportValve.invoke(ErrorReportValve.java:93)
	at org.apache.catalina.core.StandardEngineValve.invoke(StandardEngineValve.java:74)
	at org.apache.catalina.connector.CoyoteAdapter.service(CoyoteAdapter.java:342)
	at org.apache.coyote.http11.Http11Processor.service(Http11Processor.java:390)
	at org.apache.coyote.AbstractProcessorLight.process(AbstractProcessorLight.java:63)
	at org.apache.coyote.AbstractProtocol$ConnectionHandler.process(AbstractProtocol.java:928)
	at org.apache.tomcat.util.net.NioEndpoint$SocketProcessor.doRun(NioEndpoint.java:1794)
	at org.apache.tomcat.util.net.SocketProcessorBase.run(SocketProcessorBase.java:52)
	at org.apache.tomcat.util.threads.ThreadPoolExecutor.runWorker(ThreadPoolExecutor.java:1191)
	at org.apache.tomcat.util.threads.ThreadPoolExecutor$Worker.run(ThreadPoolExecutor.java:659)
	at org.apache.tomcat.util.threads.TaskThread$WrappingRunnable.run(TaskThread.java:61)
	at java.base/java.lang.Thread.run(Thread.java:834)
Caused by: org.springframework.core.serializer.support.SerializationFailedException: Failed to serialize object using DefaultSerializer; nested exception is java.io.NotSerializableException: com.accounting.entity.Category
	at org.springframework.core.serializer.support.SerializingConverter.convert(SerializingConverter.java:64)
	at org.springframework.core.serializer.support.SerializingConverter.convert(SerializingConverter.java:33)
	at org.springframework.data.redis.serializer.JdkSerializationRedisSerializer.serialize(JdkSerializationRedisSerializer.java:94)
	... 68 common frames omitted
Caused by: java.io.NotSerializableException: com.accounting.entity.Category
	at java.base/java.io.ObjectOutputStream.writeObject0(ObjectOutputStream.java:1185)
	at java.base/java.io.ObjectOutputStream.writeObject(ObjectOutputStream.java:349)
	at java.base/java.util.ArrayList.writeObject(ArrayList.java:896)
	at java.base/jdk.internal.reflect.NativeMethodAccessorImpl.invoke0(Native Method)
	at java.base/jdk.internal.reflect.NativeMethodAccessorImpl.invoke(NativeMethodAccessorImpl.java:62)
	at java.base/jdk.internal.reflect.DelegatingMethodAccessorImpl.invoke(DelegatingMethodAccessorImpl.java:43)
	at java.base/java.lang.reflect.Method.invoke(Method.java:566)
	at java.base/java.io.ObjectStreamClass.invokeWriteObject(ObjectStreamClass.java:1130)
	at java.base/java.io.ObjectOutputStream.writeSerialData(ObjectOutputStream.java:1497)
	at java.base/java.io.ObjectOutputStream.writeOrdinaryObject(ObjectOutputStream.java:1433)
	at java.base/java.io.ObjectOutputStream.writeObject0(ObjectOutputStream.java:1179)
	at java.base/java.io.ObjectOutputStream.writeObject(ObjectOutputStream.java:349)
	at org.springframework.core.serializer.DefaultSerializer.serialize(DefaultSerializer.java:46)
	at org.springframework.core.serializer.Serializer.serializeToByteArray(Serializer.java:56)
	at org.springframework.core.serializer.support.SerializingConverter.convert(SerializingConverter.java:60)
	... 70 common frames omitted
2026-05-26 14:26:21 [http-nio-8080-exec-8] INFO  com.accounting.service.BudgetService - 获取当前生效的预算列表
2026-05-26 14:26:21 [http-nio-8080-exec-8] INFO  com.accounting.service.BudgetService - 计算预算使用情况: 1
2026-05-26 14:26:21 [http-nio-8080-exec-8] INFO  com.accounting.service.BudgetService - 根据ID获取预算: 1
2026-05-26 14:26:21 [http-nio-8080-exec-8] INFO  com.accounting.service.BudgetService - 计算预算使用情况: 1
2026-05-26 14:26:21 [http-nio-8080-exec-8] INFO  com.accounting.service.BudgetService - 根据ID获取预算: 1
2026-05-26 14:26:21 [http-nio-8080-exec-8] INFO  c.a.service.DashboardService - 检查异常消费: 月均支出=0.00
2026-05-26 14:26:21 [http-nio-8080-exec-8] ERROR c.a.exception.GlobalExceptionHandler - 系统异常: 
org.springframework.data.redis.serializer.SerializationException: Cannot serialize; nested exception is org.springframework.core.serializer.support.SerializationFailedException: Failed to serialize object using DefaultSerializer; nested exception is java.lang.IllegalArgumentException: DefaultSerializer requires a Serializable payload but received an object of type [com.accounting.dto.DashboardDTO]
	at org.springframework.data.redis.serializer.JdkSerializationRedisSerializer.serialize(JdkSerializationRedisSerializer.java:96)
	at org.springframework.data.redis.serializer.DefaultRedisElementWriter.write(DefaultRedisElementWriter.java:44)
	at org.springframework.data.redis.serializer.RedisSerializationContext$SerializationPair.write(RedisSerializationContext.java:290)
	at org.springframework.data.redis.cache.RedisCache.serializeCacheValue(RedisCache.java:285)
	at org.springframework.data.redis.cache.RedisCache.put(RedisCache.java:171)
	at org.springframework.cache.interceptor.AbstractCacheInvoker.doPut(AbstractCacheInvoker.java:87)
	at org.springframework.cache.interceptor.CacheAspectSupport$CachePutRequest.apply(CacheAspectSupport.java:837)
	at org.springframework.cache.interceptor.CacheAspectSupport.execute(CacheAspectSupport.java:429)
	at org.springframework.cache.interceptor.CacheAspectSupport.execute(CacheAspectSupport.java:345)
	at org.springframework.cache.interceptor.CacheInterceptor.invoke(CacheInterceptor.java:64)
	at org.springframework.aop.framework.ReflectiveMethodInvocation.proceed(ReflectiveMethodInvocation.java:186)
	at org.springframework.aop.framework.CglibAopProxy$CglibMethodInvocation.proceed(CglibAopProxy.java:762)
	at org.springframework.aop.framework.CglibAopProxy$DynamicAdvisedInterceptor.intercept(CglibAopProxy.java:707)
	at com.accounting.service.DashboardService$$EnhancerBySpringCGLIB$$cb815804.getDashboardData(<generated>)
	at com.accounting.controller.DashboardController.getDashboardData(DashboardController.java:27)
	at java.base/jdk.internal.reflect.NativeMethodAccessorImpl.invoke0(Native Method)
	at java.base/jdk.internal.reflect.NativeMethodAccessorImpl.invoke(NativeMethodAccessorImpl.java:62)
	at java.base/jdk.internal.reflect.DelegatingMethodAccessorImpl.invoke(DelegatingMethodAccessorImpl.java:43)
	at java.base/java.lang.reflect.Method.invoke(Method.java:566)
	at org.springframework.web.method.support.InvocableHandlerMethod.doInvoke(InvocableHandlerMethod.java:205)
	at org.springframework.web.method.support.InvocableHandlerMethod.invokeForRequest(InvocableHandlerMethod.java:150)
	at org.springframework.web.servlet.mvc.method.annotation.ServletInvocableHandlerMethod.invokeAndHandle(ServletInvocableHandlerMethod.java:117)
	at org.springframework.web.servlet.mvc.method.annotation.RequestMappingHandlerAdapter.invokeHandlerMethod(RequestMappingHandlerAdapter.java:895)
	at org.springframework.web.servlet.mvc.method.annotation.RequestMappingHandlerAdapter.handleInternal(RequestMappingHandlerAdapter.java:808)
	at org.springframework.web.servlet.mvc.method.AbstractHandlerMethodAdapter.handle(AbstractHandlerMethodAdapter.java:87)
	at org.springframework.web.servlet.DispatcherServlet.doDispatch(DispatcherServlet.java:1072)
	at org.springframework.web.servlet.DispatcherServlet.doService(DispatcherServlet.java:965)
	at org.springframework.web.servlet.FrameworkServlet.processRequest(FrameworkServlet.java:1006)
	at org.springframework.web.servlet.FrameworkServlet.doGet(FrameworkServlet.java:898)
	at javax.servlet.http.HttpServlet.service(HttpServlet.java:529)
	at org.springframework.web.servlet.FrameworkServlet.service(FrameworkServlet.java:883)
	at javax.servlet.http.HttpServlet.service(HttpServlet.java:623)
	at org.apache.catalina.core.ApplicationFilterChain.internalDoFilter(ApplicationFilterChain.java:209)
	at org.apache.catalina.core.ApplicationFilterChain.doFilter(ApplicationFilterChain.java:153)
	at org.apache.tomcat.websocket.server.WsFilter.doFilter(WsFilter.java:51)
	at org.apache.catalina.core.ApplicationFilterChain.internalDoFilter(ApplicationFilterChain.java:178)
	at org.apache.catalina.core.ApplicationFilterChain.doFilter(ApplicationFilterChain.java:153)
	at org.springframework.web.filter.CorsFilter.doFilterInternal(CorsFilter.java:91)
	at org.springframework.web.filter.OncePerRequestFilter.doFilter(OncePerRequestFilter.java:117)
	at org.apache.catalina.core.ApplicationFilterChain.internalDoFilter(ApplicationFilterChain.java:178)
	at org.apache.catalina.core.ApplicationFilterChain.doFilter(ApplicationFilterChain.java:153)
	at org.springframework.web.filter.RequestContextFilter.doFilterInternal(RequestContextFilter.java:100)
	at org.springframework.web.filter.OncePerRequestFilter.doFilter(OncePerRequestFilter.java:117)
	at org.apache.catalina.core.ApplicationFilterChain.internalDoFilter(ApplicationFilterChain.java:178)
	at org.apache.catalina.core.ApplicationFilterChain.doFilter(ApplicationFilterChain.java:153)
	at org.springframework.web.filter.FormContentFilter.doFilterInternal(FormContentFilter.java:93)
	at org.springframework.web.filter.OncePerRequestFilter.doFilter(OncePerRequestFilter.java:117)
	at org.apache.catalina.core.ApplicationFilterChain.internalDoFilter(ApplicationFilterChain.java:178)
	at org.apache.catalina.core.ApplicationFilterChain.doFilter(ApplicationFilterChain.java:153)
	at org.springframework.web.filter.CharacterEncodingFilter.doFilterInternal(CharacterEncodingFilter.java:201)
	at org.springframework.web.filter.OncePerRequestFilter.doFilter(OncePerRequestFilter.java:117)
	at org.apache.catalina.core.ApplicationFilterChain.internalDoFilter(ApplicationFilterChain.java:178)
	at org.apache.catalina.core.ApplicationFilterChain.doFilter(ApplicationFilterChain.java:153)
	at org.apache.catalina.core.StandardWrapperValve.invoke(StandardWrapperValve.java:168)
	at org.apache.catalina.core.StandardContextValve.invoke(StandardContextValve.java:90)
	at org.apache.catalina.authenticator.AuthenticatorBase.invoke(AuthenticatorBase.java:481)
	at org.apache.catalina.core.StandardHostValve.invoke(StandardHostValve.java:130)
	at org.apache.catalina.valves.ErrorReportValve.invoke(ErrorReportValve.java:93)
	at org.apache.catalina.core.StandardEngineValve.invoke(StandardEngineValve.java:74)
	at org.apache.catalina.connector.CoyoteAdapter.service(CoyoteAdapter.java:342)
	at org.apache.coyote.http11.Http11Processor.service(Http11Processor.java:390)
	at org.apache.coyote.AbstractProcessorLight.process(AbstractProcessorLight.java:63)
	at org.apache.coyote.AbstractProtocol$ConnectionHandler.process(AbstractProtocol.java:928)
	at org.apache.tomcat.util.net.NioEndpoint$SocketProcessor.doRun(NioEndpoint.java:1794)
	at org.apache.tomcat.util.net.SocketProcessorBase.run(SocketProcessorBase.java:52)
	at org.apache.tomcat.util.threads.ThreadPoolExecutor.runWorker(ThreadPoolExecutor.java:1191)
	at org.apache.tomcat.util.threads.ThreadPoolExecutor$Worker.run(ThreadPoolExecutor.java:659)
	at org.apache.tomcat.util.threads.TaskThread$WrappingRunnable.run(TaskThread.java:61)
	at java.base/java.lang.Thread.run(Thread.java:834)
Caused by: org.springframework.core.serializer.support.SerializationFailedException: Failed to serialize object using DefaultSerializer; nested exception is java.lang.IllegalArgumentException: DefaultSerializer requires a Serializable payload but received an object of type [com.accounting.dto.DashboardDTO]
	at org.springframework.core.serializer.support.SerializingConverter.convert(SerializingConverter.java:64)
	at org.springframework.core.serializer.support.SerializingConverter.convert(SerializingConverter.java:33)
	at org.springframework.data.redis.serializer.JdkSerializationRedisSerializer.serialize(JdkSerializationRedisSerializer.java:94)
	... 68 common frames omitted
Caused by: java.lang.IllegalArgumentException: DefaultSerializer requires a Serializable payload but received an object of type [com.accounting.dto.DashboardDTO]
	at org.springframework.core.serializer.DefaultSerializer.serialize(DefaultSerializer.java:43)
	at org.springframework.core.serializer.Serializer.serializeToByteArray(Serializer.java:56)
	at org.springframework.core.serializer.support.SerializingConverter.convert(SerializingConverter.java:60)
	... 70 common frames omitted
2026-05-26 14:48:29 [main] INFO  com.accounting.AccountingApplication - Starting AccountingApplication using Java 11 on MSI with PID 28708 (D:\Aijava\javaproject\260509\solocodeJava\v70\appsysjava70\backend\target\classes started by 20807 in D:\Aijava\javaproject\260509\solocodeJava\v70\appsysjava70\backend)
2026-05-26 14:48:29 [main] DEBUG com.accounting.AccountingApplication - Running with Spring Boot v2.7.18, Spring v5.3.31
2026-05-26 14:48:29 [main] INFO  com.accounting.AccountingApplication - No active profile set, falling back to 1 default profile: "default"
2026-05-26 14:48:29 [main] INFO  o.s.d.r.c.RepositoryConfigurationDelegate - Multiple Spring Data modules found, entering strict repository configuration mode
2026-05-26 14:48:29 [main] INFO  o.s.d.r.c.RepositoryConfigurationDelegate - Bootstrapping Spring Data JPA repositories in DEFAULT mode.
2026-05-26 14:48:29 [main] INFO  o.s.d.r.c.RepositoryConfigurationDelegate - Finished Spring Data repository scanning in 55 ms. Found 5 JPA repository interfaces.
2026-05-26 14:48:29 [main] INFO  o.s.d.r.c.RepositoryConfigurationDelegate - Multiple Spring Data modules found, entering strict repository configuration mode
2026-05-26 14:48:29 [main] INFO  o.s.d.r.c.RepositoryConfigurationDelegate - Bootstrapping Spring Data Redis repositories in DEFAULT mode.
2026-05-26 14:48:29 [main] INFO  o.s.d.r.c.RepositoryConfigurationExtensionSupport - Spring Data Redis - Could not safely identify store assignment for repository candidate interface com.accounting.repository.AccountRepository; If you want this repository to be a Redis repository, consider annotating your entities with one of these annotations: org.springframework.data.redis.core.RedisHash (preferred), or consider extending one of the following types with your repository: org.springframework.data.keyvalue.repository.KeyValueRepository
2026-05-26 14:48:29 [main] INFO  o.s.d.r.c.RepositoryConfigurationExtensionSupport - Spring Data Redis - Could not safely identify store assignment for repository candidate interface com.accounting.repository.BillRepository; If you want this repository to be a Redis repository, consider annotating your entities with one of these annotations: org.springframework.data.redis.core.RedisHash (preferred), or consider extending one of the following types with your repository: org.springframework.data.keyvalue.repository.KeyValueRepository
2026-05-26 14:48:29 [main] INFO  o.s.d.r.c.RepositoryConfigurationExtensionSupport - Spring Data Redis - Could not safely identify store assignment for repository candidate interface com.accounting.repository.BillTemplateRepository; If you want this repository to be a Redis repository, consider annotating your entities with one of these annotations: org.springframework.data.redis.core.RedisHash (preferred), or consider extending one of the following types with your repository: org.springframework.data.keyvalue.repository.KeyValueRepository
2026-05-26 14:48:29 [main] INFO  o.s.d.r.c.RepositoryConfigurationExtensionSupport - Spring Data Redis - Could not safely identify store assignment for repository candidate interface com.accounting.repository.BudgetRepository; If you want this repository to be a Redis repository, consider annotating your entities with one of these annotations: org.springframework.data.redis.core.RedisHash (preferred), or consider extending one of the following types with your repository: org.springframework.data.keyvalue.repository.KeyValueRepository
2026-05-26 14:48:29 [main] INFO  o.s.d.r.c.RepositoryConfigurationExtensionSupport - Spring Data Redis - Could not safely identify store assignment for repository candidate interface com.accounting.repository.CategoryRepository; If you want this repository to be a Redis repository, consider annotating your entities with one of these annotations: org.springframework.data.redis.core.RedisHash (preferred), or consider extending one of the following types with your repository: org.springframework.data.keyvalue.repository.KeyValueRepository
2026-05-26 14:48:29 [main] INFO  o.s.d.r.c.RepositoryConfigurationDelegate - Finished Spring Data repository scanning in 10 ms. Found 0 Redis repository interfaces.
2026-05-26 14:48:30 [main] INFO  o.s.b.w.e.tomcat.TomcatWebServer - Tomcat initialized with port(s): 8080 (http)
2026-05-26 14:48:30 [main] INFO  o.a.catalina.core.StandardService - Starting service [Tomcat]
2026-05-26 14:48:30 [main] INFO  o.a.catalina.core.StandardEngine - Starting Servlet engine: [Apache Tomcat/9.0.83]
2026-05-26 14:48:30 [main] INFO  o.a.c.c.C.[.[localhost].[/api] - Initializing Spring embedded WebApplicationContext
2026-05-26 14:48:30 [main] INFO  o.s.b.w.s.c.ServletWebServerApplicationContext - Root WebApplicationContext: initialization completed in 1353 ms
2026-05-26 14:48:30 [main] INFO  com.zaxxer.hikari.HikariDataSource - HikariPool-1 - Starting...
2026-05-26 14:48:30 [main] INFO  com.zaxxer.hikari.HikariDataSource - HikariPool-1 - Start completed.
2026-05-26 14:48:30 [main] INFO  o.s.b.a.h.H2ConsoleAutoConfiguration - H2 console available at '/h2-console'. Database available at 'jdbc:h2:mem:accountingdb'
2026-05-26 14:48:30 [main] INFO  o.h.jpa.internal.util.LogHelper - HHH000204: Processing PersistenceUnitInfo [name: default]
2026-05-26 14:48:30 [main] INFO  org.hibernate.Version - HHH000412: Hibernate ORM core version 5.6.15.Final
2026-05-26 14:48:30 [main] INFO  o.h.annotations.common.Version - HCANN000001: Hibernate Commons Annotations {5.1.2.Final}
2026-05-26 14:48:30 [main] INFO  org.hibernate.dialect.Dialect - HHH000400: Using dialect: org.hibernate.dialect.H2Dialect
2026-05-26 14:48:31 [main] INFO  o.h.e.t.j.p.i.JtaPlatformInitiator - HHH000490: Using JtaPlatform implementation: [org.hibernate.engine.transaction.jta.platform.internal.NoJtaPlatform]
2026-05-26 14:48:31 [main] INFO  o.s.o.j.LocalContainerEntityManagerFactoryBean - Initialized JPA EntityManagerFactory for persistence unit 'default'
2026-05-26 14:48:32 [main] WARN  o.s.b.a.o.j.JpaBaseConfiguration$JpaWebConfiguration - spring.jpa.open-in-view is enabled by default. Therefore, database queries may be performed during view rendering. Explicitly configure spring.jpa.open-in-view to disable this warning
2026-05-26 14:48:32 [main] INFO  o.s.b.w.e.tomcat.TomcatWebServer - Tomcat started on port(s): 8080 (http) with context path '/api'
2026-05-26 14:48:32 [main] INFO  com.accounting.AccountingApplication - Started AccountingApplication in 4.477 seconds (JVM running for 5.712)
2026-05-26 14:48:33 [main] INFO  c.accounting.config.DataInitializer - 初始化分类数据...
2026-05-26 14:48:33 [main] INFO  c.accounting.config.DataInitializer - 分类数据初始化完成，共13条
2026-05-26 14:48:33 [main] INFO  c.accounting.config.DataInitializer - 初始化账户数据...
2026-05-26 14:48:33 [main] INFO  c.accounting.config.DataInitializer - 账户数据初始化完成，共4条
2026-05-26 14:48:33 [main] INFO  c.accounting.config.DataInitializer - 初始化预算数据...
2026-05-26 14:48:33 [main] INFO  c.accounting.config.DataInitializer - 预算数据初始化完成
2026-05-26 14:48:38 [http-nio-8080-exec-3] INFO  o.a.c.c.C.[.[localhost].[/api] - Initializing Spring DispatcherServlet 'dispatcherServlet'
2026-05-26 14:48:38 [http-nio-8080-exec-3] INFO  o.s.web.servlet.DispatcherServlet - Initializing Servlet 'dispatcherServlet'
2026-05-26 14:48:38 [http-nio-8080-exec-3] INFO  o.s.web.servlet.DispatcherServlet - Completed initialization in 2 ms
2026-05-26 14:48:38 [http-nio-8080-exec-2] INFO  c.a.controller.DashboardController - API: 获取看板数据
2026-05-26 14:48:38 [http-nio-8080-exec-3] INFO  c.a.controller.CategoryController - API: 按类型获取分类: EXPENSE
2026-05-26 14:48:38 [http-nio-8080-exec-1] INFO  c.a.controller.BillController - API: 获取最近30天的账单
2026-05-26 14:48:38 [http-nio-8080-exec-1] INFO  com.accounting.service.BillService - 获取最近30天的账单
2026-05-26 14:48:39 [http-nio-8080-exec-2] INFO  c.a.service.DashboardService - 获取看板数据
2026-05-26 14:48:39 [http-nio-8080-exec-3] INFO  c.accounting.service.CategoryService - 获取支出分类列表
2026-05-26 14:48:39 [http-nio-8080-exec-2] INFO  com.accounting.service.BudgetService - 获取当前生效的预算列表
2026-05-26 14:48:39 [http-nio-8080-exec-1] DEBUG com.accounting.service.BillService - 从Redis缓存获取最近30天账单
2026-05-26 14:48:39 [http-nio-8080-exec-2] INFO  com.accounting.service.BudgetService - 计算预算使用情况: 1
2026-05-26 14:48:39 [http-nio-8080-exec-2] INFO  com.accounting.service.BudgetService - 根据ID获取预算: 1
2026-05-26 14:48:39 [http-nio-8080-exec-3] ERROR c.a.exception.GlobalExceptionHandler - 系统异常: 
org.springframework.data.redis.serializer.SerializationException: Cannot serialize; nested exception is org.springframework.core.serializer.support.SerializationFailedException: Failed to serialize object using DefaultSerializer; nested exception is java.io.NotSerializableException: com.accounting.entity.Category
	at org.springframework.data.redis.serializer.JdkSerializationRedisSerializer.serialize(JdkSerializationRedisSerializer.java:96)
	at org.springframework.data.redis.serializer.DefaultRedisElementWriter.write(DefaultRedisElementWriter.java:44)
	at org.springframework.data.redis.serializer.RedisSerializationContext$SerializationPair.write(RedisSerializationContext.java:290)
	at org.springframework.data.redis.cache.RedisCache.serializeCacheValue(RedisCache.java:285)
	at org.springframework.data.redis.cache.RedisCache.put(RedisCache.java:171)
	at org.springframework.cache.interceptor.AbstractCacheInvoker.doPut(AbstractCacheInvoker.java:87)
	at org.springframework.cache.interceptor.CacheAspectSupport$CachePutRequest.apply(CacheAspectSupport.java:837)
	at org.springframework.cache.interceptor.CacheAspectSupport.execute(CacheAspectSupport.java:429)
	at org.springframework.cache.interceptor.CacheAspectSupport.execute(CacheAspectSupport.java:345)
	at org.springframework.cache.interceptor.CacheInterceptor.invoke(CacheInterceptor.java:64)
	at org.springframework.aop.framework.ReflectiveMethodInvocation.proceed(ReflectiveMethodInvocation.java:186)
	at org.springframework.aop.framework.CglibAopProxy$CglibMethodInvocation.proceed(CglibAopProxy.java:762)
	at org.springframework.aop.framework.CglibAopProxy$DynamicAdvisedInterceptor.intercept(CglibAopProxy.java:707)
	at com.accounting.service.CategoryService$$EnhancerBySpringCGLIB$$db4fd3a0.getCategoriesByType(<generated>)
	at com.accounting.controller.CategoryController.getCategoriesByType(CategoryController.java:38)
	at java.base/jdk.internal.reflect.NativeMethodAccessorImpl.invoke0(Native Method)
	at java.base/jdk.internal.reflect.NativeMethodAccessorImpl.invoke(NativeMethodAccessorImpl.java:62)
	at java.base/jdk.internal.reflect.DelegatingMethodAccessorImpl.invoke(DelegatingMethodAccessorImpl.java:43)
	at java.base/java.lang.reflect.Method.invoke(Method.java:566)
	at org.springframework.web.method.support.InvocableHandlerMethod.doInvoke(InvocableHandlerMethod.java:205)
	at org.springframework.web.method.support.InvocableHandlerMethod.invokeForRequest(InvocableHandlerMethod.java:150)
	at org.springframework.web.servlet.mvc.method.annotation.ServletInvocableHandlerMethod.invokeAndHandle(ServletInvocableHandlerMethod.java:117)
	at org.springframework.web.servlet.mvc.method.annotation.RequestMappingHandlerAdapter.invokeHandlerMethod(RequestMappingHandlerAdapter.java:895)
	at org.springframework.web.servlet.mvc.method.annotation.RequestMappingHandlerAdapter.handleInternal(RequestMappingHandlerAdapter.java:808)
	at org.springframework.web.servlet.mvc.method.AbstractHandlerMethodAdapter.handle(AbstractHandlerMethodAdapter.java:87)
	at org.springframework.web.servlet.DispatcherServlet.doDispatch(DispatcherServlet.java:1072)
	at org.springframework.web.servlet.DispatcherServlet.doService(DispatcherServlet.java:965)
	at org.springframework.web.servlet.FrameworkServlet.processRequest(FrameworkServlet.java:1006)
	at org.springframework.web.servlet.FrameworkServlet.doGet(FrameworkServlet.java:898)
	at javax.servlet.http.HttpServlet.service(HttpServlet.java:529)
	at org.springframework.web.servlet.FrameworkServlet.service(FrameworkServlet.java:883)
	at javax.servlet.http.HttpServlet.service(HttpServlet.java:623)
	at org.apache.catalina.core.ApplicationFilterChain.internalDoFilter(ApplicationFilterChain.java:209)
	at org.apache.catalina.core.ApplicationFilterChain.doFilter(ApplicationFilterChain.java:153)
	at org.apache.tomcat.websocket.server.WsFilter.doFilter(WsFilter.java:51)
	at org.apache.catalina.core.ApplicationFilterChain.internalDoFilter(ApplicationFilterChain.java:178)
	at org.apache.catalina.core.ApplicationFilterChain.doFilter(ApplicationFilterChain.java:153)
	at org.springframework.web.filter.CorsFilter.doFilterInternal(CorsFilter.java:91)
	at org.springframework.web.filter.OncePerRequestFilter.doFilter(OncePerRequestFilter.java:117)
	at org.apache.catalina.core.ApplicationFilterChain.internalDoFilter(ApplicationFilterChain.java:178)
	at org.apache.catalina.core.ApplicationFilterChain.doFilter(ApplicationFilterChain.java:153)
	at org.springframework.web.filter.RequestContextFilter.doFilterInternal(RequestContextFilter.java:100)
	at org.springframework.web.filter.OncePerRequestFilter.doFilter(OncePerRequestFilter.java:117)
	at org.apache.catalina.core.ApplicationFilterChain.internalDoFilter(ApplicationFilterChain.java:178)
	at org.apache.catalina.core.ApplicationFilterChain.doFilter(ApplicationFilterChain.java:153)
	at org.springframework.web.filter.FormContentFilter.doFilterInternal(FormContentFilter.java:93)
	at org.springframework.web.filter.OncePerRequestFilter.doFilter(OncePerRequestFilter.java:117)
	at org.apache.catalina.core.ApplicationFilterChain.internalDoFilter(ApplicationFilterChain.java:178)
	at org.apache.catalina.core.ApplicationFilterChain.doFilter(ApplicationFilterChain.java:153)
	at org.springframework.web.filter.CharacterEncodingFilter.doFilterInternal(CharacterEncodingFilter.java:201)
	at org.springframework.web.filter.OncePerRequestFilter.doFilter(OncePerRequestFilter.java:117)
	at org.apache.catalina.core.ApplicationFilterChain.internalDoFilter(ApplicationFilterChain.java:178)
	at org.apache.catalina.core.ApplicationFilterChain.doFilter(ApplicationFilterChain.java:153)
	at org.apache.catalina.core.StandardWrapperValve.invoke(StandardWrapperValve.java:168)
	at org.apache.catalina.core.StandardContextValve.invoke(StandardContextValve.java:90)
	at org.apache.catalina.authenticator.AuthenticatorBase.invoke(AuthenticatorBase.java:481)
	at org.apache.catalina.core.StandardHostValve.invoke(StandardHostValve.java:130)
	at org.apache.catalina.valves.ErrorReportValve.invoke(ErrorReportValve.java:93)
	at org.apache.catalina.core.StandardEngineValve.invoke(StandardEngineValve.java:74)
	at org.apache.catalina.connector.CoyoteAdapter.service(CoyoteAdapter.java:342)
	at org.apache.coyote.http11.Http11Processor.service(Http11Processor.java:390)
	at org.apache.coyote.AbstractProcessorLight.process(AbstractProcessorLight.java:63)
	at org.apache.coyote.AbstractProtocol$ConnectionHandler.process(AbstractProtocol.java:928)
	at org.apache.tomcat.util.net.NioEndpoint$SocketProcessor.doRun(NioEndpoint.java:1794)
	at org.apache.tomcat.util.net.SocketProcessorBase.run(SocketProcessorBase.java:52)
	at org.apache.tomcat.util.threads.ThreadPoolExecutor.runWorker(ThreadPoolExecutor.java:1191)
	at org.apache.tomcat.util.threads.ThreadPoolExecutor$Worker.run(ThreadPoolExecutor.java:659)
	at org.apache.tomcat.util.threads.TaskThread$WrappingRunnable.run(TaskThread.java:61)
	at java.base/java.lang.Thread.run(Thread.java:834)
Caused by: org.springframework.core.serializer.support.SerializationFailedException: Failed to serialize object using DefaultSerializer; nested exception is java.io.NotSerializableException: com.accounting.entity.Category
	at org.springframework.core.serializer.support.SerializingConverter.convert(SerializingConverter.java:64)
	at org.springframework.core.serializer.support.SerializingConverter.convert(SerializingConverter.java:33)
	at org.springframework.data.redis.serializer.JdkSerializationRedisSerializer.serialize(JdkSerializationRedisSerializer.java:94)
	... 68 common frames omitted
Caused by: java.io.NotSerializableException: com.accounting.entity.Category
	at java.base/java.io.ObjectOutputStream.writeObject0(ObjectOutputStream.java:1185)
	at java.base/java.io.ObjectOutputStream.writeObject(ObjectOutputStream.java:349)
	at java.base/java.util.ArrayList.writeObject(ArrayList.java:896)
	at java.base/jdk.internal.reflect.NativeMethodAccessorImpl.invoke0(Native Method)
	at java.base/jdk.internal.reflect.NativeMethodAccessorImpl.invoke(NativeMethodAccessorImpl.java:62)
	at java.base/jdk.internal.reflect.DelegatingMethodAccessorImpl.invoke(DelegatingMethodAccessorImpl.java:43)
	at java.base/java.lang.reflect.Method.invoke(Method.java:566)
	at java.base/java.io.ObjectStreamClass.invokeWriteObject(ObjectStreamClass.java:1130)
	at java.base/java.io.ObjectOutputStream.writeSerialData(ObjectOutputStream.java:1497)
	at java.base/java.io.ObjectOutputStream.writeOrdinaryObject(ObjectOutputStream.java:1433)
	at java.base/java.io.ObjectOutputStream.writeObject0(ObjectOutputStream.java:1179)
	at java.base/java.io.ObjectOutputStream.writeObject(ObjectOutputStream.java:349)
	at org.springframework.core.serializer.DefaultSerializer.serialize(DefaultSerializer.java:46)
	at org.springframework.core.serializer.Serializer.serializeToByteArray(Serializer.java:56)
	at org.springframework.core.serializer.support.SerializingConverter.convert(SerializingConverter.java:60)
	... 70 common frames omitted
2026-05-26 14:48:39 [http-nio-8080-exec-2] INFO  com.accounting.service.BudgetService - 计算预算使用情况: 1
2026-05-26 14:48:39 [http-nio-8080-exec-2] INFO  com.accounting.service.BudgetService - 根据ID获取预算: 1
2026-05-26 14:48:39 [http-nio-8080-exec-2] INFO  c.a.service.DashboardService - 检查异常消费: 月均支出=0.00
2026-05-26 14:48:39 [http-nio-8080-exec-2] ERROR c.a.exception.GlobalExceptionHandler - 系统异常: 
org.springframework.data.redis.serializer.SerializationException: Cannot serialize; nested exception is org.springframework.core.serializer.support.SerializationFailedException: Failed to serialize object using DefaultSerializer; nested exception is java.lang.IllegalArgumentException: DefaultSerializer requires a Serializable payload but received an object of type [com.accounting.dto.DashboardDTO]
	at org.springframework.data.redis.serializer.JdkSerializationRedisSerializer.serialize(JdkSerializationRedisSerializer.java:96)
	at org.springframework.data.redis.serializer.DefaultRedisElementWriter.write(DefaultRedisElementWriter.java:44)
	at org.springframework.data.redis.serializer.RedisSerializationContext$SerializationPair.write(RedisSerializationContext.java:290)
	at org.springframework.data.redis.cache.RedisCache.serializeCacheValue(RedisCache.java:285)
	at org.springframework.data.redis.cache.RedisCache.put(RedisCache.java:171)
	at org.springframework.cache.interceptor.AbstractCacheInvoker.doPut(AbstractCacheInvoker.java:87)
	at org.springframework.cache.interceptor.CacheAspectSupport$CachePutRequest.apply(CacheAspectSupport.java:837)
	at org.springframework.cache.interceptor.CacheAspectSupport.execute(CacheAspectSupport.java:429)
	at org.springframework.cache.interceptor.CacheAspectSupport.execute(CacheAspectSupport.java:345)
	at org.springframework.cache.interceptor.CacheInterceptor.invoke(CacheInterceptor.java:64)
	at org.springframework.aop.framework.ReflectiveMethodInvocation.proceed(ReflectiveMethodInvocation.java:186)
	at org.springframework.aop.framework.CglibAopProxy$CglibMethodInvocation.proceed(CglibAopProxy.java:762)
	at org.springframework.aop.framework.CglibAopProxy$DynamicAdvisedInterceptor.intercept(CglibAopProxy.java:707)
	at com.accounting.service.DashboardService$$EnhancerBySpringCGLIB$$2ba4a0c.getDashboardData(<generated>)
	at com.accounting.controller.DashboardController.getDashboardData(DashboardController.java:27)
	at java.base/jdk.internal.reflect.NativeMethodAccessorImpl.invoke0(Native Method)
	at java.base/jdk.internal.reflect.NativeMethodAccessorImpl.invoke(NativeMethodAccessorImpl.java:62)
	at java.base/jdk.internal.reflect.DelegatingMethodAccessorImpl.invoke(DelegatingMethodAccessorImpl.java:43)
	at java.base/java.lang.reflect.Method.invoke(Method.java:566)
	at org.springframework.web.method.support.InvocableHandlerMethod.doInvoke(InvocableHandlerMethod.java:205)
	at org.springframework.web.method.support.InvocableHandlerMethod.invokeForRequest(InvocableHandlerMethod.java:150)
	at org.springframework.web.servlet.mvc.method.annotation.ServletInvocableHandlerMethod.invokeAndHandle(ServletInvocableHandlerMethod.java:117)
	at org.springframework.web.servlet.mvc.method.annotation.RequestMappingHandlerAdapter.invokeHandlerMethod(RequestMappingHandlerAdapter.java:895)
	at org.springframework.web.servlet.mvc.method.annotation.RequestMappingHandlerAdapter.handleInternal(RequestMappingHandlerAdapter.java:808)
	at org.springframework.web.servlet.mvc.method.AbstractHandlerMethodAdapter.handle(AbstractHandlerMethodAdapter.java:87)
	at org.springframework.web.servlet.DispatcherServlet.doDispatch(DispatcherServlet.java:1072)
	at org.springframework.web.servlet.DispatcherServlet.doService(DispatcherServlet.java:965)
	at org.springframework.web.servlet.FrameworkServlet.processRequest(FrameworkServlet.java:1006)
	at org.springframework.web.servlet.FrameworkServlet.doGet(FrameworkServlet.java:898)
	at javax.servlet.http.HttpServlet.service(HttpServlet.java:529)
	at org.springframework.web.servlet.FrameworkServlet.service(FrameworkServlet.java:883)
	at javax.servlet.http.HttpServlet.service(HttpServlet.java:623)
	at org.apache.catalina.core.ApplicationFilterChain.internalDoFilter(ApplicationFilterChain.java:209)
	at org.apache.catalina.core.ApplicationFilterChain.doFilter(ApplicationFilterChain.java:153)
	at org.apache.tomcat.websocket.server.WsFilter.doFilter(WsFilter.java:51)
	at org.apache.catalina.core.ApplicationFilterChain.internalDoFilter(ApplicationFilterChain.java:178)
	at org.apache.catalina.core.ApplicationFilterChain.doFilter(ApplicationFilterChain.java:153)
	at org.springframework.web.filter.CorsFilter.doFilterInternal(CorsFilter.java:91)
	at org.springframework.web.filter.OncePerRequestFilter.doFilter(OncePerRequestFilter.java:117)
	at org.apache.catalina.core.ApplicationFilterChain.internalDoFilter(ApplicationFilterChain.java:178)
	at org.apache.catalina.core.ApplicationFilterChain.doFilter(ApplicationFilterChain.java:153)
	at org.springframework.web.filter.RequestContextFilter.doFilterInternal(RequestContextFilter.java:100)
	at org.springframework.web.filter.OncePerRequestFilter.doFilter(OncePerRequestFilter.java:117)
	at org.apache.catalina.core.ApplicationFilterChain.internalDoFilter(ApplicationFilterChain.java:178)
	at org.apache.catalina.core.ApplicationFilterChain.doFilter(ApplicationFilterChain.java:153)
	at org.springframework.web.filter.FormContentFilter.doFilterInternal(FormContentFilter.java:93)
	at org.springframework.web.filter.OncePerRequestFilter.doFilter(OncePerRequestFilter.java:117)
	at org.apache.catalina.core.ApplicationFilterChain.internalDoFilter(ApplicationFilterChain.java:178)
	at org.apache.catalina.core.ApplicationFilterChain.doFilter(ApplicationFilterChain.java:153)
	at org.springframework.web.filter.CharacterEncodingFilter.doFilterInternal(CharacterEncodingFilter.java:201)
	at org.springframework.web.filter.OncePerRequestFilter.doFilter(OncePerRequestFilter.java:117)
	at org.apache.catalina.core.ApplicationFilterChain.internalDoFilter(ApplicationFilterChain.java:178)
	at org.apache.catalina.core.ApplicationFilterChain.doFilter(ApplicationFilterChain.java:153)
	at org.apache.catalina.core.StandardWrapperValve.invoke(StandardWrapperValve.java:168)
	at org.apache.catalina.core.StandardContextValve.invoke(StandardContextValve.java:90)
	at org.apache.catalina.authenticator.AuthenticatorBase.invoke(AuthenticatorBase.java:481)
	at org.apache.catalina.core.StandardHostValve.invoke(StandardHostValve.java:130)
	at org.apache.catalina.valves.ErrorReportValve.invoke(ErrorReportValve.java:93)
	at org.apache.catalina.core.StandardEngineValve.invoke(StandardEngineValve.java:74)
	at org.apache.catalina.connector.CoyoteAdapter.service(CoyoteAdapter.java:342)
	at org.apache.coyote.http11.Http11Processor.service(Http11Processor.java:390)
	at org.apache.coyote.AbstractProcessorLight.process(AbstractProcessorLight.java:63)
	at org.apache.coyote.AbstractProtocol$ConnectionHandler.process(AbstractProtocol.java:928)
	at org.apache.tomcat.util.net.NioEndpoint$SocketProcessor.doRun(NioEndpoint.java:1794)
	at org.apache.tomcat.util.net.SocketProcessorBase.run(SocketProcessorBase.java:52)
	at org.apache.tomcat.util.threads.ThreadPoolExecutor.runWorker(ThreadPoolExecutor.java:1191)
	at org.apache.tomcat.util.threads.ThreadPoolExecutor$Worker.run(ThreadPoolExecutor.java:659)
	at org.apache.tomcat.util.threads.TaskThread$WrappingRunnable.run(TaskThread.java:61)
	at java.base/java.lang.Thread.run(Thread.java:834)
Caused by: org.springframework.core.serializer.support.SerializationFailedException: Failed to serialize object using DefaultSerializer; nested exception is java.lang.IllegalArgumentException: DefaultSerializer requires a Serializable payload but received an object of type [com.accounting.dto.DashboardDTO]
	at org.springframework.core.serializer.support.SerializingConverter.convert(SerializingConverter.java:64)
	at org.springframework.core.serializer.support.SerializingConverter.convert(SerializingConverter.java:33)
	at org.springframework.data.redis.serializer.JdkSerializationRedisSerializer.serialize(JdkSerializationRedisSerializer.java:94)
	... 68 common frames omitted
Caused by: java.lang.IllegalArgumentException: DefaultSerializer requires a Serializable payload but received an object of type [com.accounting.dto.DashboardDTO]
	at org.springframework.core.serializer.DefaultSerializer.serialize(DefaultSerializer.java:43)
	at org.springframework.core.serializer.Serializer.serializeToByteArray(Serializer.java:56)
	at org.springframework.core.serializer.support.SerializingConverter.convert(SerializingConverter.java:60)
	... 70 common frames omitted
2026-05-26 14:48:40 [http-nio-8080-exec-6] INFO  c.a.controller.CategoryController - API: 获取全部分类
2026-05-26 14:48:40 [http-nio-8080-exec-7] INFO  c.a.controller.AccountController - API: 获取全部账户
2026-05-26 14:48:40 [http-nio-8080-exec-6] INFO  c.accounting.service.CategoryService - 获取全部分类列表
2026-05-26 14:48:40 [http-nio-8080-exec-7] INFO  c.accounting.service.AccountService - 获取全部账户列表
2026-05-26 14:48:40 [http-nio-8080-exec-7] ERROR c.a.exception.GlobalExceptionHandler - 系统异常: 
org.springframework.data.redis.serializer.SerializationException: Cannot serialize; nested exception is org.springframework.core.serializer.support.SerializationFailedException: Failed to serialize object using DefaultSerializer; nested exception is java.io.NotSerializableException: com.accounting.entity.Account
	at org.springframework.data.redis.serializer.JdkSerializationRedisSerializer.serialize(JdkSerializationRedisSerializer.java:96)
	at org.springframework.data.redis.serializer.DefaultRedisElementWriter.write(DefaultRedisElementWriter.java:44)
	at org.springframework.data.redis.serializer.RedisSerializationContext$SerializationPair.write(RedisSerializationContext.java:290)
	at org.springframework.data.redis.cache.RedisCache.serializeCacheValue(RedisCache.java:285)
	at org.springframework.data.redis.cache.RedisCache.put(RedisCache.java:171)
	at org.springframework.cache.interceptor.AbstractCacheInvoker.doPut(AbstractCacheInvoker.java:87)
	at org.springframework.cache.interceptor.CacheAspectSupport$CachePutRequest.apply(CacheAspectSupport.java:837)
	at org.springframework.cache.interceptor.CacheAspectSupport.execute(CacheAspectSupport.java:429)
	at org.springframework.cache.interceptor.CacheAspectSupport.execute(CacheAspectSupport.java:345)
	at org.springframework.cache.interceptor.CacheInterceptor.invoke(CacheInterceptor.java:64)
	at org.springframework.aop.framework.ReflectiveMethodInvocation.proceed(ReflectiveMethodInvocation.java:186)
	at org.springframework.aop.framework.CglibAopProxy$CglibMethodInvocation.proceed(CglibAopProxy.java:762)
	at org.springframework.aop.framework.CglibAopProxy$DynamicAdvisedInterceptor.intercept(CglibAopProxy.java:707)
	at com.accounting.service.AccountService$$EnhancerBySpringCGLIB$$5823db11.getAllAccounts(<generated>)
	at com.accounting.controller.AccountController.getAllAccounts(AccountController.java:29)
	at java.base/jdk.internal.reflect.NativeMethodAccessorImpl.invoke0(Native Method)
	at java.base/jdk.internal.reflect.NativeMethodAccessorImpl.invoke(NativeMethodAccessorImpl.java:62)
	at java.base/jdk.internal.reflect.DelegatingMethodAccessorImpl.invoke(DelegatingMethodAccessorImpl.java:43)
	at java.base/java.lang.reflect.Method.invoke(Method.java:566)
	at org.springframework.web.method.support.InvocableHandlerMethod.doInvoke(InvocableHandlerMethod.java:205)
	at org.springframework.web.method.support.InvocableHandlerMethod.invokeForRequest(InvocableHandlerMethod.java:150)
	at org.springframework.web.servlet.mvc.method.annotation.ServletInvocableHandlerMethod.invokeAndHandle(ServletInvocableHandlerMethod.java:117)
	at org.springframework.web.servlet.mvc.method.annotation.RequestMappingHandlerAdapter.invokeHandlerMethod(RequestMappingHandlerAdapter.java:895)
	at org.springframework.web.servlet.mvc.method.annotation.RequestMappingHandlerAdapter.handleInternal(RequestMappingHandlerAdapter.java:808)
	at org.springframework.web.servlet.mvc.method.AbstractHandlerMethodAdapter.handle(AbstractHandlerMethodAdapter.java:87)
	at org.springframework.web.servlet.DispatcherServlet.doDispatch(DispatcherServlet.java:1072)
	at org.springframework.web.servlet.DispatcherServlet.doService(DispatcherServlet.java:965)
	at org.springframework.web.servlet.FrameworkServlet.processRequest(FrameworkServlet.java:1006)
	at org.springframework.web.servlet.FrameworkServlet.doGet(FrameworkServlet.java:898)
	at javax.servlet.http.HttpServlet.service(HttpServlet.java:529)
	at org.springframework.web.servlet.FrameworkServlet.service(FrameworkServlet.java:883)
	at javax.servlet.http.HttpServlet.service(HttpServlet.java:623)
	at org.apache.catalina.core.ApplicationFilterChain.internalDoFilter(ApplicationFilterChain.java:209)
	at org.apache.catalina.core.ApplicationFilterChain.doFilter(ApplicationFilterChain.java:153)
	at org.apache.tomcat.websocket.server.WsFilter.doFilter(WsFilter.java:51)
	at org.apache.catalina.core.ApplicationFilterChain.internalDoFilter(ApplicationFilterChain.java:178)
	at org.apache.catalina.core.ApplicationFilterChain.doFilter(ApplicationFilterChain.java:153)
	at org.springframework.web.filter.CorsFilter.doFilterInternal(CorsFilter.java:91)
	at org.springframework.web.filter.OncePerRequestFilter.doFilter(OncePerRequestFilter.java:117)
	at org.apache.catalina.core.ApplicationFilterChain.internalDoFilter(ApplicationFilterChain.java:178)
	at org.apache.catalina.core.ApplicationFilterChain.doFilter(ApplicationFilterChain.java:153)
	at org.springframework.web.filter.RequestContextFilter.doFilterInternal(RequestContextFilter.java:100)
	at org.springframework.web.filter.OncePerRequestFilter.doFilter(OncePerRequestFilter.java:117)
	at org.apache.catalina.core.ApplicationFilterChain.internalDoFilter(ApplicationFilterChain.java:178)
	at org.apache.catalina.core.ApplicationFilterChain.doFilter(ApplicationFilterChain.java:153)
	at org.springframework.web.filter.FormContentFilter.doFilterInternal(FormContentFilter.java:93)
	at org.springframework.web.filter.OncePerRequestFilter.doFilter(OncePerRequestFilter.java:117)
	at org.apache.catalina.core.ApplicationFilterChain.internalDoFilter(ApplicationFilterChain.java:178)
	at org.apache.catalina.core.ApplicationFilterChain.doFilter(ApplicationFilterChain.java:153)
	at org.springframework.web.filter.CharacterEncodingFilter.doFilterInternal(CharacterEncodingFilter.java:201)
	at org.springframework.web.filter.OncePerRequestFilter.doFilter(OncePerRequestFilter.java:117)
	at org.apache.catalina.core.ApplicationFilterChain.internalDoFilter(ApplicationFilterChain.java:178)
	at org.apache.catalina.core.ApplicationFilterChain.doFilter(ApplicationFilterChain.java:153)
	at org.apache.catalina.core.StandardWrapperValve.invoke(StandardWrapperValve.java:168)
	at org.apache.catalina.core.StandardContextValve.invoke(StandardContextValve.java:90)
	at org.apache.catalina.authenticator.AuthenticatorBase.invoke(AuthenticatorBase.java:481)
	at org.apache.catalina.core.StandardHostValve.invoke(StandardHostValve.java:130)
	at org.apache.catalina.valves.ErrorReportValve.invoke(ErrorReportValve.java:93)
	at org.apache.catalina.core.StandardEngineValve.invoke(StandardEngineValve.java:74)
	at org.apache.catalina.connector.CoyoteAdapter.service(CoyoteAdapter.java:342)
	at org.apache.coyote.http11.Http11Processor.service(Http11Processor.java:390)
	at org.apache.coyote.AbstractProcessorLight.process(AbstractProcessorLight.java:63)
	at org.apache.coyote.AbstractProtocol$ConnectionHandler.process(AbstractProtocol.java:928)
	at org.apache.tomcat.util.net.NioEndpoint$SocketProcessor.doRun(NioEndpoint.java:1794)
	at org.apache.tomcat.util.net.SocketProcessorBase.run(SocketProcessorBase.java:52)
	at org.apache.tomcat.util.threads.ThreadPoolExecutor.runWorker(ThreadPoolExecutor.java:1191)
	at org.apache.tomcat.util.threads.ThreadPoolExecutor$Worker.run(ThreadPoolExecutor.java:659)
	at org.apache.tomcat.util.threads.TaskThread$WrappingRunnable.run(TaskThread.java:61)
	at java.base/java.lang.Thread.run(Thread.java:834)
Caused by: org.springframework.core.serializer.support.SerializationFailedException: Failed to serialize object using DefaultSerializer; nested exception is java.io.NotSerializableException: com.accounting.entity.Account
	at org.springframework.core.serializer.support.SerializingConverter.convert(SerializingConverter.java:64)
	at org.springframework.core.serializer.support.SerializingConverter.convert(SerializingConverter.java:33)
	at org.springframework.data.redis.serializer.JdkSerializationRedisSerializer.serialize(JdkSerializationRedisSerializer.java:94)
	... 68 common frames omitted
Caused by: java.io.NotSerializableException: com.accounting.entity.Account
	at java.base/java.io.ObjectOutputStream.writeObject0(ObjectOutputStream.java:1185)
	at java.base/java.io.ObjectOutputStream.writeObject(ObjectOutputStream.java:349)
	at java.base/java.util.ArrayList.writeObject(ArrayList.java:896)
	at java.base/jdk.internal.reflect.NativeMethodAccessorImpl.invoke0(Native Method)
	at java.base/jdk.internal.reflect.NativeMethodAccessorImpl.invoke(NativeMethodAccessorImpl.java:62)
	at java.base/jdk.internal.reflect.DelegatingMethodAccessorImpl.invoke(DelegatingMethodAccessorImpl.java:43)
	at java.base/java.lang.reflect.Method.invoke(Method.java:566)
	at java.base/java.io.ObjectStreamClass.invokeWriteObject(ObjectStreamClass.java:1130)
	at java.base/java.io.ObjectOutputStream.writeSerialData(ObjectOutputStream.java:1497)
	at java.base/java.io.ObjectOutputStream.writeOrdinaryObject(ObjectOutputStream.java:1433)
	at java.base/java.io.ObjectOutputStream.writeObject0(ObjectOutputStream.java:1179)
	at java.base/java.io.ObjectOutputStream.writeObject(ObjectOutputStream.java:349)
	at org.springframework.core.serializer.DefaultSerializer.serialize(DefaultSerializer.java:46)
	at org.springframework.core.serializer.Serializer.serializeToByteArray(Serializer.java:56)
	at org.springframework.core.serializer.support.SerializingConverter.convert(SerializingConverter.java:60)
	... 70 common frames omitted
2026-05-26 14:48:40 [http-nio-8080-exec-6] ERROR c.a.exception.GlobalExceptionHandler - 系统异常: 
org.springframework.data.redis.serializer.SerializationException: Cannot serialize; nested exception is org.springframework.core.serializer.support.SerializationFailedException: Failed to serialize object using DefaultSerializer; nested exception is java.io.NotSerializableException: com.accounting.entity.Category
	at org.springframework.data.redis.serializer.JdkSerializationRedisSerializer.serialize(JdkSerializationRedisSerializer.java:96)
	at org.springframework.data.redis.serializer.DefaultRedisElementWriter.write(DefaultRedisElementWriter.java:44)
	at org.springframework.data.redis.serializer.RedisSerializationContext$SerializationPair.write(RedisSerializationContext.java:290)
	at org.springframework.data.redis.cache.RedisCache.serializeCacheValue(RedisCache.java:285)
	at org.springframework.data.redis.cache.RedisCache.put(RedisCache.java:171)
	at org.springframework.cache.interceptor.AbstractCacheInvoker.doPut(AbstractCacheInvoker.java:87)
	at org.springframework.cache.interceptor.CacheAspectSupport$CachePutRequest.apply(CacheAspectSupport.java:837)
	at org.springframework.cache.interceptor.CacheAspectSupport.execute(CacheAspectSupport.java:429)
	at org.springframework.cache.interceptor.CacheAspectSupport.execute(CacheAspectSupport.java:345)
	at org.springframework.cache.interceptor.CacheInterceptor.invoke(CacheInterceptor.java:64)
	at org.springframework.aop.framework.ReflectiveMethodInvocation.proceed(ReflectiveMethodInvocation.java:186)
	at org.springframework.aop.framework.CglibAopProxy$CglibMethodInvocation.proceed(CglibAopProxy.java:762)
	at org.springframework.aop.framework.CglibAopProxy$DynamicAdvisedInterceptor.intercept(CglibAopProxy.java:707)
	at com.accounting.service.CategoryService$$EnhancerBySpringCGLIB$$db4fd3a0.getAllCategories(<generated>)
	at com.accounting.controller.CategoryController.getAllCategories(CategoryController.java:29)
	at java.base/jdk.internal.reflect.NativeMethodAccessorImpl.invoke0(Native Method)
	at java.base/jdk.internal.reflect.NativeMethodAccessorImpl.invoke(NativeMethodAccessorImpl.java:62)
	at java.base/jdk.internal.reflect.DelegatingMethodAccessorImpl.invoke(DelegatingMethodAccessorImpl.java:43)
	at java.base/java.lang.reflect.Method.invoke(Method.java:566)
	at org.springframework.web.method.support.InvocableHandlerMethod.doInvoke(InvocableHandlerMethod.java:205)
	at org.springframework.web.method.support.InvocableHandlerMethod.invokeForRequest(InvocableHandlerMethod.java:150)
	at org.springframework.web.servlet.mvc.method.annotation.ServletInvocableHandlerMethod.invokeAndHandle(ServletInvocableHandlerMethod.java:117)
	at org.springframework.web.servlet.mvc.method.annotation.RequestMappingHandlerAdapter.invokeHandlerMethod(RequestMappingHandlerAdapter.java:895)
	at org.springframework.web.servlet.mvc.method.annotation.RequestMappingHandlerAdapter.handleInternal(RequestMappingHandlerAdapter.java:808)
	at org.springframework.web.servlet.mvc.method.AbstractHandlerMethodAdapter.handle(AbstractHandlerMethodAdapter.java:87)
	at org.springframework.web.servlet.DispatcherServlet.doDispatch(DispatcherServlet.java:1072)
	at org.springframework.web.servlet.DispatcherServlet.doService(DispatcherServlet.java:965)
	at org.springframework.web.servlet.FrameworkServlet.processRequest(FrameworkServlet.java:1006)
	at org.springframework.web.servlet.FrameworkServlet.doGet(FrameworkServlet.java:898)
	at javax.servlet.http.HttpServlet.service(HttpServlet.java:529)
	at org.springframework.web.servlet.FrameworkServlet.service(FrameworkServlet.java:883)
	at javax.servlet.http.HttpServlet.service(HttpServlet.java:623)
	at org.apache.catalina.core.ApplicationFilterChain.internalDoFilter(ApplicationFilterChain.java:209)
	at org.apache.catalina.core.ApplicationFilterChain.doFilter(ApplicationFilterChain.java:153)
	at org.apache.tomcat.websocket.server.WsFilter.doFilter(WsFilter.java:51)
	at org.apache.catalina.core.ApplicationFilterChain.internalDoFilter(ApplicationFilterChain.java:178)
	at org.apache.catalina.core.ApplicationFilterChain.doFilter(ApplicationFilterChain.java:153)
	at org.springframework.web.filter.CorsFilter.doFilterInternal(CorsFilter.java:91)
	at org.springframework.web.filter.OncePerRequestFilter.doFilter(OncePerRequestFilter.java:117)
	at org.apache.catalina.core.ApplicationFilterChain.internalDoFilter(ApplicationFilterChain.java:178)
	at org.apache.catalina.core.ApplicationFilterChain.doFilter(ApplicationFilterChain.java:153)
	at org.springframework.web.filter.RequestContextFilter.doFilterInternal(RequestContextFilter.java:100)
	at org.springframework.web.filter.OncePerRequestFilter.doFilter(OncePerRequestFilter.java:117)
	at org.apache.catalina.core.ApplicationFilterChain.internalDoFilter(ApplicationFilterChain.java:178)
	at org.apache.catalina.core.ApplicationFilterChain.doFilter(ApplicationFilterChain.java:153)
	at org.springframework.web.filter.FormContentFilter.doFilterInternal(FormContentFilter.java:93)
	at org.springframework.web.filter.OncePerRequestFilter.doFilter(OncePerRequestFilter.java:117)
	at org.apache.catalina.core.ApplicationFilterChain.internalDoFilter(ApplicationFilterChain.java:178)
	at org.apache.catalina.core.ApplicationFilterChain.doFilter(ApplicationFilterChain.java:153)
	at org.springframework.web.filter.CharacterEncodingFilter.doFilterInternal(CharacterEncodingFilter.java:201)
	at org.springframework.web.filter.OncePerRequestFilter.doFilter(OncePerRequestFilter.java:117)
	at org.apache.catalina.core.ApplicationFilterChain.internalDoFilter(ApplicationFilterChain.java:178)
	at org.apache.catalina.core.ApplicationFilterChain.doFilter(ApplicationFilterChain.java:153)
	at org.apache.catalina.core.StandardWrapperValve.invoke(StandardWrapperValve.java:168)
	at org.apache.catalina.core.StandardContextValve.invoke(StandardContextValve.java:90)
	at org.apache.catalina.authenticator.AuthenticatorBase.invoke(AuthenticatorBase.java:481)
	at org.apache.catalina.core.StandardHostValve.invoke(StandardHostValve.java:130)
	at org.apache.catalina.valves.ErrorReportValve.invoke(ErrorReportValve.java:93)
	at org.apache.catalina.core.StandardEngineValve.invoke(StandardEngineValve.java:74)
	at org.apache.catalina.connector.CoyoteAdapter.service(CoyoteAdapter.java:342)
	at org.apache.coyote.http11.Http11Processor.service(Http11Processor.java:390)
	at org.apache.coyote.AbstractProcessorLight.process(AbstractProcessorLight.java:63)
	at org.apache.coyote.AbstractProtocol$ConnectionHandler.process(AbstractProtocol.java:928)
	at org.apache.tomcat.util.net.NioEndpoint$SocketProcessor.doRun(NioEndpoint.java:1794)
	at org.apache.tomcat.util.net.SocketProcessorBase.run(SocketProcessorBase.java:52)
	at org.apache.tomcat.util.threads.ThreadPoolExecutor.runWorker(ThreadPoolExecutor.java:1191)
	at org.apache.tomcat.util.threads.ThreadPoolExecutor$Worker.run(ThreadPoolExecutor.java:659)
	at org.apache.tomcat.util.threads.TaskThread$WrappingRunnable.run(TaskThread.java:61)
	at java.base/java.lang.Thread.run(Thread.java:834)
Caused by: org.springframework.core.serializer.support.SerializationFailedException: Failed to serialize object using DefaultSerializer; nested exception is java.io.NotSerializableException: com.accounting.entity.Category
	at org.springframework.core.serializer.support.SerializingConverter.convert(SerializingConverter.java:64)
	at org.springframework.core.serializer.support.SerializingConverter.convert(SerializingConverter.java:33)
	at org.springframework.data.redis.serializer.JdkSerializationRedisSerializer.serialize(JdkSerializationRedisSerializer.java:94)
	... 68 common frames omitted
Caused by: java.io.NotSerializableException: com.accounting.entity.Category
	at java.base/java.io.ObjectOutputStream.writeObject0(ObjectOutputStream.java:1185)
	at java.base/java.io.ObjectOutputStream.writeObject(ObjectOutputStream.java:349)
	at java.base/java.util.ArrayList.writeObject(ArrayList.java:896)
	at java.base/jdk.internal.reflect.NativeMethodAccessorImpl.invoke0(Native Method)
	at java.base/jdk.internal.reflect.NativeMethodAccessorImpl.invoke(NativeMethodAccessorImpl.java:62)
	at java.base/jdk.internal.reflect.DelegatingMethodAccessorImpl.invoke(DelegatingMethodAccessorImpl.java:43)
	at java.base/java.lang.reflect.Method.invoke(Method.java:566)
	at java.base/java.io.ObjectStreamClass.invokeWriteObject(ObjectStreamClass.java:1130)
	at java.base/java.io.ObjectOutputStream.writeSerialData(ObjectOutputStream.java:1497)
	at java.base/java.io.ObjectOutputStream.writeOrdinaryObject(ObjectOutputStream.java:1433)
	at java.base/java.io.ObjectOutputStream.writeObject0(ObjectOutputStream.java:1179)
	at java.base/java.io.ObjectOutputStream.writeObject(ObjectOutputStream.java:349)
	at org.springframework.core.serializer.DefaultSerializer.serialize(DefaultSerializer.java:46)
	at org.springframework.core.serializer.Serializer.serializeToByteArray(Serializer.java:56)
	at org.springframework.core.serializer.support.SerializingConverter.convert(SerializingConverter.java:60)
	... 70 common frames omitted
2026-05-26 14:48:40 [http-nio-8080-exec-3] INFO  c.a.controller.DashboardController - API: 获取看板数据
2026-05-26 14:48:40 [http-nio-8080-exec-5] INFO  c.a.controller.DashboardController - API: 获取看板数据
2026-05-26 14:48:40 [http-nio-8080-exec-5] INFO  c.a.service.DashboardService - 获取看板数据
2026-05-26 14:48:40 [http-nio-8080-exec-3] INFO  c.a.service.DashboardService - 获取看板数据
2026-05-26 14:48:40 [http-nio-8080-exec-2] INFO  c.a.controller.BillController - API: 获取最近30天的账单
2026-05-26 14:48:40 [http-nio-8080-exec-2] INFO  com.accounting.service.BillService - 获取最近30天的账单
2026-05-26 14:48:40 [http-nio-8080-exec-9] INFO  c.a.controller.CategoryController - API: 按类型获取分类: EXPENSE
2026-05-26 14:48:40 [http-nio-8080-exec-6] INFO  c.a.controller.CategoryController - API: 按类型获取分类: EXPENSE
2026-05-26 14:48:40 [http-nio-8080-exec-9] INFO  c.accounting.service.CategoryService - 获取支出分类列表
2026-05-26 14:48:40 [http-nio-8080-exec-6] INFO  c.accounting.service.CategoryService - 获取支出分类列表
2026-05-26 14:48:40 [http-nio-8080-exec-2] DEBUG com.accounting.service.BillService - 从Redis缓存获取最近30天账单
2026-05-26 14:48:40 [http-nio-8080-exec-5] INFO  com.accounting.service.BudgetService - 获取当前生效的预算列表
2026-05-26 14:48:40 [http-nio-8080-exec-5] INFO  com.accounting.service.BudgetService - 计算预算使用情况: 1
2026-05-26 14:48:40 [http-nio-8080-exec-5] INFO  com.accounting.service.BudgetService - 根据ID获取预算: 1
2026-05-26 14:48:40 [http-nio-8080-exec-5] INFO  com.accounting.service.BudgetService - 计算预算使用情况: 1
2026-05-26 14:48:40 [http-nio-8080-exec-5] INFO  com.accounting.service.BudgetService - 根据ID获取预算: 1
2026-05-26 14:48:40 [http-nio-8080-exec-5] INFO  c.a.service.DashboardService - 检查异常消费: 月均支出=0.00
2026-05-26 14:48:40 [http-nio-8080-exec-9] ERROR c.a.exception.GlobalExceptionHandler - 系统异常: 
org.springframework.data.redis.serializer.SerializationException: Cannot serialize; nested exception is org.springframework.core.serializer.support.SerializationFailedException: Failed to serialize object using DefaultSerializer; nested exception is java.io.NotSerializableException: com.accounting.entity.Category
	at org.springframework.data.redis.serializer.JdkSerializationRedisSerializer.serialize(JdkSerializationRedisSerializer.java:96)
	at org.springframework.data.redis.serializer.DefaultRedisElementWriter.write(DefaultRedisElementWriter.java:44)
	at org.springframework.data.redis.serializer.RedisSerializationContext$SerializationPair.write(RedisSerializationContext.java:290)
	at org.springframework.data.redis.cache.RedisCache.serializeCacheValue(RedisCache.java:285)
	at org.springframework.data.redis.cache.RedisCache.put(RedisCache.java:171)
	at org.springframework.cache.interceptor.AbstractCacheInvoker.doPut(AbstractCacheInvoker.java:87)
	at org.springframework.cache.interceptor.CacheAspectSupport$CachePutRequest.apply(CacheAspectSupport.java:837)
	at org.springframework.cache.interceptor.CacheAspectSupport.execute(CacheAspectSupport.java:429)
	at org.springframework.cache.interceptor.CacheAspectSupport.execute(CacheAspectSupport.java:345)
	at org.springframework.cache.interceptor.CacheInterceptor.invoke(CacheInterceptor.java:64)
	at org.springframework.aop.framework.ReflectiveMethodInvocation.proceed(ReflectiveMethodInvocation.java:186)
	at org.springframework.aop.framework.CglibAopProxy$CglibMethodInvocation.proceed(CglibAopProxy.java:762)
	at org.springframework.aop.framework.CglibAopProxy$DynamicAdvisedInterceptor.intercept(CglibAopProxy.java:707)
	at com.accounting.service.CategoryService$$EnhancerBySpringCGLIB$$db4fd3a0.getCategoriesByType(<generated>)
	at com.accounting.controller.CategoryController.getCategoriesByType(CategoryController.java:38)
	at java.base/jdk.internal.reflect.NativeMethodAccessorImpl.invoke0(Native Method)
	at java.base/jdk.internal.reflect.NativeMethodAccessorImpl.invoke(NativeMethodAccessorImpl.java:62)
	at java.base/jdk.internal.reflect.DelegatingMethodAccessorImpl.invoke(DelegatingMethodAccessorImpl.java:43)
	at java.base/java.lang.reflect.Method.invoke(Method.java:566)
	at org.springframework.web.method.support.InvocableHandlerMethod.doInvoke(InvocableHandlerMethod.java:205)
	at org.springframework.web.method.support.InvocableHandlerMethod.invokeForRequest(InvocableHandlerMethod.java:150)
	at org.springframework.web.servlet.mvc.method.annotation.ServletInvocableHandlerMethod.invokeAndHandle(ServletInvocableHandlerMethod.java:117)
	at org.springframework.web.servlet.mvc.method.annotation.RequestMappingHandlerAdapter.invokeHandlerMethod(RequestMappingHandlerAdapter.java:895)
	at org.springframework.web.servlet.mvc.method.annotation.RequestMappingHandlerAdapter.handleInternal(RequestMappingHandlerAdapter.java:808)
	at org.springframework.web.servlet.mvc.method.AbstractHandlerMethodAdapter.handle(AbstractHandlerMethodAdapter.java:87)
	at org.springframework.web.servlet.DispatcherServlet.doDispatch(DispatcherServlet.java:1072)
	at org.springframework.web.servlet.DispatcherServlet.doService(DispatcherServlet.java:965)
	at org.springframework.web.servlet.FrameworkServlet.processRequest(FrameworkServlet.java:1006)
	at org.springframework.web.servlet.FrameworkServlet.doGet(FrameworkServlet.java:898)
	at javax.servlet.http.HttpServlet.service(HttpServlet.java:529)
	at org.springframework.web.servlet.FrameworkServlet.service(FrameworkServlet.java:883)
	at javax.servlet.http.HttpServlet.service(HttpServlet.java:623)
	at org.apache.catalina.core.ApplicationFilterChain.internalDoFilter(ApplicationFilterChain.java:209)
	at org.apache.catalina.core.ApplicationFilterChain.doFilter(ApplicationFilterChain.java:153)
	at org.apache.tomcat.websocket.server.WsFilter.doFilter(WsFilter.java:51)
	at org.apache.catalina.core.ApplicationFilterChain.internalDoFilter(ApplicationFilterChain.java:178)
	at org.apache.catalina.core.ApplicationFilterChain.doFilter(ApplicationFilterChain.java:153)
	at org.springframework.web.filter.CorsFilter.doFilterInternal(CorsFilter.java:91)
	at org.springframework.web.filter.OncePerRequestFilter.doFilter(OncePerRequestFilter.java:117)
	at org.apache.catalina.core.ApplicationFilterChain.internalDoFilter(ApplicationFilterChain.java:178)
	at org.apache.catalina.core.ApplicationFilterChain.doFilter(ApplicationFilterChain.java:153)
	at org.springframework.web.filter.RequestContextFilter.doFilterInternal(RequestContextFilter.java:100)
	at org.springframework.web.filter.OncePerRequestFilter.doFilter(OncePerRequestFilter.java:117)
	at org.apache.catalina.core.ApplicationFilterChain.internalDoFilter(ApplicationFilterChain.java:178)
	at org.apache.catalina.core.ApplicationFilterChain.doFilter(ApplicationFilterChain.java:153)
	at org.springframework.web.filter.FormContentFilter.doFilterInternal(FormContentFilter.java:93)
	at org.springframework.web.filter.OncePerRequestFilter.doFilter(OncePerRequestFilter.java:117)
	at org.apache.catalina.core.ApplicationFilterChain.internalDoFilter(ApplicationFilterChain.java:178)
	at org.apache.catalina.core.ApplicationFilterChain.doFilter(ApplicationFilterChain.java:153)
	at org.springframework.web.filter.CharacterEncodingFilter.doFilterInternal(CharacterEncodingFilter.java:201)
	at org.springframework.web.filter.OncePerRequestFilter.doFilter(OncePerRequestFilter.java:117)
	at org.apache.catalina.core.ApplicationFilterChain.internalDoFilter(ApplicationFilterChain.java:178)
	at org.apache.catalina.core.ApplicationFilterChain.doFilter(ApplicationFilterChain.java:153)
	at org.apache.catalina.core.StandardWrapperValve.invoke(StandardWrapperValve.java:168)
	at org.apache.catalina.core.StandardContextValve.invoke(StandardContextValve.java:90)
	at org.apache.catalina.authenticator.AuthenticatorBase.invoke(AuthenticatorBase.java:481)
	at org.apache.catalina.core.StandardHostValve.invoke(StandardHostValve.java:130)
	at org.apache.catalina.valves.ErrorReportValve.invoke(ErrorReportValve.java:93)
	at org.apache.catalina.core.StandardEngineValve.invoke(StandardEngineValve.java:74)
	at org.apache.catalina.connector.CoyoteAdapter.service(CoyoteAdapter.java:342)
	at org.apache.coyote.http11.Http11Processor.service(Http11Processor.java:390)
	at org.apache.coyote.AbstractProcessorLight.process(AbstractProcessorLight.java:63)
	at org.apache.coyote.AbstractProtocol$ConnectionHandler.process(AbstractProtocol.java:928)
	at org.apache.tomcat.util.net.NioEndpoint$SocketProcessor.doRun(NioEndpoint.java:1794)
	at org.apache.tomcat.util.net.SocketProcessorBase.run(SocketProcessorBase.java:52)
	at org.apache.tomcat.util.threads.ThreadPoolExecutor.runWorker(ThreadPoolExecutor.java:1191)
	at org.apache.tomcat.util.threads.ThreadPoolExecutor$Worker.run(ThreadPoolExecutor.java:659)
	at org.apache.tomcat.util.threads.TaskThread$WrappingRunnable.run(TaskThread.java:61)
	at java.base/java.lang.Thread.run(Thread.java:834)
Caused by: org.springframework.core.serializer.support.SerializationFailedException: Failed to serialize object using DefaultSerializer; nested exception is java.io.NotSerializableException: com.accounting.entity.Category
	at org.springframework.core.serializer.support.SerializingConverter.convert(SerializingConverter.java:64)
	at org.springframework.core.serializer.support.SerializingConverter.convert(SerializingConverter.java:33)
	at org.springframework.data.redis.serializer.JdkSerializationRedisSerializer.serialize(JdkSerializationRedisSerializer.java:94)
	... 68 common frames omitted
Caused by: java.io.NotSerializableException: com.accounting.entity.Category
	at java.base/java.io.ObjectOutputStream.writeObject0(ObjectOutputStream.java:1185)
	at java.base/java.io.ObjectOutputStream.writeObject(ObjectOutputStream.java:349)
	at java.base/java.util.ArrayList.writeObject(ArrayList.java:896)
	at java.base/jdk.internal.reflect.NativeMethodAccessorImpl.invoke0(Native Method)
	at java.base/jdk.internal.reflect.NativeMethodAccessorImpl.invoke(NativeMethodAccessorImpl.java:62)
	at java.base/jdk.internal.reflect.DelegatingMethodAccessorImpl.invoke(DelegatingMethodAccessorImpl.java:43)
	at java.base/java.lang.reflect.Method.invoke(Method.java:566)
	at java.base/java.io.ObjectStreamClass.invokeWriteObject(ObjectStreamClass.java:1130)
	at java.base/java.io.ObjectOutputStream.writeSerialData(ObjectOutputStream.java:1497)
	at java.base/java.io.ObjectOutputStream.writeOrdinaryObject(ObjectOutputStream.java:1433)
	at java.base/java.io.ObjectOutputStream.writeObject0(ObjectOutputStream.java:1179)
	at java.base/java.io.ObjectOutputStream.writeObject(ObjectOutputStream.java:349)
	at org.springframework.core.serializer.DefaultSerializer.serialize(DefaultSerializer.java:46)
	at org.springframework.core.serializer.Serializer.serializeToByteArray(Serializer.java:56)
	at org.springframework.core.serializer.support.SerializingConverter.convert(SerializingConverter.java:60)
	... 70 common frames omitted
2026-05-26 14:48:40 [http-nio-8080-exec-5] ERROR c.a.exception.GlobalExceptionHandler - 系统异常: 
org.springframework.data.redis.serializer.SerializationException: Cannot serialize; nested exception is org.springframework.core.serializer.support.SerializationFailedException: Failed to serialize object using DefaultSerializer; nested exception is java.lang.IllegalArgumentException: DefaultSerializer requires a Serializable payload but received an object of type [com.accounting.dto.DashboardDTO]
	at org.springframework.data.redis.serializer.JdkSerializationRedisSerializer.serialize(JdkSerializationRedisSerializer.java:96)
	at org.springframework.data.redis.serializer.DefaultRedisElementWriter.write(DefaultRedisElementWriter.java:44)
	at org.springframework.data.redis.serializer.RedisSerializationContext$SerializationPair.write(RedisSerializationContext.java:290)
	at org.springframework.data.redis.cache.RedisCache.serializeCacheValue(RedisCache.java:285)
	at org.springframework.data.redis.cache.RedisCache.put(RedisCache.java:171)
	at org.springframework.cache.interceptor.AbstractCacheInvoker.doPut(AbstractCacheInvoker.java:87)
	at org.springframework.cache.interceptor.CacheAspectSupport$CachePutRequest.apply(CacheAspectSupport.java:837)
	at org.springframework.cache.interceptor.CacheAspectSupport.execute(CacheAspectSupport.java:429)
	at org.springframework.cache.interceptor.CacheAspectSupport.execute(CacheAspectSupport.java:345)
	at org.springframework.cache.interceptor.CacheInterceptor.invoke(CacheInterceptor.java:64)
	at org.springframework.aop.framework.ReflectiveMethodInvocation.proceed(ReflectiveMethodInvocation.java:186)
	at org.springframework.aop.framework.CglibAopProxy$CglibMethodInvocation.proceed(CglibAopProxy.java:762)
	at org.springframework.aop.framework.CglibAopProxy$DynamicAdvisedInterceptor.intercept(CglibAopProxy.java:707)
	at com.accounting.service.DashboardService$$EnhancerBySpringCGLIB$$2ba4a0c.getDashboardData(<generated>)
	at com.accounting.controller.DashboardController.getDashboardData(DashboardController.java:27)
	at java.base/jdk.internal.reflect.NativeMethodAccessorImpl.invoke0(Native Method)
	at java.base/jdk.internal.reflect.NativeMethodAccessorImpl.invoke(NativeMethodAccessorImpl.java:62)
	at java.base/jdk.internal.reflect.DelegatingMethodAccessorImpl.invoke(DelegatingMethodAccessorImpl.java:43)
	at java.base/java.lang.reflect.Method.invoke(Method.java:566)
	at org.springframework.web.method.support.InvocableHandlerMethod.doInvoke(InvocableHandlerMethod.java:205)
	at org.springframework.web.method.support.InvocableHandlerMethod.invokeForRequest(InvocableHandlerMethod.java:150)
	at org.springframework.web.servlet.mvc.method.annotation.ServletInvocableHandlerMethod.invokeAndHandle(ServletInvocableHandlerMethod.java:117)
	at org.springframework.web.servlet.mvc.method.annotation.RequestMappingHandlerAdapter.invokeHandlerMethod(RequestMappingHandlerAdapter.java:895)
	at org.springframework.web.servlet.mvc.method.annotation.RequestMappingHandlerAdapter.handleInternal(RequestMappingHandlerAdapter.java:808)
	at org.springframework.web.servlet.mvc.method.AbstractHandlerMethodAdapter.handle(AbstractHandlerMethodAdapter.java:87)
	at org.springframework.web.servlet.DispatcherServlet.doDispatch(DispatcherServlet.java:1072)
	at org.springframework.web.servlet.DispatcherServlet.doService(DispatcherServlet.java:965)
	at org.springframework.web.servlet.FrameworkServlet.processRequest(FrameworkServlet.java:1006)
	at org.springframework.web.servlet.FrameworkServlet.doGet(FrameworkServlet.java:898)
	at javax.servlet.http.HttpServlet.service(HttpServlet.java:529)
	at org.springframework.web.servlet.FrameworkServlet.service(FrameworkServlet.java:883)
	at javax.servlet.http.HttpServlet.service(HttpServlet.java:623)
	at org.apache.catalina.core.ApplicationFilterChain.internalDoFilter(ApplicationFilterChain.java:209)
	at org.apache.catalina.core.ApplicationFilterChain.doFilter(ApplicationFilterChain.java:153)
	at org.apache.tomcat.websocket.server.WsFilter.doFilter(WsFilter.java:51)
	at org.apache.catalina.core.ApplicationFilterChain.internalDoFilter(ApplicationFilterChain.java:178)
	at org.apache.catalina.core.ApplicationFilterChain.doFilter(ApplicationFilterChain.java:153)
	at org.springframework.web.filter.CorsFilter.doFilterInternal(CorsFilter.java:91)
	at org.springframework.web.filter.OncePerRequestFilter.doFilter(OncePerRequestFilter.java:117)
	at org.apache.catalina.core.ApplicationFilterChain.internalDoFilter(ApplicationFilterChain.java:178)
	at org.apache.catalina.core.ApplicationFilterChain.doFilter(ApplicationFilterChain.java:153)
	at org.springframework.web.filter.RequestContextFilter.doFilterInternal(RequestContextFilter.java:100)
	at org.springframework.web.filter.OncePerRequestFilter.doFilter(OncePerRequestFilter.java:117)
	at org.apache.catalina.core.ApplicationFilterChain.internalDoFilter(ApplicationFilterChain.java:178)
	at org.apache.catalina.core.ApplicationFilterChain.doFilter(ApplicationFilterChain.java:153)
	at org.springframework.web.filter.FormContentFilter.doFilterInternal(FormContentFilter.java:93)
	at org.springframework.web.filter.OncePerRequestFilter.doFilter(OncePerRequestFilter.java:117)
	at org.apache.catalina.core.ApplicationFilterChain.internalDoFilter(ApplicationFilterChain.java:178)
	at org.apache.catalina.core.ApplicationFilterChain.doFilter(ApplicationFilterChain.java:153)
	at org.springframework.web.filter.CharacterEncodingFilter.doFilterInternal(CharacterEncodingFilter.java:201)
	at org.springframework.web.filter.OncePerRequestFilter.doFilter(OncePerRequestFilter.java:117)
	at org.apache.catalina.core.ApplicationFilterChain.internalDoFilter(ApplicationFilterChain.java:178)
	at org.apache.catalina.core.ApplicationFilterChain.doFilter(ApplicationFilterChain.java:153)
	at org.apache.catalina.core.StandardWrapperValve.invoke(StandardWrapperValve.java:168)
	at org.apache.catalina.core.StandardContextValve.invoke(StandardContextValve.java:90)
	at org.apache.catalina.authenticator.AuthenticatorBase.invoke(AuthenticatorBase.java:481)
	at org.apache.catalina.core.StandardHostValve.invoke(StandardHostValve.java:130)
	at org.apache.catalina.valves.ErrorReportValve.invoke(ErrorReportValve.java:93)
	at org.apache.catalina.core.StandardEngineValve.invoke(StandardEngineValve.java:74)
	at org.apache.catalina.connector.CoyoteAdapter.service(CoyoteAdapter.java:342)
	at org.apache.coyote.http11.Http11Processor.service(Http11Processor.java:390)
	at org.apache.coyote.AbstractProcessorLight.process(AbstractProcessorLight.java:63)
	at org.apache.coyote.AbstractProtocol$ConnectionHandler.process(AbstractProtocol.java:928)
	at org.apache.tomcat.util.net.NioEndpoint$SocketProcessor.doRun(NioEndpoint.java:1794)
	at org.apache.tomcat.util.net.SocketProcessorBase.run(SocketProcessorBase.java:52)
	at org.apache.tomcat.util.threads.ThreadPoolExecutor.runWorker(ThreadPoolExecutor.java:1191)
	at org.apache.tomcat.util.threads.ThreadPoolExecutor$Worker.run(ThreadPoolExecutor.java:659)
	at org.apache.tomcat.util.threads.TaskThread$WrappingRunnable.run(TaskThread.java:61)
	at java.base/java.lang.Thread.run(Thread.java:834)
Caused by: org.springframework.core.serializer.support.SerializationFailedException: Failed to serialize object using DefaultSerializer; nested exception is java.lang.IllegalArgumentException: DefaultSerializer requires a Serializable payload but received an object of type [com.accounting.dto.DashboardDTO]
	at org.springframework.core.serializer.support.SerializingConverter.convert(SerializingConverter.java:64)
	at org.springframework.core.serializer.support.SerializingConverter.convert(SerializingConverter.java:33)
	at org.springframework.data.redis.serializer.JdkSerializationRedisSerializer.serialize(JdkSerializationRedisSerializer.java:94)
	... 68 common frames omitted
Caused by: java.lang.IllegalArgumentException: DefaultSerializer requires a Serializable payload but received an object of type [com.accounting.dto.DashboardDTO]
	at org.springframework.core.serializer.DefaultSerializer.serialize(DefaultSerializer.java:43)
	at org.springframework.core.serializer.Serializer.serializeToByteArray(Serializer.java:56)
	at org.springframework.core.serializer.support.SerializingConverter.convert(SerializingConverter.java:60)
	... 70 common frames omitted
2026-05-26 14:48:40 [http-nio-8080-exec-10] INFO  c.a.controller.BillController - API: 获取最近30天的账单
2026-05-26 14:48:40 [http-nio-8080-exec-10] INFO  com.accounting.service.BillService - 获取最近30天的账单
2026-05-26 14:48:40 [http-nio-8080-exec-3] INFO  com.accounting.service.BudgetService - 获取当前生效的预算列表
2026-05-26 14:48:40 [http-nio-8080-exec-6] ERROR c.a.exception.GlobalExceptionHandler - 系统异常: 
org.springframework.data.redis.serializer.SerializationException: Cannot serialize; nested exception is org.springframework.core.serializer.support.SerializationFailedException: Failed to serialize object using DefaultSerializer; nested exception is java.io.NotSerializableException: com.accounting.entity.Category
	at org.springframework.data.redis.serializer.JdkSerializationRedisSerializer.serialize(JdkSerializationRedisSerializer.java:96)
	at org.springframework.data.redis.serializer.DefaultRedisElementWriter.write(DefaultRedisElementWriter.java:44)
	at org.springframework.data.redis.serializer.RedisSerializationContext$SerializationPair.write(RedisSerializationContext.java:290)
	at org.springframework.data.redis.cache.RedisCache.serializeCacheValue(RedisCache.java:285)
	at org.springframework.data.redis.cache.RedisCache.put(RedisCache.java:171)
	at org.springframework.cache.interceptor.AbstractCacheInvoker.doPut(AbstractCacheInvoker.java:87)
	at org.springframework.cache.interceptor.CacheAspectSupport$CachePutRequest.apply(CacheAspectSupport.java:837)
	at org.springframework.cache.interceptor.CacheAspectSupport.execute(CacheAspectSupport.java:429)
	at org.springframework.cache.interceptor.CacheAspectSupport.execute(CacheAspectSupport.java:345)
	at org.springframework.cache.interceptor.CacheInterceptor.invoke(CacheInterceptor.java:64)
	at org.springframework.aop.framework.ReflectiveMethodInvocation.proceed(ReflectiveMethodInvocation.java:186)
	at org.springframework.aop.framework.CglibAopProxy$CglibMethodInvocation.proceed(CglibAopProxy.java:762)
	at org.springframework.aop.framework.CglibAopProxy$DynamicAdvisedInterceptor.intercept(CglibAopProxy.java:707)
	at com.accounting.service.CategoryService$$EnhancerBySpringCGLIB$$db4fd3a0.getCategoriesByType(<generated>)
	at com.accounting.controller.CategoryController.getCategoriesByType(CategoryController.java:38)
	at java.base/jdk.internal.reflect.NativeMethodAccessorImpl.invoke0(Native Method)
	at java.base/jdk.internal.reflect.NativeMethodAccessorImpl.invoke(NativeMethodAccessorImpl.java:62)
	at java.base/jdk.internal.reflect.DelegatingMethodAccessorImpl.invoke(DelegatingMethodAccessorImpl.java:43)
	at java.base/java.lang.reflect.Method.invoke(Method.java:566)
	at org.springframework.web.method.support.InvocableHandlerMethod.doInvoke(InvocableHandlerMethod.java:205)
	at org.springframework.web.method.support.InvocableHandlerMethod.invokeForRequest(InvocableHandlerMethod.java:150)
	at org.springframework.web.servlet.mvc.method.annotation.ServletInvocableHandlerMethod.invokeAndHandle(ServletInvocableHandlerMethod.java:117)
	at org.springframework.web.servlet.mvc.method.annotation.RequestMappingHandlerAdapter.invokeHandlerMethod(RequestMappingHandlerAdapter.java:895)
	at org.springframework.web.servlet.mvc.method.annotation.RequestMappingHandlerAdapter.handleInternal(RequestMappingHandlerAdapter.java:808)
	at org.springframework.web.servlet.mvc.method.AbstractHandlerMethodAdapter.handle(AbstractHandlerMethodAdapter.java:87)
	at org.springframework.web.servlet.DispatcherServlet.doDispatch(DispatcherServlet.java:1072)
	at org.springframework.web.servlet.DispatcherServlet.doService(DispatcherServlet.java:965)
	at org.springframework.web.servlet.FrameworkServlet.processRequest(FrameworkServlet.java:1006)
	at org.springframework.web.servlet.FrameworkServlet.doGet(FrameworkServlet.java:898)
	at javax.servlet.http.HttpServlet.service(HttpServlet.java:529)
	at org.springframework.web.servlet.FrameworkServlet.service(FrameworkServlet.java:883)
	at javax.servlet.http.HttpServlet.service(HttpServlet.java:623)
	at org.apache.catalina.core.ApplicationFilterChain.internalDoFilter(ApplicationFilterChain.java:209)
	at org.apache.catalina.core.ApplicationFilterChain.doFilter(ApplicationFilterChain.java:153)
	at org.apache.tomcat.websocket.server.WsFilter.doFilter(WsFilter.java:51)
	at org.apache.catalina.core.ApplicationFilterChain.internalDoFilter(ApplicationFilterChain.java:178)
	at org.apache.catalina.core.ApplicationFilterChain.doFilter(ApplicationFilterChain.java:153)
	at org.springframework.web.filter.CorsFilter.doFilterInternal(CorsFilter.java:91)
	at org.springframework.web.filter.OncePerRequestFilter.doFilter(OncePerRequestFilter.java:117)
	at org.apache.catalina.core.ApplicationFilterChain.internalDoFilter(ApplicationFilterChain.java:178)
	at org.apache.catalina.core.ApplicationFilterChain.doFilter(ApplicationFilterChain.java:153)
	at org.springframework.web.filter.RequestContextFilter.doFilterInternal(RequestContextFilter.java:100)
	at org.springframework.web.filter.OncePerRequestFilter.doFilter(OncePerRequestFilter.java:117)
	at org.apache.catalina.core.ApplicationFilterChain.internalDoFilter(ApplicationFilterChain.java:178)
	at org.apache.catalina.core.ApplicationFilterChain.doFilter(ApplicationFilterChain.java:153)
	at org.springframework.web.filter.FormContentFilter.doFilterInternal(FormContentFilter.java:93)
	at org.springframework.web.filter.OncePerRequestFilter.doFilter(OncePerRequestFilter.java:117)
	at org.apache.catalina.core.ApplicationFilterChain.internalDoFilter(ApplicationFilterChain.java:178)
	at org.apache.catalina.core.ApplicationFilterChain.doFilter(ApplicationFilterChain.java:153)
	at org.springframework.web.filter.CharacterEncodingFilter.doFilterInternal(CharacterEncodingFilter.java:201)
	at org.springframework.web.filter.OncePerRequestFilter.doFilter(OncePerRequestFilter.java:117)
	at org.apache.catalina.core.ApplicationFilterChain.internalDoFilter(ApplicationFilterChain.java:178)
	at org.apache.catalina.core.ApplicationFilterChain.doFilter(ApplicationFilterChain.java:153)
	at org.apache.catalina.core.StandardWrapperValve.invoke(StandardWrapperValve.java:168)
	at org.apache.catalina.core.StandardContextValve.invoke(StandardContextValve.java:90)
	at org.apache.catalina.authenticator.AuthenticatorBase.invoke(AuthenticatorBase.java:481)
	at org.apache.catalina.core.StandardHostValve.invoke(StandardHostValve.java:130)
	at org.apache.catalina.valves.ErrorReportValve.invoke(ErrorReportValve.java:93)
	at org.apache.catalina.core.StandardEngineValve.invoke(StandardEngineValve.java:74)
	at org.apache.catalina.connector.CoyoteAdapter.service(CoyoteAdapter.java:342)
	at org.apache.coyote.http11.Http11Processor.service(Http11Processor.java:390)
	at org.apache.coyote.AbstractProcessorLight.process(AbstractProcessorLight.java:63)
	at org.apache.coyote.AbstractProtocol$ConnectionHandler.process(AbstractProtocol.java:928)
	at org.apache.tomcat.util.net.NioEndpoint$SocketProcessor.doRun(NioEndpoint.java:1794)
	at org.apache.tomcat.util.net.SocketProcessorBase.run(SocketProcessorBase.java:52)
	at org.apache.tomcat.util.threads.ThreadPoolExecutor.runWorker(ThreadPoolExecutor.java:1191)
	at org.apache.tomcat.util.threads.ThreadPoolExecutor$Worker.run(ThreadPoolExecutor.java:659)
	at org.apache.tomcat.util.threads.TaskThread$WrappingRunnable.run(TaskThread.java:61)
	at java.base/java.lang.Thread.run(Thread.java:834)
Caused by: org.springframework.core.serializer.support.SerializationFailedException: Failed to serialize object using DefaultSerializer; nested exception is java.io.NotSerializableException: com.accounting.entity.Category
	at org.springframework.core.serializer.support.SerializingConverter.convert(SerializingConverter.java:64)
	at org.springframework.core.serializer.support.SerializingConverter.convert(SerializingConverter.java:33)
	at org.springframework.data.redis.serializer.JdkSerializationRedisSerializer.serialize(JdkSerializationRedisSerializer.java:94)
	... 68 common frames omitted
Caused by: java.io.NotSerializableException: com.accounting.entity.Category
	at java.base/java.io.ObjectOutputStream.writeObject0(ObjectOutputStream.java:1185)
	at java.base/java.io.ObjectOutputStream.writeObject(ObjectOutputStream.java:349)
	at java.base/java.util.ArrayList.writeObject(ArrayList.java:896)
	at java.base/jdk.internal.reflect.NativeMethodAccessorImpl.invoke0(Native Method)
	at java.base/jdk.internal.reflect.NativeMethodAccessorImpl.invoke(NativeMethodAccessorImpl.java:62)
	at java.base/jdk.internal.reflect.DelegatingMethodAccessorImpl.invoke(DelegatingMethodAccessorImpl.java:43)
	at java.base/java.lang.reflect.Method.invoke(Method.java:566)
	at java.base/java.io.ObjectStreamClass.invokeWriteObject(ObjectStreamClass.java:1130)
	at java.base/java.io.ObjectOutputStream.writeSerialData(ObjectOutputStream.java:1497)
	at java.base/java.io.ObjectOutputStream.writeOrdinaryObject(ObjectOutputStream.java:1433)
	at java.base/java.io.ObjectOutputStream.writeObject0(ObjectOutputStream.java:1179)
	at java.base/java.io.ObjectOutputStream.writeObject(ObjectOutputStream.java:349)
	at org.springframework.core.serializer.DefaultSerializer.serialize(DefaultSerializer.java:46)
	at org.springframework.core.serializer.Serializer.serializeToByteArray(Serializer.java:56)
	at org.springframework.core.serializer.support.SerializingConverter.convert(SerializingConverter.java:60)
	... 70 common frames omitted
2026-05-26 14:48:40 [http-nio-8080-exec-10] DEBUG com.accounting.service.BillService - 从Redis缓存获取最近30天账单
2026-05-26 14:48:40 [http-nio-8080-exec-3] INFO  com.accounting.service.BudgetService - 计算预算使用情况: 1
2026-05-26 14:48:40 [http-nio-8080-exec-3] INFO  com.accounting.service.BudgetService - 根据ID获取预算: 1
2026-05-26 14:48:40 [http-nio-8080-exec-3] INFO  com.accounting.service.BudgetService - 计算预算使用情况: 1
2026-05-26 14:48:40 [http-nio-8080-exec-3] INFO  com.accounting.service.BudgetService - 根据ID获取预算: 1
2026-05-26 14:48:40 [http-nio-8080-exec-3] INFO  c.a.service.DashboardService - 检查异常消费: 月均支出=0.00
2026-05-26 14:48:40 [http-nio-8080-exec-3] ERROR c.a.exception.GlobalExceptionHandler - 系统异常: 
org.springframework.data.redis.serializer.SerializationException: Cannot serialize; nested exception is org.springframework.core.serializer.support.SerializationFailedException: Failed to serialize object using DefaultSerializer; nested exception is java.lang.IllegalArgumentException: DefaultSerializer requires a Serializable payload but received an object of type [com.accounting.dto.DashboardDTO]
	at org.springframework.data.redis.serializer.JdkSerializationRedisSerializer.serialize(JdkSerializationRedisSerializer.java:96)
	at org.springframework.data.redis.serializer.DefaultRedisElementWriter.write(DefaultRedisElementWriter.java:44)
	at org.springframework.data.redis.serializer.RedisSerializationContext$SerializationPair.write(RedisSerializationContext.java:290)
	at org.springframework.data.redis.cache.RedisCache.serializeCacheValue(RedisCache.java:285)
	at org.springframework.data.redis.cache.RedisCache.put(RedisCache.java:171)
	at org.springframework.cache.interceptor.AbstractCacheInvoker.doPut(AbstractCacheInvoker.java:87)
	at org.springframework.cache.interceptor.CacheAspectSupport$CachePutRequest.apply(CacheAspectSupport.java:837)
	at org.springframework.cache.interceptor.CacheAspectSupport.execute(CacheAspectSupport.java:429)
	at org.springframework.cache.interceptor.CacheAspectSupport.execute(CacheAspectSupport.java:345)
	at org.springframework.cache.interceptor.CacheInterceptor.invoke(CacheInterceptor.java:64)
	at org.springframework.aop.framework.ReflectiveMethodInvocation.proceed(ReflectiveMethodInvocation.java:186)
	at org.springframework.aop.framework.CglibAopProxy$CglibMethodInvocation.proceed(CglibAopProxy.java:762)
	at org.springframework.aop.framework.CglibAopProxy$DynamicAdvisedInterceptor.intercept(CglibAopProxy.java:707)
	at com.accounting.service.DashboardService$$EnhancerBySpringCGLIB$$2ba4a0c.getDashboardData(<generated>)
	at com.accounting.controller.DashboardController.getDashboardData(DashboardController.java:27)
	at java.base/jdk.internal.reflect.NativeMethodAccessorImpl.invoke0(Native Method)
	at java.base/jdk.internal.reflect.NativeMethodAccessorImpl.invoke(NativeMethodAccessorImpl.java:62)
	at java.base/jdk.internal.reflect.DelegatingMethodAccessorImpl.invoke(DelegatingMethodAccessorImpl.java:43)
	at java.base/java.lang.reflect.Method.invoke(Method.java:566)
	at org.springframework.web.method.support.InvocableHandlerMethod.doInvoke(InvocableHandlerMethod.java:205)
	at org.springframework.web.method.support.InvocableHandlerMethod.invokeForRequest(InvocableHandlerMethod.java:150)
	at org.springframework.web.servlet.mvc.method.annotation.ServletInvocableHandlerMethod.invokeAndHandle(ServletInvocableHandlerMethod.java:117)
	at org.springframework.web.servlet.mvc.method.annotation.RequestMappingHandlerAdapter.invokeHandlerMethod(RequestMappingHandlerAdapter.java:895)
	at org.springframework.web.servlet.mvc.method.annotation.RequestMappingHandlerAdapter.handleInternal(RequestMappingHandlerAdapter.java:808)
	at org.springframework.web.servlet.mvc.method.AbstractHandlerMethodAdapter.handle(AbstractHandlerMethodAdapter.java:87)
	at org.springframework.web.servlet.DispatcherServlet.doDispatch(DispatcherServlet.java:1072)
	at org.springframework.web.servlet.DispatcherServlet.doService(DispatcherServlet.java:965)
	at org.springframework.web.servlet.FrameworkServlet.processRequest(FrameworkServlet.java:1006)
	at org.springframework.web.servlet.FrameworkServlet.doGet(FrameworkServlet.java:898)
	at javax.servlet.http.HttpServlet.service(HttpServlet.java:529)
	at org.springframework.web.servlet.FrameworkServlet.service(FrameworkServlet.java:883)
	at javax.servlet.http.HttpServlet.service(HttpServlet.java:623)
	at org.apache.catalina.core.ApplicationFilterChain.internalDoFilter(ApplicationFilterChain.java:209)
	at org.apache.catalina.core.ApplicationFilterChain.doFilter(ApplicationFilterChain.java:153)
	at org.apache.tomcat.websocket.server.WsFilter.doFilter(WsFilter.java:51)
	at org.apache.catalina.core.ApplicationFilterChain.internalDoFilter(ApplicationFilterChain.java:178)
	at org.apache.catalina.core.ApplicationFilterChain.doFilter(ApplicationFilterChain.java:153)
	at org.springframework.web.filter.CorsFilter.doFilterInternal(CorsFilter.java:91)
	at org.springframework.web.filter.OncePerRequestFilter.doFilter(OncePerRequestFilter.java:117)
	at org.apache.catalina.core.ApplicationFilterChain.internalDoFilter(ApplicationFilterChain.java:178)
	at org.apache.catalina.core.ApplicationFilterChain.doFilter(ApplicationFilterChain.java:153)
	at org.springframework.web.filter.RequestContextFilter.doFilterInternal(RequestContextFilter.java:100)
	at org.springframework.web.filter.OncePerRequestFilter.doFilter(OncePerRequestFilter.java:117)
	at org.apache.catalina.core.ApplicationFilterChain.internalDoFilter(ApplicationFilterChain.java:178)
	at org.apache.catalina.core.ApplicationFilterChain.doFilter(ApplicationFilterChain.java:153)
	at org.springframework.web.filter.FormContentFilter.doFilterInternal(FormContentFilter.java:93)
	at org.springframework.web.filter.OncePerRequestFilter.doFilter(OncePerRequestFilter.java:117)
	at org.apache.catalina.core.ApplicationFilterChain.internalDoFilter(ApplicationFilterChain.java:178)
	at org.apache.catalina.core.ApplicationFilterChain.doFilter(ApplicationFilterChain.java:153)
	at org.springframework.web.filter.CharacterEncodingFilter.doFilterInternal(CharacterEncodingFilter.java:201)
	at org.springframework.web.filter.OncePerRequestFilter.doFilter(OncePerRequestFilter.java:117)
	at org.apache.catalina.core.ApplicationFilterChain.internalDoFilter(ApplicationFilterChain.java:178)
	at org.apache.catalina.core.ApplicationFilterChain.doFilter(ApplicationFilterChain.java:153)
	at org.apache.catalina.core.StandardWrapperValve.invoke(StandardWrapperValve.java:168)
	at org.apache.catalina.core.StandardContextValve.invoke(StandardContextValve.java:90)
	at org.apache.catalina.authenticator.AuthenticatorBase.invoke(AuthenticatorBase.java:481)
	at org.apache.catalina.core.StandardHostValve.invoke(StandardHostValve.java:130)
	at org.apache.catalina.valves.ErrorReportValve.invoke(ErrorReportValve.java:93)
	at org.apache.catalina.core.StandardEngineValve.invoke(StandardEngineValve.java:74)
	at org.apache.catalina.connector.CoyoteAdapter.service(CoyoteAdapter.java:342)
	at org.apache.coyote.http11.Http11Processor.service(Http11Processor.java:390)
	at org.apache.coyote.AbstractProcessorLight.process(AbstractProcessorLight.java:63)
	at org.apache.coyote.AbstractProtocol$ConnectionHandler.process(AbstractProtocol.java:928)
	at org.apache.tomcat.util.net.NioEndpoint$SocketProcessor.doRun(NioEndpoint.java:1794)
	at org.apache.tomcat.util.net.SocketProcessorBase.run(SocketProcessorBase.java:52)
	at org.apache.tomcat.util.threads.ThreadPoolExecutor.runWorker(ThreadPoolExecutor.java:1191)
	at org.apache.tomcat.util.threads.ThreadPoolExecutor$Worker.run(ThreadPoolExecutor.java:659)
	at org.apache.tomcat.util.threads.TaskThread$WrappingRunnable.run(TaskThread.java:61)
	at java.base/java.lang.Thread.run(Thread.java:834)
Caused by: org.springframework.core.serializer.support.SerializationFailedException: Failed to serialize object using DefaultSerializer; nested exception is java.lang.IllegalArgumentException: DefaultSerializer requires a Serializable payload but received an object of type [com.accounting.dto.DashboardDTO]
	at org.springframework.core.serializer.support.SerializingConverter.convert(SerializingConverter.java:64)
	at org.springframework.core.serializer.support.SerializingConverter.convert(SerializingConverter.java:33)
	at org.springframework.data.redis.serializer.JdkSerializationRedisSerializer.serialize(JdkSerializationRedisSerializer.java:94)
	... 68 common frames omitted
Caused by: java.lang.IllegalArgumentException: DefaultSerializer requires a Serializable payload but received an object of type [com.accounting.dto.DashboardDTO]
	at org.springframework.core.serializer.DefaultSerializer.serialize(DefaultSerializer.java:43)
	at org.springframework.core.serializer.Serializer.serializeToByteArray(Serializer.java:56)
	at org.springframework.core.serializer.support.SerializingConverter.convert(SerializingConverter.java:60)
	... 70 common frames omitted
2026-05-26 14:49:16 [main] INFO  com.accounting.AccountingApplication - Starting AccountingApplication using Java 11 on MSI with PID 12432 (D:\Aijava\javaproject\260509\solocodeJava\v70\appsysjava70\backend\target\classes started by 20807 in D:\Aijava\javaproject\260509\solocodeJava\v70\appsysjava70\backend)
2026-05-26 14:49:16 [main] DEBUG com.accounting.AccountingApplication - Running with Spring Boot v2.7.18, Spring v5.3.31
2026-05-26 14:49:16 [main] INFO  com.accounting.AccountingApplication - No active profile set, falling back to 1 default profile: "default"
2026-05-26 14:49:17 [main] INFO  o.s.d.r.c.RepositoryConfigurationDelegate - Multiple Spring Data modules found, entering strict repository configuration mode
2026-05-26 14:49:17 [main] INFO  o.s.d.r.c.RepositoryConfigurationDelegate - Bootstrapping Spring Data JPA repositories in DEFAULT mode.
2026-05-26 14:49:17 [main] INFO  o.s.d.r.c.RepositoryConfigurationDelegate - Finished Spring Data repository scanning in 72 ms. Found 5 JPA repository interfaces.
2026-05-26 14:49:17 [main] INFO  o.s.d.r.c.RepositoryConfigurationDelegate - Multiple Spring Data modules found, entering strict repository configuration mode
2026-05-26 14:49:17 [main] INFO  o.s.d.r.c.RepositoryConfigurationDelegate - Bootstrapping Spring Data Redis repositories in DEFAULT mode.
2026-05-26 14:49:17 [main] INFO  o.s.d.r.c.RepositoryConfigurationExtensionSupport - Spring Data Redis - Could not safely identify store assignment for repository candidate interface com.accounting.repository.AccountRepository; If you want this repository to be a Redis repository, consider annotating your entities with one of these annotations: org.springframework.data.redis.core.RedisHash (preferred), or consider extending one of the following types with your repository: org.springframework.data.keyvalue.repository.KeyValueRepository
2026-05-26 14:49:17 [main] INFO  o.s.d.r.c.RepositoryConfigurationExtensionSupport - Spring Data Redis - Could not safely identify store assignment for repository candidate interface com.accounting.repository.BillRepository; If you want this repository to be a Redis repository, consider annotating your entities with one of these annotations: org.springframework.data.redis.core.RedisHash (preferred), or consider extending one of the following types with your repository: org.springframework.data.keyvalue.repository.KeyValueRepository
2026-05-26 14:49:17 [main] INFO  o.s.d.r.c.RepositoryConfigurationExtensionSupport - Spring Data Redis - Could not safely identify store assignment for repository candidate interface com.accounting.repository.BillTemplateRepository; If you want this repository to be a Redis repository, consider annotating your entities with one of these annotations: org.springframework.data.redis.core.RedisHash (preferred), or consider extending one of the following types with your repository: org.springframework.data.keyvalue.repository.KeyValueRepository
2026-05-26 14:49:17 [main] INFO  o.s.d.r.c.RepositoryConfigurationExtensionSupport - Spring Data Redis - Could not safely identify store assignment for repository candidate interface com.accounting.repository.BudgetRepository; If you want this repository to be a Redis repository, consider annotating your entities with one of these annotations: org.springframework.data.redis.core.RedisHash (preferred), or consider extending one of the following types with your repository: org.springframework.data.keyvalue.repository.KeyValueRepository
2026-05-26 14:49:17 [main] INFO  o.s.d.r.c.RepositoryConfigurationExtensionSupport - Spring Data Redis - Could not safely identify store assignment for repository candidate interface com.accounting.repository.CategoryRepository; If you want this repository to be a Redis repository, consider annotating your entities with one of these annotations: org.springframework.data.redis.core.RedisHash (preferred), or consider extending one of the following types with your repository: org.springframework.data.keyvalue.repository.KeyValueRepository
2026-05-26 14:49:17 [main] INFO  o.s.d.r.c.RepositoryConfigurationDelegate - Finished Spring Data repository scanning in 11 ms. Found 0 Redis repository interfaces.
2026-05-26 14:49:17 [main] INFO  o.s.b.w.e.tomcat.TomcatWebServer - Tomcat initialized with port(s): 8080 (http)
2026-05-26 14:49:17 [main] INFO  o.a.catalina.core.StandardService - Starting service [Tomcat]
2026-05-26 14:49:17 [main] INFO  o.a.catalina.core.StandardEngine - Starting Servlet engine: [Apache Tomcat/9.0.83]
2026-05-26 14:49:17 [main] INFO  o.a.c.c.C.[.[localhost].[/api] - Initializing Spring embedded WebApplicationContext
2026-05-26 14:49:17 [main] INFO  o.s.b.w.s.c.ServletWebServerApplicationContext - Root WebApplicationContext: initialization completed in 1399 ms
2026-05-26 14:49:17 [main] INFO  com.zaxxer.hikari.HikariDataSource - HikariPool-1 - Starting...
2026-05-26 14:49:17 [main] INFO  com.zaxxer.hikari.HikariDataSource - HikariPool-1 - Start completed.
2026-05-26 14:49:17 [main] INFO  o.s.b.a.h.H2ConsoleAutoConfiguration - H2 console available at '/h2-console'. Database available at 'jdbc:h2:mem:accountingdb'
2026-05-26 14:49:18 [main] INFO  o.h.jpa.internal.util.LogHelper - HHH000204: Processing PersistenceUnitInfo [name: default]
2026-05-26 14:49:18 [main] INFO  org.hibernate.Version - HHH000412: Hibernate ORM core version 5.6.15.Final
2026-05-26 14:49:18 [main] INFO  o.h.annotations.common.Version - HCANN000001: Hibernate Commons Annotations {5.1.2.Final}
2026-05-26 14:49:18 [main] INFO  org.hibernate.dialect.Dialect - HHH000400: Using dialect: org.hibernate.dialect.H2Dialect
2026-05-26 14:49:18 [main] INFO  o.h.e.t.j.p.i.JtaPlatformInitiator - HHH000490: Using JtaPlatform implementation: [org.hibernate.engine.transaction.jta.platform.internal.NoJtaPlatform]
2026-05-26 14:49:18 [main] INFO  o.s.o.j.LocalContainerEntityManagerFactoryBean - Initialized JPA EntityManagerFactory for persistence unit 'default'
2026-05-26 14:49:19 [main] INFO  com.accounting.config.RedisConfig - Redis连接成功
2026-05-26 14:49:20 [main] WARN  o.s.b.a.o.j.JpaBaseConfiguration$JpaWebConfiguration - spring.jpa.open-in-view is enabled by default. Therefore, database queries may be performed during view rendering. Explicitly configure spring.jpa.open-in-view to disable this warning
2026-05-26 14:49:20 [main] INFO  o.s.b.w.e.tomcat.TomcatWebServer - Tomcat started on port(s): 8080 (http) with context path '/api'
2026-05-26 14:49:20 [main] INFO  com.accounting.AccountingApplication - Started AccountingApplication in 5.066 seconds (JVM running for 6.285)
2026-05-26 14:49:20 [main] INFO  c.accounting.config.DataInitializer - 初始化分类数据...
2026-05-26 14:49:20 [main] INFO  c.accounting.config.DataInitializer - 分类数据初始化完成，共13条
2026-05-26 14:49:20 [main] INFO  c.accounting.config.DataInitializer - 初始化账户数据...
2026-05-26 14:49:20 [main] INFO  c.accounting.config.DataInitializer - 账户数据初始化完成，共4条
2026-05-26 14:49:20 [main] INFO  c.accounting.config.DataInitializer - 初始化预算数据...
2026-05-26 14:49:20 [main] INFO  c.accounting.config.DataInitializer - 预算数据初始化完成
2026-05-26 14:49:26 [http-nio-8080-exec-1] INFO  o.a.c.c.C.[.[localhost].[/api] - Initializing Spring DispatcherServlet 'dispatcherServlet'
2026-05-26 14:49:26 [http-nio-8080-exec-1] INFO  o.s.web.servlet.DispatcherServlet - Initializing Servlet 'dispatcherServlet'
2026-05-26 14:49:26 [http-nio-8080-exec-1] INFO  o.s.web.servlet.DispatcherServlet - Completed initialization in 1 ms
2026-05-26 14:49:26 [http-nio-8080-exec-1] INFO  c.a.controller.DashboardController - API: 获取看板数据
2026-05-26 14:49:26 [http-nio-8080-exec-7] INFO  c.a.controller.CategoryController - API: 按类型获取分类: EXPENSE
2026-05-26 14:49:26 [http-nio-8080-exec-2] INFO  c.a.controller.BillController - API: 获取最近30天的账单
2026-05-26 14:49:26 [http-nio-8080-exec-2] INFO  com.accounting.service.BillService - 获取最近30天的账单
2026-05-26 14:49:26 [http-nio-8080-exec-1] INFO  c.a.service.DashboardService - 获取看板数据
2026-05-26 14:49:26 [http-nio-8080-exec-7] INFO  c.accounting.service.CategoryService - 获取支出分类列表
2026-05-26 14:49:26 [http-nio-8080-exec-7] WARN  com.accounting.config.RedisConfig - 缓存写入失败，跳过缓存: cache=categories, key=EXPENSE, error=Cannot serialize; nested exception is org.springframework.core.serializer.support.SerializationFailedException: Failed to serialize object using DefaultSerializer; nested exception is java.io.NotSerializableException: com.accounting.entity.Category
2026-05-26 14:49:26 [http-nio-8080-exec-1] INFO  com.accounting.service.BudgetService - 获取当前生效的预算列表
2026-05-26 14:49:26 [http-nio-8080-exec-1] INFO  com.accounting.service.BudgetService - 计算预算使用情况: 1
2026-05-26 14:49:26 [http-nio-8080-exec-1] INFO  com.accounting.service.BudgetService - 根据ID获取预算: 1
2026-05-26 14:49:26 [http-nio-8080-exec-2] DEBUG com.accounting.service.BillService - 从Redis缓存获取最近30天账单
2026-05-26 14:49:26 [http-nio-8080-exec-1] INFO  com.accounting.service.BudgetService - 计算预算使用情况: 1
2026-05-26 14:49:26 [http-nio-8080-exec-1] INFO  com.accounting.service.BudgetService - 根据ID获取预算: 1
2026-05-26 14:49:26 [http-nio-8080-exec-1] INFO  c.a.service.DashboardService - 检查异常消费: 月均支出=0.00
2026-05-26 14:49:26 [http-nio-8080-exec-1] WARN  com.accounting.config.RedisConfig - 缓存写入失败，跳过缓存: cache=dashboard, key=data, error=Cannot serialize; nested exception is org.springframework.core.serializer.support.SerializationFailedException: Failed to serialize object using DefaultSerializer; nested exception is java.lang.IllegalArgumentException: DefaultSerializer requires a Serializable payload but received an object of type [com.accounting.dto.DashboardDTO]
2026-05-26 14:49:27 [http-nio-8080-exec-6] INFO  c.a.controller.AccountController - API: 获取全部账户
2026-05-26 14:49:27 [http-nio-8080-exec-3] INFO  c.a.controller.CategoryController - API: 获取全部分类
2026-05-26 14:49:27 [http-nio-8080-exec-3] INFO  c.accounting.service.CategoryService - 获取全部分类列表
2026-05-26 14:49:27 [http-nio-8080-exec-6] INFO  c.accounting.service.AccountService - 获取全部账户列表
2026-05-26 14:49:27 [http-nio-8080-exec-3] WARN  com.accounting.config.RedisConfig - 缓存写入失败，跳过缓存: cache=categories, key=all, error=Cannot serialize; nested exception is org.springframework.core.serializer.support.SerializationFailedException: Failed to serialize object using DefaultSerializer; nested exception is java.io.NotSerializableException: com.accounting.entity.Category
2026-05-26 14:49:27 [http-nio-8080-exec-6] WARN  com.accounting.config.RedisConfig - 缓存写入失败，跳过缓存: cache=accounts, key=all, error=Cannot serialize; nested exception is org.springframework.core.serializer.support.SerializationFailedException: Failed to serialize object using DefaultSerializer; nested exception is java.io.NotSerializableException: com.accounting.entity.Account
2026-05-26 14:49:27 [http-nio-8080-exec-2] INFO  c.a.controller.DashboardController - API: 获取看板数据
2026-05-26 14:49:27 [http-nio-8080-exec-2] INFO  c.a.service.DashboardService - 获取看板数据
2026-05-26 14:49:27 [http-nio-8080-exec-1] INFO  c.a.controller.DashboardController - API: 获取看板数据
2026-05-26 14:49:27 [http-nio-8080-exec-5] INFO  c.a.controller.BillController - API: 获取最近30天的账单
2026-05-26 14:49:27 [http-nio-8080-exec-5] INFO  com.accounting.service.BillService - 获取最近30天的账单
2026-05-26 14:49:27 [http-nio-8080-exec-1] INFO  c.a.service.DashboardService - 获取看板数据
2026-05-26 14:49:27 [http-nio-8080-exec-5] DEBUG com.accounting.service.BillService - 从Redis缓存获取最近30天账单
2026-05-26 14:49:27 [http-nio-8080-exec-4] INFO  c.a.controller.CategoryController - API: 按类型获取分类: EXPENSE
2026-05-26 14:49:27 [http-nio-8080-exec-6] INFO  c.a.controller.CategoryController - API: 按类型获取分类: EXPENSE
2026-05-26 14:49:27 [http-nio-8080-exec-4] INFO  c.accounting.service.CategoryService - 获取支出分类列表
2026-05-26 14:49:27 [http-nio-8080-exec-6] INFO  c.accounting.service.CategoryService - 获取支出分类列表
2026-05-26 14:49:27 [http-nio-8080-exec-9] INFO  c.a.controller.BillController - API: 获取最近30天的账单
2026-05-26 14:49:27 [http-nio-8080-exec-9] INFO  com.accounting.service.BillService - 获取最近30天的账单
2026-05-26 14:49:27 [http-nio-8080-exec-2] INFO  com.accounting.service.BudgetService - 获取当前生效的预算列表
2026-05-26 14:49:27 [http-nio-8080-exec-2] INFO  com.accounting.service.BudgetService - 计算预算使用情况: 1
2026-05-26 14:49:27 [http-nio-8080-exec-2] INFO  com.accounting.service.BudgetService - 根据ID获取预算: 1
2026-05-26 14:49:27 [http-nio-8080-exec-9] DEBUG com.accounting.service.BillService - 从Redis缓存获取最近30天账单
2026-05-26 14:49:27 [http-nio-8080-exec-2] INFO  com.accounting.service.BudgetService - 计算预算使用情况: 1
2026-05-26 14:49:27 [http-nio-8080-exec-2] INFO  com.accounting.service.BudgetService - 根据ID获取预算: 1
2026-05-26 14:49:27 [http-nio-8080-exec-6] WARN  com.accounting.config.RedisConfig - 缓存写入失败，跳过缓存: cache=categories, key=EXPENSE, error=Cannot serialize; nested exception is org.springframework.core.serializer.support.SerializationFailedException: Failed to serialize object using DefaultSerializer; nested exception is java.io.NotSerializableException: com.accounting.entity.Category
2026-05-26 14:49:27 [http-nio-8080-exec-4] WARN  com.accounting.config.RedisConfig - 缓存写入失败，跳过缓存: cache=categories, key=EXPENSE, error=Cannot serialize; nested exception is org.springframework.core.serializer.support.SerializationFailedException: Failed to serialize object using DefaultSerializer; nested exception is java.io.NotSerializableException: com.accounting.entity.Category
2026-05-26 14:49:27 [http-nio-8080-exec-1] INFO  com.accounting.service.BudgetService - 获取当前生效的预算列表
2026-05-26 14:49:27 [http-nio-8080-exec-2] INFO  c.a.service.DashboardService - 检查异常消费: 月均支出=0.00
2026-05-26 14:49:27 [http-nio-8080-exec-2] WARN  com.accounting.config.RedisConfig - 缓存写入失败，跳过缓存: cache=dashboard, key=data, error=Cannot serialize; nested exception is org.springframework.core.serializer.support.SerializationFailedException: Failed to serialize object using DefaultSerializer; nested exception is java.lang.IllegalArgumentException: DefaultSerializer requires a Serializable payload but received an object of type [com.accounting.dto.DashboardDTO]
2026-05-26 14:49:27 [http-nio-8080-exec-1] INFO  com.accounting.service.BudgetService - 计算预算使用情况: 1
2026-05-26 14:49:27 [http-nio-8080-exec-1] INFO  com.accounting.service.BudgetService - 根据ID获取预算: 1
2026-05-26 14:49:27 [http-nio-8080-exec-1] INFO  com.accounting.service.BudgetService - 计算预算使用情况: 1
2026-05-26 14:49:27 [http-nio-8080-exec-1] INFO  com.accounting.service.BudgetService - 根据ID获取预算: 1
2026-05-26 14:49:27 [http-nio-8080-exec-1] INFO  c.a.service.DashboardService - 检查异常消费: 月均支出=0.00
2026-05-26 14:49:27 [http-nio-8080-exec-1] WARN  com.accounting.config.RedisConfig - 缓存写入失败，跳过缓存: cache=dashboard, key=data, error=Cannot serialize; nested exception is org.springframework.core.serializer.support.SerializationFailedException: Failed to serialize object using DefaultSerializer; nested exception is java.lang.IllegalArgumentException: DefaultSerializer requires a Serializable payload but received an object of type [com.accounting.dto.DashboardDTO]
2026-05-26 14:49:30 [http-nio-8080-exec-3] INFO  c.a.controller.AccountController - API: 获取全部账户
2026-05-26 14:49:30 [http-nio-8080-exec-10] INFO  c.a.controller.CategoryController - API: 获取全部分类
2026-05-26 14:49:30 [http-nio-8080-exec-3] INFO  c.accounting.service.AccountService - 获取全部账户列表
2026-05-26 14:49:30 [http-nio-8080-exec-10] INFO  c.accounting.service.CategoryService - 获取全部分类列表
2026-05-26 14:49:30 [http-nio-8080-exec-3] WARN  com.accounting.config.RedisConfig - 缓存写入失败，跳过缓存: cache=accounts, key=all, error=Cannot serialize; nested exception is org.springframework.core.serializer.support.SerializationFailedException: Failed to serialize object using DefaultSerializer; nested exception is java.io.NotSerializableException: com.accounting.entity.Account
2026-05-26 14:49:30 [http-nio-8080-exec-10] WARN  com.accounting.config.RedisConfig - 缓存写入失败，跳过缓存: cache=categories, key=all, error=Cannot serialize; nested exception is org.springframework.core.serializer.support.SerializationFailedException: Failed to serialize object using DefaultSerializer; nested exception is java.io.NotSerializableException: com.accounting.entity.Category
2026-05-26 14:49:30 [http-nio-8080-exec-7] INFO  c.a.controller.BillController - API: 获取最近30天的账单
2026-05-26 14:49:30 [http-nio-8080-exec-8] INFO  c.a.controller.DashboardController - API: 获取看板数据
2026-05-26 14:49:30 [http-nio-8080-exec-7] INFO  com.accounting.service.BillService - 获取最近30天的账单
2026-05-26 14:49:30 [http-nio-8080-exec-5] INFO  c.a.controller.CategoryController - API: 按类型获取分类: EXPENSE
2026-05-26 14:49:30 [http-nio-8080-exec-8] INFO  c.a.service.DashboardService - 获取看板数据
2026-05-26 14:49:30 [http-nio-8080-exec-5] INFO  c.accounting.service.CategoryService - 获取支出分类列表
2026-05-26 14:49:30 [http-nio-8080-exec-7] DEBUG com.accounting.service.BillService - 从Redis缓存获取最近30天账单
2026-05-26 14:49:30 [http-nio-8080-exec-5] WARN  com.accounting.config.RedisConfig - 缓存写入失败，跳过缓存: cache=categories, key=EXPENSE, error=Cannot serialize; nested exception is org.springframework.core.serializer.support.SerializationFailedException: Failed to serialize object using DefaultSerializer; nested exception is java.io.NotSerializableException: com.accounting.entity.Category
2026-05-26 14:49:30 [http-nio-8080-exec-9] INFO  c.a.controller.BillController - API: 获取最近30天的账单
2026-05-26 14:49:30 [http-nio-8080-exec-8] INFO  com.accounting.service.BudgetService - 获取当前生效的预算列表
2026-05-26 14:49:30 [http-nio-8080-exec-9] INFO  com.accounting.service.BillService - 获取最近30天的账单
2026-05-26 14:49:30 [http-nio-8080-exec-9] DEBUG com.accounting.service.BillService - 从Redis缓存获取最近30天账单
2026-05-26 14:49:30 [http-nio-8080-exec-8] INFO  com.accounting.service.BudgetService - 计算预算使用情况: 1
2026-05-26 14:49:30 [http-nio-8080-exec-8] INFO  com.accounting.service.BudgetService - 根据ID获取预算: 1
2026-05-26 14:49:30 [http-nio-8080-exec-8] INFO  com.accounting.service.BudgetService - 计算预算使用情况: 1
2026-05-26 14:49:30 [http-nio-8080-exec-8] INFO  com.accounting.service.BudgetService - 根据ID获取预算: 1
2026-05-26 14:49:30 [http-nio-8080-exec-6] INFO  c.a.controller.CategoryController - API: 按类型获取分类: EXPENSE
2026-05-26 14:49:30 [http-nio-8080-exec-6] INFO  c.accounting.service.CategoryService - 获取支出分类列表
2026-05-26 14:49:30 [http-nio-8080-exec-8] INFO  c.a.service.DashboardService - 检查异常消费: 月均支出=0.00
2026-05-26 14:49:30 [http-nio-8080-exec-8] WARN  com.accounting.config.RedisConfig - 缓存写入失败，跳过缓存: cache=dashboard, key=data, error=Cannot serialize; nested exception is org.springframework.core.serializer.support.SerializationFailedException: Failed to serialize object using DefaultSerializer; nested exception is java.lang.IllegalArgumentException: DefaultSerializer requires a Serializable payload but received an object of type [com.accounting.dto.DashboardDTO]
2026-05-26 14:49:30 [http-nio-8080-exec-6] WARN  com.accounting.config.RedisConfig - 缓存写入失败，跳过缓存: cache=categories, key=EXPENSE, error=Cannot serialize; nested exception is org.springframework.core.serializer.support.SerializationFailedException: Failed to serialize object using DefaultSerializer; nested exception is java.io.NotSerializableException: com.accounting.entity.Category
2026-05-26 14:49:30 [http-nio-8080-exec-2] INFO  c.a.controller.DashboardController - API: 获取看板数据
2026-05-26 14:49:30 [http-nio-8080-exec-2] INFO  c.a.service.DashboardService - 获取看板数据
2026-05-26 14:49:30 [http-nio-8080-exec-2] INFO  com.accounting.service.BudgetService - 获取当前生效的预算列表
2026-05-26 14:49:30 [http-nio-8080-exec-2] INFO  com.accounting.service.BudgetService - 计算预算使用情况: 1
2026-05-26 14:49:30 [http-nio-8080-exec-2] INFO  com.accounting.service.BudgetService - 根据ID获取预算: 1
2026-05-26 14:49:30 [http-nio-8080-exec-2] INFO  com.accounting.service.BudgetService - 计算预算使用情况: 1
2026-05-26 14:49:30 [http-nio-8080-exec-2] INFO  com.accounting.service.BudgetService - 根据ID获取预算: 1
2026-05-26 14:49:30 [http-nio-8080-exec-2] INFO  c.a.service.DashboardService - 检查异常消费: 月均支出=0.00
2026-05-26 14:49:30 [http-nio-8080-exec-2] WARN  com.accounting.config.RedisConfig - 缓存写入失败，跳过缓存: cache=dashboard, key=data, error=Cannot serialize; nested exception is org.springframework.core.serializer.support.SerializationFailedException: Failed to serialize object using DefaultSerializer; nested exception is java.lang.IllegalArgumentException: DefaultSerializer requires a Serializable payload but received an object of type [com.accounting.dto.DashboardDTO]
2026-05-26 14:49:31 [http-nio-8080-exec-4] INFO  c.a.controller.CategoryController - API: 获取全部分类
2026-05-26 14:49:31 [http-nio-8080-exec-1] INFO  c.a.controller.AccountController - API: 获取全部账户
2026-05-26 14:49:31 [http-nio-8080-exec-1] INFO  c.accounting.service.AccountService - 获取全部账户列表
2026-05-26 14:49:31 [http-nio-8080-exec-4] INFO  c.accounting.service.CategoryService - 获取全部分类列表
2026-05-26 14:49:31 [http-nio-8080-exec-4] WARN  com.accounting.config.RedisConfig - 缓存写入失败，跳过缓存: cache=categories, key=all, error=Cannot serialize; nested exception is org.springframework.core.serializer.support.SerializationFailedException: Failed to serialize object using DefaultSerializer; nested exception is java.io.NotSerializableException: com.accounting.entity.Category
2026-05-26 14:49:31 [http-nio-8080-exec-1] WARN  com.accounting.config.RedisConfig - 缓存写入失败，跳过缓存: cache=accounts, key=all, error=Cannot serialize; nested exception is org.springframework.core.serializer.support.SerializationFailedException: Failed to serialize object using DefaultSerializer; nested exception is java.io.NotSerializableException: com.accounting.entity.Account
2026-05-26 14:49:31 [http-nio-8080-exec-3] INFO  c.a.controller.DashboardController - API: 获取看板数据
2026-05-26 14:49:31 [http-nio-8080-exec-10] INFO  c.a.controller.BillController - API: 获取最近30天的账单
2026-05-26 14:49:31 [http-nio-8080-exec-10] INFO  com.accounting.service.BillService - 获取最近30天的账单
2026-05-26 14:49:31 [http-nio-8080-exec-7] INFO  c.a.controller.CategoryController - API: 按类型获取分类: EXPENSE
2026-05-26 14:49:31 [http-nio-8080-exec-3] INFO  c.a.service.DashboardService - 获取看板数据
2026-05-26 14:49:31 [http-nio-8080-exec-10] DEBUG com.accounting.service.BillService - 从Redis缓存获取最近30天账单
2026-05-26 14:49:31 [http-nio-8080-exec-7] INFO  c.accounting.service.CategoryService - 获取支出分类列表
2026-05-26 14:49:31 [http-nio-8080-exec-7] WARN  com.accounting.config.RedisConfig - 缓存写入失败，跳过缓存: cache=categories, key=EXPENSE, error=Cannot serialize; nested exception is org.springframework.core.serializer.support.SerializationFailedException: Failed to serialize object using DefaultSerializer; nested exception is java.io.NotSerializableException: com.accounting.entity.Category
2026-05-26 14:49:31 [http-nio-8080-exec-5] INFO  c.a.controller.BillController - API: 获取最近30天的账单
2026-05-26 14:49:31 [http-nio-8080-exec-3] INFO  com.accounting.service.BudgetService - 获取当前生效的预算列表
2026-05-26 14:49:31 [http-nio-8080-exec-5] INFO  com.accounting.service.BillService - 获取最近30天的账单
2026-05-26 14:49:31 [http-nio-8080-exec-5] DEBUG com.accounting.service.BillService - 从Redis缓存获取最近30天账单
2026-05-26 14:49:31 [http-nio-8080-exec-3] INFO  com.accounting.service.BudgetService - 计算预算使用情况: 1
2026-05-26 14:49:31 [http-nio-8080-exec-3] INFO  com.accounting.service.BudgetService - 根据ID获取预算: 1
2026-05-26 14:49:31 [http-nio-8080-exec-9] INFO  c.a.controller.CategoryController - API: 按类型获取分类: EXPENSE
2026-05-26 14:49:31 [http-nio-8080-exec-3] INFO  com.accounting.service.BudgetService - 计算预算使用情况: 1
2026-05-26 14:49:31 [http-nio-8080-exec-3] INFO  com.accounting.service.BudgetService - 根据ID获取预算: 1
2026-05-26 14:49:31 [http-nio-8080-exec-9] INFO  c.accounting.service.CategoryService - 获取支出分类列表
2026-05-26 14:49:31 [http-nio-8080-exec-3] INFO  c.a.service.DashboardService - 检查异常消费: 月均支出=0.00
2026-05-26 14:49:31 [http-nio-8080-exec-3] WARN  com.accounting.config.RedisConfig - 缓存写入失败，跳过缓存: cache=dashboard, key=data, error=Cannot serialize; nested exception is org.springframework.core.serializer.support.SerializationFailedException: Failed to serialize object using DefaultSerializer; nested exception is java.lang.IllegalArgumentException: DefaultSerializer requires a Serializable payload but received an object of type [com.accounting.dto.DashboardDTO]
2026-05-26 14:49:31 [http-nio-8080-exec-9] WARN  com.accounting.config.RedisConfig - 缓存写入失败，跳过缓存: cache=categories, key=EXPENSE, error=Cannot serialize; nested exception is org.springframework.core.serializer.support.SerializationFailedException: Failed to serialize object using DefaultSerializer; nested exception is java.io.NotSerializableException: com.accounting.entity.Category
2026-05-26 14:49:31 [http-nio-8080-exec-8] INFO  c.a.controller.DashboardController - API: 获取看板数据
2026-05-26 14:49:31 [http-nio-8080-exec-8] INFO  c.a.service.DashboardService - 获取看板数据
2026-05-26 14:49:31 [http-nio-8080-exec-8] INFO  com.accounting.service.BudgetService - 获取当前生效的预算列表
2026-05-26 14:49:31 [http-nio-8080-exec-8] INFO  com.accounting.service.BudgetService - 计算预算使用情况: 1
2026-05-26 14:49:31 [http-nio-8080-exec-8] INFO  com.accounting.service.BudgetService - 根据ID获取预算: 1
2026-05-26 14:49:31 [http-nio-8080-exec-8] INFO  com.accounting.service.BudgetService - 计算预算使用情况: 1
2026-05-26 14:49:31 [http-nio-8080-exec-8] INFO  com.accounting.service.BudgetService - 根据ID获取预算: 1
2026-05-26 14:49:31 [http-nio-8080-exec-8] INFO  c.a.service.DashboardService - 检查异常消费: 月均支出=0.00
2026-05-26 14:49:31 [http-nio-8080-exec-8] WARN  com.accounting.config.RedisConfig - 缓存写入失败，跳过缓存: cache=dashboard, key=data, error=Cannot serialize; nested exception is org.springframework.core.serializer.support.SerializationFailedException: Failed to serialize object using DefaultSerializer; nested exception is java.lang.IllegalArgumentException: DefaultSerializer requires a Serializable payload but received an object of type [com.accounting.dto.DashboardDTO]
2026-05-26 14:49:31 [http-nio-8080-exec-2] INFO  c.a.controller.AccountController - API: 获取全部账户
2026-05-26 14:49:31 [http-nio-8080-exec-6] INFO  c.a.controller.CategoryController - API: 获取全部分类
2026-05-26 14:49:31 [http-nio-8080-exec-6] INFO  c.accounting.service.CategoryService - 获取全部分类列表
2026-05-26 14:49:31 [http-nio-8080-exec-2] INFO  c.accounting.service.AccountService - 获取全部账户列表
2026-05-26 14:49:31 [http-nio-8080-exec-2] WARN  com.accounting.config.RedisConfig - 缓存写入失败，跳过缓存: cache=accounts, key=all, error=Cannot serialize; nested exception is org.springframework.core.serializer.support.SerializationFailedException: Failed to serialize object using DefaultSerializer; nested exception is java.io.NotSerializableException: com.accounting.entity.Account
2026-05-26 14:49:31 [http-nio-8080-exec-6] WARN  com.accounting.config.RedisConfig - 缓存写入失败，跳过缓存: cache=categories, key=all, error=Cannot serialize; nested exception is org.springframework.core.serializer.support.SerializationFailedException: Failed to serialize object using DefaultSerializer; nested exception is java.io.NotSerializableException: com.accounting.entity.Category
2026-05-26 14:49:31 [http-nio-8080-exec-4] INFO  c.a.controller.BillController - API: 获取最近30天的账单
2026-05-26 14:49:31 [http-nio-8080-exec-4] INFO  com.accounting.service.BillService - 获取最近30天的账单
2026-05-26 14:49:31 [http-nio-8080-exec-1] INFO  c.a.controller.DashboardController - API: 获取看板数据
2026-05-26 14:49:31 [http-nio-8080-exec-4] DEBUG com.accounting.service.BillService - 从Redis缓存获取最近30天账单
2026-05-26 14:49:31 [http-nio-8080-exec-10] INFO  c.a.controller.CategoryController - API: 按类型获取分类: EXPENSE
2026-05-26 14:49:31 [http-nio-8080-exec-10] INFO  c.accounting.service.CategoryService - 获取支出分类列表
2026-05-26 14:49:31 [http-nio-8080-exec-1] INFO  c.a.service.DashboardService - 获取看板数据
2026-05-26 14:49:31 [http-nio-8080-exec-7] INFO  c.a.controller.BillController - API: 获取最近30天的账单
2026-05-26 14:49:31 [http-nio-8080-exec-7] INFO  com.accounting.service.BillService - 获取最近30天的账单
2026-05-26 14:49:31 [http-nio-8080-exec-7] DEBUG com.accounting.service.BillService - 从Redis缓存获取最近30天账单
2026-05-26 14:49:31 [http-nio-8080-exec-10] WARN  com.accounting.config.RedisConfig - 缓存写入失败，跳过缓存: cache=categories, key=EXPENSE, error=Cannot serialize; nested exception is org.springframework.core.serializer.support.SerializationFailedException: Failed to serialize object using DefaultSerializer; nested exception is java.io.NotSerializableException: com.accounting.entity.Category
2026-05-26 14:49:31 [http-nio-8080-exec-1] INFO  com.accounting.service.BudgetService - 获取当前生效的预算列表
2026-05-26 14:49:31 [http-nio-8080-exec-1] INFO  com.accounting.service.BudgetService - 计算预算使用情况: 1
2026-05-26 14:49:31 [http-nio-8080-exec-1] INFO  com.accounting.service.BudgetService - 根据ID获取预算: 1
2026-05-26 14:49:31 [http-nio-8080-exec-1] INFO  com.accounting.service.BudgetService - 计算预算使用情况: 1
2026-05-26 14:49:31 [http-nio-8080-exec-1] INFO  com.accounting.service.BudgetService - 根据ID获取预算: 1
2026-05-26 14:49:31 [http-nio-8080-exec-5] INFO  c.a.controller.CategoryController - API: 按类型获取分类: EXPENSE
2026-05-26 14:49:31 [http-nio-8080-exec-5] INFO  c.accounting.service.CategoryService - 获取支出分类列表
2026-05-26 14:49:31 [http-nio-8080-exec-1] INFO  c.a.service.DashboardService - 检查异常消费: 月均支出=0.00
2026-05-26 14:49:31 [http-nio-8080-exec-1] WARN  com.accounting.config.RedisConfig - 缓存写入失败，跳过缓存: cache=dashboard, key=data, error=Cannot serialize; nested exception is org.springframework.core.serializer.support.SerializationFailedException: Failed to serialize object using DefaultSerializer; nested exception is java.lang.IllegalArgumentException: DefaultSerializer requires a Serializable payload but received an object of type [com.accounting.dto.DashboardDTO]
2026-05-26 14:49:31 [http-nio-8080-exec-5] WARN  com.accounting.config.RedisConfig - 缓存写入失败，跳过缓存: cache=categories, key=EXPENSE, error=Cannot serialize; nested exception is org.springframework.core.serializer.support.SerializationFailedException: Failed to serialize object using DefaultSerializer; nested exception is java.io.NotSerializableException: com.accounting.entity.Category
2026-05-26 14:49:31 [http-nio-8080-exec-3] INFO  c.a.controller.DashboardController - API: 获取看板数据
2026-05-26 14:49:31 [http-nio-8080-exec-3] INFO  c.a.service.DashboardService - 获取看板数据
2026-05-26 14:49:31 [http-nio-8080-exec-3] INFO  com.accounting.service.BudgetService - 获取当前生效的预算列表
2026-05-26 14:49:31 [http-nio-8080-exec-3] INFO  com.accounting.service.BudgetService - 计算预算使用情况: 1
2026-05-26 14:49:31 [http-nio-8080-exec-3] INFO  com.accounting.service.BudgetService - 根据ID获取预算: 1
2026-05-26 14:49:31 [http-nio-8080-exec-3] INFO  com.accounting.service.BudgetService - 计算预算使用情况: 1
2026-05-26 14:49:31 [http-nio-8080-exec-3] INFO  com.accounting.service.BudgetService - 根据ID获取预算: 1
2026-05-26 14:49:31 [http-nio-8080-exec-3] INFO  c.a.service.DashboardService - 检查异常消费: 月均支出=0.00
2026-05-26 14:49:31 [http-nio-8080-exec-3] WARN  com.accounting.config.RedisConfig - 缓存写入失败，跳过缓存: cache=dashboard, key=data, error=Cannot serialize; nested exception is org.springframework.core.serializer.support.SerializationFailedException: Failed to serialize object using DefaultSerializer; nested exception is java.lang.IllegalArgumentException: DefaultSerializer requires a Serializable payload but received an object of type [com.accounting.dto.DashboardDTO]
2026-05-26 14:49:51 [http-nio-8080-exec-9] INFO  c.a.controller.CategoryController - API: 按类型获取分类: EXPENSE
2026-05-26 14:49:51 [http-nio-8080-exec-8] INFO  c.a.controller.AccountController - API: 获取全部账户
2026-05-26 14:49:51 [http-nio-8080-exec-9] INFO  c.accounting.service.CategoryService - 获取支出分类列表
2026-05-26 14:49:51 [http-nio-8080-exec-8] INFO  c.accounting.service.AccountService - 获取全部账户列表
2026-05-26 14:49:51 [http-nio-8080-exec-2] INFO  c.a.c.BillTemplateController - API: 获取全部模板
2026-05-26 14:49:51 [http-nio-8080-exec-8] WARN  com.accounting.config.RedisConfig - 缓存写入失败，跳过缓存: cache=accounts, key=all, error=Cannot serialize; nested exception is org.springframework.core.serializer.support.SerializationFailedException: Failed to serialize object using DefaultSerializer; nested exception is java.io.NotSerializableException: com.accounting.entity.Account
2026-05-26 14:49:51 [http-nio-8080-exec-9] WARN  com.accounting.config.RedisConfig - 缓存写入失败，跳过缓存: cache=categories, key=EXPENSE, error=Cannot serialize; nested exception is org.springframework.core.serializer.support.SerializationFailedException: Failed to serialize object using DefaultSerializer; nested exception is java.io.NotSerializableException: com.accounting.entity.Category
2026-05-26 14:49:51 [http-nio-8080-exec-2] INFO  c.a.service.BillTemplateService - 获取全部账单模板
2026-05-26 14:49:53 [http-nio-8080-exec-7] INFO  c.a.controller.BillController - API: 获取最近30天的账单
2026-05-26 14:49:53 [http-nio-8080-exec-10] INFO  c.a.controller.CategoryController - API: 按类型获取分类: EXPENSE
2026-05-26 14:49:53 [http-nio-8080-exec-4] INFO  c.a.controller.DashboardController - API: 获取看板数据
2026-05-26 14:49:53 [http-nio-8080-exec-7] INFO  com.accounting.service.BillService - 获取最近30天的账单
2026-05-26 14:49:53 [http-nio-8080-exec-7] DEBUG com.accounting.service.BillService - 从Redis缓存获取最近30天账单
2026-05-26 14:49:53 [http-nio-8080-exec-10] INFO  c.accounting.service.CategoryService - 获取支出分类列表
2026-05-26 14:49:53 [http-nio-8080-exec-4] INFO  c.a.service.DashboardService - 获取看板数据
2026-05-26 14:49:53 [http-nio-8080-exec-10] WARN  com.accounting.config.RedisConfig - 缓存写入失败，跳过缓存: cache=categories, key=EXPENSE, error=Cannot serialize; nested exception is org.springframework.core.serializer.support.SerializationFailedException: Failed to serialize object using DefaultSerializer; nested exception is java.io.NotSerializableException: com.accounting.entity.Category
2026-05-26 14:49:53 [http-nio-8080-exec-4] INFO  com.accounting.service.BudgetService - 获取当前生效的预算列表
2026-05-26 14:49:53 [http-nio-8080-exec-4] INFO  com.accounting.service.BudgetService - 计算预算使用情况: 1
2026-05-26 14:49:53 [http-nio-8080-exec-4] INFO  com.accounting.service.BudgetService - 根据ID获取预算: 1
2026-05-26 14:49:53 [http-nio-8080-exec-4] INFO  com.accounting.service.BudgetService - 计算预算使用情况: 1
2026-05-26 14:49:53 [http-nio-8080-exec-4] INFO  com.accounting.service.BudgetService - 根据ID获取预算: 1
2026-05-26 14:49:53 [http-nio-8080-exec-4] INFO  c.a.service.DashboardService - 检查异常消费: 月均支出=0.00
2026-05-26 14:49:53 [http-nio-8080-exec-4] WARN  com.accounting.config.RedisConfig - 缓存写入失败，跳过缓存: cache=dashboard, key=data, error=Cannot serialize; nested exception is org.springframework.core.serializer.support.SerializationFailedException: Failed to serialize object using DefaultSerializer; nested exception is java.lang.IllegalArgumentException: DefaultSerializer requires a Serializable payload but received an object of type [com.accounting.dto.DashboardDTO]
2026-05-26 14:49:53 [http-nio-8080-exec-1] INFO  c.a.c.BillTemplateController - API: 获取全部模板
2026-05-26 14:49:53 [http-nio-8080-exec-5] INFO  c.a.c.BillTemplateController - API: 获取全部模板
2026-05-26 14:49:54 [http-nio-8080-exec-3] INFO  c.a.controller.DashboardController - API: 获取看板数据
2026-05-26 14:49:54 [http-nio-8080-exec-6] INFO  c.a.controller.BillController - API: 获取最近30天的账单
2026-05-26 14:49:54 [http-nio-8080-exec-6] INFO  com.accounting.service.BillService - 获取最近30天的账单
2026-05-26 14:49:54 [http-nio-8080-exec-3] INFO  c.a.service.DashboardService - 获取看板数据
2026-05-26 14:49:54 [http-nio-8080-exec-9] INFO  c.a.controller.CategoryController - API: 按类型获取分类: EXPENSE
2026-05-26 14:49:54 [http-nio-8080-exec-6] DEBUG com.accounting.service.BillService - 从Redis缓存获取最近30天账单
2026-05-26 14:49:54 [http-nio-8080-exec-9] INFO  c.accounting.service.CategoryService - 获取支出分类列表
2026-05-26 14:49:54 [http-nio-8080-exec-3] INFO  com.accounting.service.BudgetService - 获取当前生效的预算列表
2026-05-26 14:49:54 [http-nio-8080-exec-9] WARN  com.accounting.config.RedisConfig - 缓存写入失败，跳过缓存: cache=categories, key=EXPENSE, error=Cannot serialize; nested exception is org.springframework.core.serializer.support.SerializationFailedException: Failed to serialize object using DefaultSerializer; nested exception is java.io.NotSerializableException: com.accounting.entity.Category
2026-05-26 14:49:54 [http-nio-8080-exec-3] INFO  com.accounting.service.BudgetService - 计算预算使用情况: 1
2026-05-26 14:49:54 [http-nio-8080-exec-3] INFO  com.accounting.service.BudgetService - 根据ID获取预算: 1
2026-05-26 14:49:54 [http-nio-8080-exec-3] INFO  com.accounting.service.BudgetService - 计算预算使用情况: 1
2026-05-26 14:49:54 [http-nio-8080-exec-3] INFO  com.accounting.service.BudgetService - 根据ID获取预算: 1
2026-05-26 14:49:54 [http-nio-8080-exec-3] INFO  c.a.service.DashboardService - 检查异常消费: 月均支出=0.00
2026-05-26 14:49:54 [http-nio-8080-exec-3] WARN  com.accounting.config.RedisConfig - 缓存写入失败，跳过缓存: cache=dashboard, key=data, error=Cannot serialize; nested exception is org.springframework.core.serializer.support.SerializationFailedException: Failed to serialize object using DefaultSerializer; nested exception is java.lang.IllegalArgumentException: DefaultSerializer requires a Serializable payload but received an object of type [com.accounting.dto.DashboardDTO]
2026-05-26 14:49:55 [http-nio-8080-exec-8] INFO  c.a.controller.CategoryController - API: 按类型获取分类: EXPENSE
2026-05-26 14:49:55 [http-nio-8080-exec-8] INFO  c.accounting.service.CategoryService - 获取支出分类列表
2026-05-26 14:49:55 [http-nio-8080-exec-8] WARN  com.accounting.config.RedisConfig - 缓存写入失败，跳过缓存: cache=categories, key=EXPENSE, error=Cannot serialize; nested exception is org.springframework.core.serializer.support.SerializationFailedException: Failed to serialize object using DefaultSerializer; nested exception is java.io.NotSerializableException: com.accounting.entity.Category
2026-05-26 14:49:55 [http-nio-8080-exec-7] INFO  c.a.controller.BillController - API: 获取指定时间范围的账单: 2026-05-01 - 2026-05-31
2026-05-26 14:49:55 [http-nio-8080-exec-7] INFO  com.accounting.service.BillService - 获取指定时间范围的账单: 2026-05-01T00:00 - 2026-05-31T23:59:59
2026-05-26 14:49:55 [http-nio-8080-exec-4] INFO  c.a.controller.BillController - API: 获取指定时间范围的账单: 2026-05-01 - 2026-05-31
2026-05-26 14:49:55 [http-nio-8080-exec-4] INFO  com.accounting.service.BillService - 获取指定时间范围的账单: 2026-05-01T00:00 - 2026-05-31T23:59:59
2026-05-26 14:49:57 [http-nio-8080-exec-1] INFO  c.a.controller.AccountController - API: 获取全部账户
2026-05-26 14:49:57 [http-nio-8080-exec-1] INFO  c.accounting.service.AccountService - 获取全部账户列表
2026-05-26 14:49:57 [http-nio-8080-exec-1] WARN  com.accounting.config.RedisConfig - 缓存写入失败，跳过缓存: cache=accounts, key=all, error=Cannot serialize; nested exception is org.springframework.core.serializer.support.SerializationFailedException: Failed to serialize object using DefaultSerializer; nested exception is java.io.NotSerializableException: com.accounting.entity.Account
2026-05-26 14:49:57 [http-nio-8080-exec-5] INFO  c.a.controller.AccountController - API: 获取全部账户
2026-05-26 14:49:57 [http-nio-8080-exec-5] INFO  c.accounting.service.AccountService - 获取全部账户列表
2026-05-26 14:49:57 [http-nio-8080-exec-5] WARN  com.accounting.config.RedisConfig - 缓存写入失败，跳过缓存: cache=accounts, key=all, error=Cannot serialize; nested exception is org.springframework.core.serializer.support.SerializationFailedException: Failed to serialize object using DefaultSerializer; nested exception is java.io.NotSerializableException: com.accounting.entity.Account
2026-05-26 14:50:13 [http-nio-8080-exec-6] INFO  c.a.controller.CategoryController - API: 获取全部分类
2026-05-26 14:50:13 [http-nio-8080-exec-6] INFO  c.accounting.service.CategoryService - 获取全部分类列表
2026-05-26 14:50:13 [http-nio-8080-exec-6] WARN  com.accounting.config.RedisConfig - 缓存写入失败，跳过缓存: cache=categories, key=all, error=Cannot serialize; nested exception is org.springframework.core.serializer.support.SerializationFailedException: Failed to serialize object using DefaultSerializer; nested exception is java.io.NotSerializableException: com.accounting.entity.Category
2026-05-26 14:50:13 [http-nio-8080-exec-9] INFO  c.a.controller.CategoryController - API: 获取全部分类
2026-05-26 14:50:13 [http-nio-8080-exec-9] INFO  c.accounting.service.CategoryService - 获取全部分类列表
2026-05-26 14:50:13 [http-nio-8080-exec-9] WARN  com.accounting.config.RedisConfig - 缓存写入失败，跳过缓存: cache=categories, key=all, error=Cannot serialize; nested exception is org.springframework.core.serializer.support.SerializationFailedException: Failed to serialize object using DefaultSerializer; nested exception is java.io.NotSerializableException: com.accounting.entity.Category
